-- MariaDB dump 10.19  Distrib 10.8.3-MariaDB, for osx10.17 (x86_64)
--
-- Host: localhost    Database: thesis_public
-- ------------------------------------------------------
-- Server version	10.8.3-MariaDB

/*!40101 SET @OLD_CHARACTER_SET_CLIENT=@@CHARACTER_SET_CLIENT */;
/*!40101 SET @OLD_CHARACTER_SET_RESULTS=@@CHARACTER_SET_RESULTS */;
/*!40101 SET @OLD_COLLATION_CONNECTION=@@COLLATION_CONNECTION */;
/*!40101 SET NAMES utf8mb4 */;
/*!40103 SET @OLD_TIME_ZONE=@@TIME_ZONE */;
/*!40103 SET TIME_ZONE='+00:00' */;
/*!40014 SET @OLD_UNIQUE_CHECKS=@@UNIQUE_CHECKS, UNIQUE_CHECKS=0 */;
/*!40014 SET @OLD_FOREIGN_KEY_CHECKS=@@FOREIGN_KEY_CHECKS, FOREIGN_KEY_CHECKS=0 */;
/*!40101 SET @OLD_SQL_MODE=@@SQL_MODE, SQL_MODE='NO_AUTO_VALUE_ON_ZERO' */;
/*!40111 SET @OLD_SQL_NOTES=@@SQL_NOTES, SQL_NOTES=0 */;

--
-- Table structure for table `auth_mechanism`
--

DROP TABLE IF EXISTS `auth_mechanism`;
/*!40101 SET @saved_cs_client     = @@character_set_client */;
/*!40101 SET character_set_client = utf8 */;
CREATE TABLE `auth_mechanism` (
  `id` int(11) NOT NULL AUTO_INCREMENT,
  `name` varchar(255) DEFAULT NULL,
  PRIMARY KEY (`id`)
) ENGINE=InnoDB AUTO_INCREMENT=59 DEFAULT CHARSET=utf8mb4;
/*!40101 SET character_set_client = @saved_cs_client */;

--
-- Dumping data for table `auth_mechanism`
--

LOCK TABLES `auth_mechanism` WRITE;
/*!40000 ALTER TABLE `auth_mechanism` DISABLE KEYS */;
INSERT INTO `auth_mechanism` VALUES
(13,'oauth'),
(14,'saml'),
(15,'ldap'),
(16,'pam'),
(17,'totp'),
(18,'ssh keys'),
(21,'header'),
(28,'kerberos'),
(29,'freeradius'),
(39,'private keys'),
(41,'https client certificate'),
(43,'cloudflare'),
(55,'uncategorised'),
(56,'reverse proxy'),
(57,'miscellaneous');
/*!40000 ALTER TABLE `auth_mechanism` ENABLE KEYS */;
UNLOCK TABLES;

--
-- Table structure for table `auth_mechanism_link`
--

DROP TABLE IF EXISTS `auth_mechanism_link`;
/*!40101 SET @saved_cs_client     = @@character_set_client */;
/*!40101 SET character_set_client = utf8 */;
CREATE TABLE `auth_mechanism_link` (
  `response` int(11) NOT NULL,
  `entity` int(11) NOT NULL,
  PRIMARY KEY (`response`,`entity`),
  KEY `entity` (`entity`),
  CONSTRAINT `auth_mechanism_link_ibfk_1` FOREIGN KEY (`response`) REFERENCES `responses` (`id`) ON DELETE CASCADE ON UPDATE CASCADE,
  CONSTRAINT `auth_mechanism_link_ibfk_2` FOREIGN KEY (`entity`) REFERENCES `auth_mechanism` (`id`) ON DELETE CASCADE ON UPDATE CASCADE
) ENGINE=InnoDB DEFAULT CHARSET=utf8mb4;
/*!40101 SET character_set_client = @saved_cs_client */;

--
-- Dumping data for table `auth_mechanism_link`
--

LOCK TABLES `auth_mechanism_link` WRITE;
/*!40000 ALTER TABLE `auth_mechanism_link` DISABLE KEYS */;
INSERT INTO `auth_mechanism_link` VALUES
(4722,13),
(4722,15),
(4722,16),
(4723,13),
(4723,14),
(4724,13),
(4724,14),
(4724,15),
(4724,16),
(4728,13),
(4728,14),
(4728,15),
(4728,16),
(4732,13),
(4732,14),
(4732,15),
(4737,13),
(4737,16),
(4737,17),
(4738,14),
(4738,15),
(4744,15),
(4744,18),
(4745,13),
(4753,55),
(4768,15),
(4769,55),
(4770,13),
(4773,15),
(4781,13),
(4782,13),
(4788,15),
(4791,13),
(4791,15),
(4797,15),
(4812,13),
(4812,15),
(4812,16),
(4819,13),
(4819,15),
(4820,16),
(4827,15),
(4827,16),
(4828,13),
(4841,13),
(4841,14),
(4841,16),
(4843,21),
(4845,15),
(4848,15),
(4849,16),
(4851,13),
(4860,13),
(4860,14),
(4861,13),
(4861,15),
(4866,13),
(4868,13),
(4868,15),
(4871,15),
(4874,13),
(4874,14),
(4879,15),
(4881,13),
(4884,55),
(4885,14),
(4886,55),
(4887,13),
(4897,13),
(4898,13),
(4898,15),
(4899,13),
(4899,14),
(4899,15),
(4900,13),
(4903,15),
(4903,16),
(4908,13),
(4909,13),
(4909,15),
(4918,15),
(4920,13),
(4921,13),
(4921,14),
(4921,15),
(4927,13),
(4933,13),
(4933,15),
(4933,16),
(4934,15),
(4936,55),
(4941,13),
(4941,14),
(4941,15),
(4943,15),
(4950,14),
(4950,15),
(4956,13),
(4958,13),
(4968,13),
(4973,55),
(4977,15),
(4988,13),
(4988,15),
(4988,16),
(4991,13),
(4991,56),
(5005,15),
(5013,13),
(5013,14),
(5013,15),
(5013,28),
(5019,29),
(5020,13),
(5025,15),
(5026,13),
(5026,14),
(5026,15),
(5029,15),
(5030,13),
(5031,56),
(5042,13),
(5042,14),
(5042,15),
(5042,56),
(5044,13),
(5044,14),
(5044,15),
(5044,56),
(5045,15),
(5061,13),
(5061,15),
(5061,16),
(5068,13),
(5068,14),
(5068,15),
(5068,16),
(5071,13),
(5071,14),
(5071,15),
(5074,13),
(5076,15),
(5082,13),
(5082,15),
(5092,13),
(5092,15),
(5092,16),
(5093,13),
(5093,14),
(5094,13),
(5101,13),
(5102,15),
(5110,55),
(5117,15),
(5118,14),
(5118,15),
(5120,13),
(5122,15),
(5125,15),
(5126,13),
(5127,15),
(5129,15),
(5130,13),
(5130,14),
(5133,15),
(5137,13),
(5137,14),
(5137,15),
(5139,15),
(5139,16),
(5140,13),
(5140,14),
(5140,15),
(5146,15),
(5148,13),
(5148,15),
(5149,15),
(5158,13),
(5163,16),
(5163,55),
(5164,15),
(5165,55),
(5167,13),
(5168,13),
(5168,14),
(5168,15),
(5168,16),
(5171,13),
(5171,14),
(5171,15),
(5179,15),
(5181,13),
(5181,14),
(5181,15),
(5187,15),
(5188,15),
(5191,13),
(5192,13),
(5192,15),
(5192,16),
(5195,15),
(5196,13),
(5196,14),
(5196,15),
(5196,16),
(5197,15),
(5199,14),
(5199,15),
(5200,15),
(5202,13),
(5203,56),
(5205,13),
(5210,15),
(5213,13),
(5213,14),
(5219,15),
(5235,15),
(5237,15),
(5240,55),
(5256,15),
(5256,16),
(5262,15),
(5262,16),
(5263,13),
(5264,13),
(5266,15),
(5279,21),
(5280,15),
(5288,15),
(5290,13),
(5290,14),
(5291,15),
(5293,15),
(5298,15),
(5300,13),
(5300,15),
(5301,13),
(5301,14),
(5301,15),
(5303,55),
(5305,13),
(5305,15),
(5305,55),
(5312,15),
(5325,14),
(5325,15),
(5330,13),
(5330,14),
(5330,15),
(5332,15),
(5342,15),
(5346,13),
(5348,13),
(5348,15),
(5350,13),
(5350,15),
(5350,21),
(5350,56),
(5351,13),
(5351,14),
(5351,15),
(5353,14),
(5353,15),
(5364,13),
(5364,15),
(5367,13),
(5367,14),
(5370,13),
(5370,14),
(5370,15),
(5371,55),
(5373,13),
(5373,14),
(5373,15),
(5376,56),
(5382,39),
(5389,13),
(5393,39),
(5394,13),
(5401,15),
(5401,56),
(5414,13),
(5414,15),
(5414,16),
(5417,13),
(5417,14),
(5417,15),
(5417,16),
(5417,28),
(5429,14),
(5438,15),
(5440,15),
(5443,15),
(5446,13),
(5446,14),
(5446,15),
(5446,16),
(5448,13),
(5448,15),
(5449,13),
(5449,15),
(5450,13),
(5450,14),
(5450,15),
(5450,16),
(5452,13),
(5455,15),
(5461,13),
(5461,15),
(5462,13),
(5462,14),
(5462,15),
(5462,16),
(5463,15),
(5465,15),
(5469,13),
(5472,13),
(5477,55),
(5481,13),
(5492,13),
(5493,13),
(5493,15),
(5494,15),
(5497,15),
(5501,13),
(5501,14),
(5501,15),
(5501,16),
(5514,41),
(5518,16),
(5521,13),
(5521,15),
(5523,13),
(5526,15),
(5531,14),
(5531,15),
(5537,13),
(5538,13),
(5541,13),
(5542,13),
(5547,13),
(5547,15),
(5551,57),
(5556,13),
(5562,15),
(5563,13),
(5563,15),
(5564,15),
(5569,13),
(5573,13),
(5573,15),
(5584,15),
(5587,15),
(5590,15),
(5591,15),
(5596,13),
(5597,15),
(5605,43),
(5614,15),
(5616,13),
(5617,15),
(5621,15),
(5631,13),
(5646,15),
(5647,15),
(5648,13),
(5648,14),
(5648,15),
(5648,16),
(5652,16),
(5654,56),
(5663,15),
(5664,13),
(5667,15),
(5668,13),
(5668,55),
(5683,14),
(5684,13),
(5684,14),
(5684,15),
(5684,57),
(5691,13),
(5695,13),
(5695,14),
(5695,15),
(5698,13),
(5698,16),
(5706,13),
(5707,15),
(5708,13),
(5712,15),
(5712,16),
(5718,15),
(5718,16),
(5721,15),
(5722,15),
(5722,16),
(5727,13),
(5727,15),
(5729,15),
(5732,28),
(5732,56),
(5735,57),
(5751,13),
(5753,15),
(5754,15),
(5757,15),
(5757,16),
(5757,28),
(5758,55),
(5760,14),
(5760,15),
(5764,13),
(5764,15),
(5774,13),
(5776,15),
(5777,13),
(5777,14),
(5783,13),
(5786,13),
(5790,15),
(5793,15),
(5803,14),
(5803,15),
(5805,14),
(5805,15),
(5811,15),
(5811,16),
(5813,13),
(5813,16),
(5814,13),
(5814,15),
(5814,16),
(5822,13),
(5826,13),
(5826,14),
(5826,15),
(5830,15),
(5842,15),
(5845,13),
(5848,57),
(5850,15),
(5853,15),
(5861,13),
(5861,14),
(5861,15),
(5862,13),
(5862,14),
(5864,15),
(5865,15),
(5866,15),
(5867,13),
(5868,13),
(5871,13),
(5874,15),
(5875,15),
(5876,13),
(5880,15),
(5880,16),
(5889,55),
(5890,13),
(5892,15),
(5893,13),
(5918,13),
(5920,13),
(5922,13),
(5932,13),
(5932,14),
(5932,15),
(5937,13),
(5937,15),
(5938,13),
(5947,15),
(5956,14),
(5956,15),
(5959,13),
(6292,13),
(6493,13),
(6556,15),
(6586,13);
/*!40000 ALTER TABLE `auth_mechanism_link` ENABLE KEYS */;
UNLOCK TABLES;

--
-- Table structure for table `auth_service`
--

DROP TABLE IF EXISTS `auth_service`;
/*!40101 SET @saved_cs_client     = @@character_set_client */;
/*!40101 SET character_set_client = utf8 */;
CREATE TABLE `auth_service` (
  `id` int(11) NOT NULL AUTO_INCREMENT,
  `name` varchar(255) DEFAULT NULL,
  PRIMARY KEY (`id`)
) ENGINE=InnoDB AUTO_INCREMENT=6 DEFAULT CHARSET=utf8mb4;
/*!40101 SET character_set_client = @saved_cs_client */;

--
-- Dumping data for table `auth_service`
--

LOCK TABLES `auth_service` WRITE;
/*!40000 ALTER TABLE `auth_service` DISABLE KEYS */;
INSERT INTO `auth_service` VALUES
(1,'yes'),
(2,'yes, but it doesn\'t work for everything'),
(3,'no');
/*!40000 ALTER TABLE `auth_service` ENABLE KEYS */;
UNLOCK TABLES;

--
-- Table structure for table `cicd`
--

DROP TABLE IF EXISTS `cicd`;
/*!40101 SET @saved_cs_client     = @@character_set_client */;
/*!40101 SET character_set_client = utf8 */;
CREATE TABLE `cicd` (
  `id` int(11) NOT NULL AUTO_INCREMENT,
  `name` varchar(255) DEFAULT NULL,
  PRIMARY KEY (`id`)
) ENGINE=InnoDB AUTO_INCREMENT=62 DEFAULT CHARSET=utf8mb4;
/*!40101 SET character_set_client = @saved_cs_client */;

--
-- Dumping data for table `cicd`
--

LOCK TABLES `cicd` WRITE;
/*!40000 ALTER TABLE `cicd` DISABLE KEYS */;
INSERT INTO `cicd` VALUES
(1,'jenkins'),
(2,'gitlab'),
(3,'none'),
(6,'drone'),
(7,'bamboo'),
(10,'gocd'),
(14,'woodpecker'),
(15,'circleci'),
(19,'octopus'),
(20,'argocd'),
(24,'teamcity'),
(39,'travis'),
(43,'concourse'),
(58,'fluxcd'),
(60,'uncategorised'),
(61,'miscellaneous');
/*!40000 ALTER TABLE `cicd` ENABLE KEYS */;
UNLOCK TABLES;

--
-- Table structure for table `cicd_link`
--

DROP TABLE IF EXISTS `cicd_link`;
/*!40101 SET @saved_cs_client     = @@character_set_client */;
/*!40101 SET character_set_client = utf8 */;
CREATE TABLE `cicd_link` (
  `response` int(11) NOT NULL,
  `entity` int(11) NOT NULL,
  PRIMARY KEY (`response`,`entity`),
  KEY `entity` (`entity`),
  CONSTRAINT `cicd_link_ibfk_1` FOREIGN KEY (`response`) REFERENCES `responses` (`id`) ON DELETE CASCADE ON UPDATE CASCADE,
  CONSTRAINT `cicd_link_ibfk_2` FOREIGN KEY (`entity`) REFERENCES `cicd` (`id`) ON DELETE CASCADE ON UPDATE CASCADE
) ENGINE=InnoDB DEFAULT CHARSET=utf8mb4;
/*!40101 SET character_set_client = @saved_cs_client */;

--
-- Dumping data for table `cicd_link`
--

LOCK TABLES `cicd_link` WRITE;
/*!40000 ALTER TABLE `cicd_link` DISABLE KEYS */;
INSERT INTO `cicd_link` VALUES
(4727,1),
(4728,1),
(4729,2),
(4730,3),
(4731,1),
(4732,2),
(4732,6),
(4733,60),
(4734,3),
(4736,2),
(4737,2),
(4738,2),
(4741,3),
(4743,3),
(4744,3),
(4745,2),
(4747,3),
(4749,3),
(4750,3),
(4752,2),
(4753,3),
(4754,3),
(4755,1),
(4760,3),
(4761,6),
(4762,3),
(4763,3),
(4770,3),
(4771,2),
(4772,3),
(4773,1),
(4773,2),
(4774,1),
(4775,3),
(4776,6),
(4777,2),
(4779,3),
(4781,3),
(4782,3),
(4786,3),
(4787,3),
(4790,3),
(4792,1),
(4793,3),
(4796,3),
(4802,3),
(4805,3),
(4806,7),
(4807,1),
(4808,2),
(4809,3),
(4810,3),
(4811,3),
(4813,3),
(4818,3),
(4819,3),
(4820,1),
(4822,3),
(4827,2),
(4829,2),
(4829,3),
(4831,3),
(4833,3),
(4835,2),
(4837,3),
(4838,3),
(4841,3),
(4843,2),
(4843,6),
(4844,3),
(4845,1),
(4845,2),
(4845,60),
(4848,3),
(4851,2),
(4853,1),
(4854,3),
(4855,10),
(4857,3),
(4859,3),
(4860,3),
(4861,2),
(4864,3),
(4865,2),
(4867,2),
(4868,1),
(4869,3),
(4870,3),
(4872,3),
(4873,3),
(4874,2),
(4875,3),
(4876,3),
(4877,3),
(4878,3),
(4881,1),
(4881,2),
(4885,2),
(4886,2),
(4888,3),
(4889,2),
(4890,3),
(4896,2),
(4896,60),
(4897,2),
(4898,60),
(4899,6),
(4901,3),
(4902,3),
(4903,2),
(4906,1),
(4906,2),
(4907,3),
(4908,2),
(4909,1),
(4913,3),
(4916,3),
(4918,2),
(4919,3),
(4920,6),
(4926,14),
(4927,2),
(4929,2),
(4932,3),
(4933,3),
(4935,2),
(4938,3),
(4940,2),
(4941,2),
(4943,2),
(4944,3),
(4945,15),
(4947,2),
(4948,3),
(4950,1),
(4950,2),
(4951,3),
(4952,3),
(4955,3),
(4957,3),
(4958,2),
(4961,1),
(4964,3),
(4965,2),
(4966,2),
(4966,6),
(4967,3),
(4969,2),
(4972,3),
(4975,2),
(4978,3),
(4980,3),
(4983,2),
(4983,60),
(4984,3),
(4986,3),
(4987,3),
(4991,61),
(4992,3),
(4993,3),
(4995,3),
(4998,3),
(4999,3),
(5000,2),
(5003,3),
(5004,3),
(5006,3),
(5007,3),
(5008,2),
(5009,3),
(5011,3),
(5012,3),
(5013,1),
(5014,6),
(5015,3),
(5016,3),
(5018,1),
(5019,61),
(5020,19),
(5022,3),
(5025,1),
(5030,1),
(5031,3),
(5032,20),
(5033,3),
(5034,2),
(5035,2),
(5040,1),
(5042,3),
(5043,3),
(5044,3),
(5045,1),
(5047,3),
(5050,3),
(5052,3),
(5053,2),
(5054,3),
(5055,3),
(5056,3),
(5057,3),
(5058,3),
(5059,3),
(5060,3),
(5064,3),
(5068,2),
(5069,1),
(5070,3),
(5071,2),
(5076,3),
(5077,2),
(5081,2),
(5082,3),
(5084,60),
(5086,1),
(5087,2),
(5089,3),
(5091,1),
(5092,20),
(5093,3),
(5094,3),
(5098,3),
(5099,3),
(5102,2),
(5102,60),
(5104,3),
(5109,1),
(5109,2),
(5110,3),
(5112,3),
(5113,2),
(5114,43),
(5115,2),
(5118,2),
(5121,1),
(5122,2),
(5123,1),
(5123,15),
(5126,1),
(5126,2),
(5130,2),
(5134,3),
(5136,3),
(5139,2),
(5139,61),
(5140,2),
(5141,60),
(5142,3),
(5143,24),
(5148,3),
(5149,1),
(5150,3),
(5153,1),
(5155,2),
(5161,3),
(5162,1),
(5163,3),
(5165,1),
(5166,2),
(5170,1),
(5171,1),
(5177,3),
(5178,2),
(5181,3),
(5182,1),
(5183,3),
(5185,2),
(5186,3),
(5188,2),
(5189,2),
(5191,3),
(5192,3),
(5194,3),
(5196,6),
(5198,3),
(5199,2),
(5202,2),
(5203,3),
(5204,1),
(5205,3),
(5206,3),
(5207,6),
(5208,3),
(5209,2),
(5210,3),
(5211,3),
(5212,3),
(5213,60),
(5214,3),
(5216,3),
(5217,3),
(5218,2),
(5219,1),
(5223,3),
(5227,3),
(5229,1),
(5230,1),
(5233,3),
(5234,2),
(5235,2),
(5239,3),
(5243,3),
(5245,3),
(5247,60),
(5250,3),
(5251,3),
(5252,2),
(5255,3),
(5257,2),
(5258,3),
(5260,3),
(5261,3),
(5264,3),
(5265,3),
(5266,3),
(5268,3),
(5270,2),
(5272,3),
(5273,1),
(5273,2),
(5275,2),
(5276,3),
(5277,2),
(5278,6),
(5279,2),
(5280,61),
(5283,3),
(5285,2),
(5286,3),
(5290,1),
(5295,2),
(5296,3),
(5297,3),
(5298,2),
(5299,3),
(5300,1),
(5300,2),
(5301,1),
(5301,2),
(5304,3),
(5306,61),
(5308,3),
(5310,1),
(5312,3),
(5316,3),
(5317,3),
(5318,2),
(5320,6),
(5321,60),
(5323,3),
(5324,3),
(5325,1),
(5326,14),
(5327,2),
(5328,2),
(5328,15),
(5331,3),
(5333,6),
(5334,3),
(5336,3),
(5339,3),
(5342,3),
(5344,3),
(5345,2),
(5346,2),
(5347,2),
(5348,1),
(5348,60),
(5349,3),
(5350,3),
(5351,60),
(5353,3),
(5355,3),
(5356,2),
(5359,1),
(5360,3),
(5361,2),
(5363,2),
(5365,2),
(5366,3),
(5367,1),
(5370,1),
(5370,2),
(5371,2),
(5372,61),
(5374,3),
(5375,3),
(5378,3),
(5379,3),
(5382,3),
(5383,1),
(5389,61),
(5390,3),
(5391,3),
(5392,2),
(5393,60),
(5394,6),
(5395,3),
(5397,3),
(5398,3),
(5399,3),
(5400,3),
(5401,3),
(5402,2),
(5403,3),
(5406,60),
(5409,3),
(5410,3),
(5412,3),
(5413,3),
(5413,60),
(5414,6),
(5417,2),
(5418,3),
(5419,3),
(5421,3),
(5422,3),
(5424,3),
(5426,60),
(5427,6),
(5428,3),
(5429,3),
(5430,3),
(5431,2),
(5432,6),
(5434,2),
(5438,3),
(5439,3),
(5441,2),
(5442,3),
(5448,2),
(5449,6),
(5450,2),
(5452,3),
(5454,3),
(5455,2),
(5458,3),
(5459,3),
(5461,3),
(5462,1),
(5464,3),
(5465,3),
(5468,3),
(5469,39),
(5470,3),
(5472,2),
(5475,2),
(5475,15),
(5479,3),
(5480,2),
(5483,2),
(5486,2),
(5488,3),
(5489,3),
(5490,3),
(5493,2),
(5494,3),
(5495,2),
(5496,3),
(5497,2),
(5500,3),
(5501,1),
(5502,1),
(5502,15),
(5505,3),
(5508,3),
(5513,3),
(5515,3),
(5518,3),
(5519,3),
(5521,1),
(5524,3),
(5525,2),
(5526,1),
(5526,2),
(5528,2),
(5529,1),
(5536,3),
(5538,1),
(5539,2),
(5544,3),
(5546,3),
(5549,1),
(5551,2),
(5553,3),
(5554,60),
(5555,3),
(5556,2),
(5558,2),
(5559,3),
(5561,6),
(5562,2),
(5563,2),
(5564,3),
(5565,6),
(5566,60),
(5567,2),
(5568,3),
(5569,2),
(5569,60),
(5570,3),
(5571,60),
(5572,3),
(5573,2),
(5574,1),
(5574,2),
(5577,1),
(5578,3),
(5579,3),
(5580,6),
(5582,3),
(5583,3),
(5585,3),
(5586,2),
(5587,3),
(5588,2),
(5589,2),
(5590,3),
(5591,2),
(5594,1),
(5595,3),
(5596,6),
(5597,1),
(5599,3),
(5600,3),
(5601,2),
(5604,3),
(5605,2),
(5607,3),
(5609,2),
(5611,2),
(5613,60),
(5615,3),
(5616,3),
(5621,2),
(5622,3),
(5623,3),
(5624,43),
(5626,3),
(5627,3),
(5628,3),
(5631,2),
(5634,3),
(5636,20),
(5637,2),
(5639,3),
(5640,3),
(5642,3),
(5643,3),
(5646,2),
(5647,2),
(5648,3),
(5650,3),
(5652,1),
(5653,1),
(5658,2),
(5660,1),
(5661,3),
(5664,3),
(5665,2),
(5666,2),
(5667,3),
(5669,2),
(5674,2),
(5675,2),
(5676,6),
(5677,3),
(5678,3),
(5679,3),
(5681,3),
(5683,2),
(5684,2),
(5686,3),
(5687,3),
(5691,3),
(5692,3),
(5693,3),
(5694,3),
(5701,3),
(5702,2),
(5703,3),
(5704,3),
(5705,60),
(5707,2),
(5709,3),
(5712,2),
(5713,3),
(5714,3),
(5716,1),
(5716,60),
(5717,3),
(5718,3),
(5721,2),
(5721,6),
(5722,3),
(5724,3),
(5725,3),
(5727,3),
(5728,1),
(5729,2),
(5731,2),
(5734,3),
(5738,3),
(5740,2),
(5749,3),
(5750,1),
(5751,1),
(5751,2),
(5754,2),
(5755,1),
(5756,3),
(5757,2),
(5760,2),
(5761,1),
(5762,2),
(5764,2),
(5766,1),
(5767,2),
(5769,1),
(5769,60),
(5771,1),
(5771,60),
(5772,3),
(5773,3),
(5774,1),
(5777,2),
(5780,3),
(5781,2),
(5783,3),
(5785,3),
(5787,3),
(5789,2),
(5789,15),
(5789,39),
(5790,3),
(5791,3),
(5792,3),
(5793,3),
(5796,3),
(5801,3),
(5803,3),
(5804,3),
(5806,2),
(5808,3),
(5811,1),
(5811,2),
(5813,2),
(5816,3),
(5817,3),
(5818,3),
(5822,1),
(5824,1),
(5826,1),
(5826,2),
(5829,2),
(5829,6),
(5830,3),
(5832,3),
(5833,3),
(5834,3),
(5837,3),
(5838,1),
(5839,1),
(5841,3),
(5842,2),
(5845,3),
(5848,3),
(5852,1),
(5852,2),
(5854,6),
(5858,3),
(5859,3),
(5861,2),
(5862,2),
(5864,60),
(5865,2),
(5866,2),
(5867,3),
(5868,3),
(5869,2),
(5870,60),
(5871,6),
(5872,1),
(5873,2),
(5873,24),
(5874,2),
(5875,3),
(5876,1),
(5877,2),
(5880,2),
(5881,60),
(5882,2),
(5883,14),
(5885,3),
(5886,3),
(5887,2),
(5888,2),
(5889,61),
(5890,3),
(5893,1),
(5897,60),
(5898,1),
(5899,1),
(5901,3),
(5904,3),
(5906,1),
(5908,3),
(5909,1),
(5909,2),
(5911,3),
(5912,3),
(5913,2),
(5914,3),
(5916,2),
(5918,1),
(5923,2),
(5929,2),
(5932,2),
(5933,1),
(5933,6),
(5935,3),
(5936,3),
(5937,3),
(5938,2),
(5939,3),
(5943,2),
(5945,3),
(5948,3),
(5950,2),
(5951,60),
(5952,3),
(5954,3),
(5956,3),
(5957,3),
(5959,14),
(5964,2),
(5970,3),
(5971,3),
(5981,3),
(5985,3),
(5986,3),
(5988,61),
(5992,3),
(5996,60),
(5998,3),
(5999,2),
(6005,1),
(6006,14),
(6008,1),
(6017,6),
(6023,2),
(6024,3),
(6026,2),
(6036,2),
(6044,6),
(6045,3),
(6050,2),
(6051,1),
(6060,3),
(6061,3),
(6068,2),
(6074,3),
(6075,2),
(6078,3),
(6088,3),
(6090,2),
(6096,2),
(6105,3),
(6106,2),
(6107,2),
(6111,3),
(6114,2),
(6121,2),
(6125,3),
(6127,2),
(6131,3),
(6137,3),
(6141,3),
(6142,1),
(6142,2),
(6143,2),
(6143,60),
(6146,3),
(6147,1),
(6148,1),
(6149,3),
(6152,3),
(6163,2),
(6164,3),
(6165,3),
(6166,3),
(6167,1),
(6168,2),
(6177,3),
(6178,3),
(6181,2),
(6192,3),
(6193,3),
(6195,1),
(6195,2),
(6198,3),
(6200,3),
(6208,3),
(6214,3),
(6215,1),
(6219,2),
(6223,3),
(6227,2),
(6230,1),
(6230,2),
(6231,3),
(6237,3),
(6245,3),
(6251,43),
(6252,3),
(6261,3),
(6263,2),
(6264,6),
(6268,3),
(6269,1),
(6273,3),
(6275,3),
(6281,61),
(6283,2),
(6284,3),
(6289,2),
(6290,3),
(6291,2),
(6292,3),
(6299,3),
(6301,2),
(6305,3),
(6306,2),
(6312,1),
(6321,3),
(6322,3),
(6323,2),
(6323,60),
(6325,2),
(6327,1),
(6328,61),
(6331,3),
(6338,3),
(6340,3),
(6341,2),
(6343,1),
(6343,2),
(6352,1),
(6355,43),
(6357,1),
(6360,3),
(6361,3),
(6363,3),
(6364,3),
(6365,2),
(6366,3),
(6371,3),
(6372,3),
(6373,3),
(6374,3),
(6378,3),
(6379,3),
(6384,3),
(6385,3),
(6391,3),
(6398,3),
(6408,3),
(6410,3),
(6412,3),
(6413,1),
(6414,3),
(6416,2),
(6421,3),
(6424,1),
(6428,2),
(6429,3),
(6430,3),
(6437,3),
(6439,3),
(6440,60),
(6442,1),
(6453,39),
(6461,3),
(6467,2),
(6471,1),
(6471,2),
(6477,3),
(6478,3),
(6480,1),
(6487,3),
(6491,2),
(6493,2),
(6507,2),
(6509,1),
(6511,1),
(6511,2),
(6513,1),
(6518,1),
(6519,2),
(6521,3),
(6522,3),
(6523,2),
(6524,3),
(6528,1),
(6531,1),
(6531,60),
(6533,3),
(6535,3),
(6536,3),
(6539,3),
(6542,3),
(6547,3),
(6553,60),
(6559,58),
(6561,6),
(6563,2),
(6565,2),
(6568,3),
(6569,1),
(6570,3),
(6571,3),
(6572,3),
(6573,2),
(6576,1),
(6577,2),
(6578,2),
(6579,2),
(6579,15),
(6580,1),
(6585,3),
(6586,3),
(6588,3),
(6589,3),
(6592,3),
(6597,3),
(6598,1),
(6602,3),
(6604,2),
(6607,2),
(6610,3),
(6611,3),
(6613,3),
(6615,6),
(6624,3),
(6628,3),
(6636,2),
(6641,6),
(6643,6),
(6643,14),
(6646,1),
(6646,2),
(6647,2),
(6650,2),
(6652,1),
(6652,2),
(6655,2),
(6658,3),
(6659,2),
(6659,6),
(6668,2),
(6671,3),
(6673,3),
(6678,3),
(6684,3),
(6694,3),
(6699,2),
(6700,3),
(6701,2),
(6710,3),
(6717,2),
(6718,1),
(6719,1),
(6719,2),
(6719,15),
(6724,3),
(6727,3),
(6730,3),
(6733,3),
(6739,2),
(6741,3),
(6745,3),
(6748,2),
(6752,2),
(6753,2),
(6756,3),
(6757,3),
(6763,2),
(6766,3),
(6771,3),
(6774,3),
(6781,2),
(6784,3),
(6786,3),
(6792,2),
(6795,3),
(6799,2),
(6800,2),
(6801,3),
(6804,3);
/*!40000 ALTER TABLE `cicd_link` ENABLE KEYS */;
UNLOCK TABLES;

--
-- Table structure for table `container_manager`
--

DROP TABLE IF EXISTS `container_manager`;
/*!40101 SET @saved_cs_client     = @@character_set_client */;
/*!40101 SET character_set_client = utf8 */;
CREATE TABLE `container_manager` (
  `id` int(11) NOT NULL AUTO_INCREMENT,
  `name` varchar(255) DEFAULT NULL,
  PRIMARY KEY (`id`)
) ENGINE=InnoDB AUTO_INCREMENT=151 DEFAULT CHARSET=utf8mb4;
/*!40101 SET character_set_client = @saved_cs_client */;

--
-- Dumping data for table `container_manager`
--

LOCK TABLES `container_manager` WRITE;
/*!40000 ALTER TABLE `container_manager` DISABLE KEYS */;
INSERT INTO `container_manager` VALUES
(2,'portainer'),
(3,'yes'),
(4,'no, I manage them manually'),
(5,'docker-compose'),
(6,'ansible'),
(8,'proxmox'),
(10,'nomad'),
(12,'truenas'),
(13,'docker swarm'),
(17,'unraid'),
(35,'synology docker'),
(50,'cockpit'),
(55,'iocage'),
(63,'bastillebsd'),
(70,'yacht'),
(79,'uncategorised'),
(80,'miscellaneous'),
(111,'dockercompose and watchtower'),
(116,'caprover'),
(134,'cloudron'),
(138,'podman'),
(142,'pterodactyl');
/*!40000 ALTER TABLE `container_manager` ENABLE KEYS */;
UNLOCK TABLES;

--
-- Table structure for table `container_system`
--

DROP TABLE IF EXISTS `container_system`;
/*!40101 SET @saved_cs_client     = @@character_set_client */;
/*!40101 SET character_set_client = utf8 */;
CREATE TABLE `container_system` (
  `id` int(11) NOT NULL AUTO_INCREMENT,
  `name` varchar(255) DEFAULT NULL,
  PRIMARY KEY (`id`)
) ENGINE=InnoDB AUTO_INCREMENT=82 DEFAULT CHARSET=utf8mb4;
/*!40101 SET character_set_client = @saved_cs_client */;

--
-- Dumping data for table `container_system`
--

LOCK TABLES `container_system` WRITE;
/*!40000 ALTER TABLE `container_system` DISABLE KEYS */;
INSERT INTO `container_system` VALUES
(6,'docker'),
(8,'podman'),
(11,'lxc'),
(19,'jails'),
(24,'chroot jails'),
(29,'containerd'),
(31,'kvm'),
(39,'nixos provided containers'),
(45,'systemd-nspawn'),
(46,'virtual machines'),
(55,'freebsd jails'),
(56,'singularity'),
(59,'bubblewrap'),
(66,'smartos zones (branded and native)'),
(74,'uncategorised'),
(75,'miscellaneous');
/*!40000 ALTER TABLE `container_system` ENABLE KEYS */;
UNLOCK TABLES;

--
-- Table structure for table `container_system_link`
--

DROP TABLE IF EXISTS `container_system_link`;
/*!40101 SET @saved_cs_client     = @@character_set_client */;
/*!40101 SET character_set_client = utf8 */;
CREATE TABLE `container_system_link` (
  `response` int(11) NOT NULL,
  `entity` int(11) NOT NULL,
  PRIMARY KEY (`response`,`entity`),
  KEY `entity` (`entity`),
  CONSTRAINT `container_system_link_ibfk_1` FOREIGN KEY (`response`) REFERENCES `responses` (`id`) ON DELETE CASCADE ON UPDATE CASCADE,
  CONSTRAINT `container_system_link_ibfk_2` FOREIGN KEY (`entity`) REFERENCES `container_system` (`id`) ON DELETE CASCADE ON UPDATE CASCADE
) ENGINE=InnoDB DEFAULT CHARSET=utf8mb4;
/*!40101 SET character_set_client = @saved_cs_client */;

--
-- Dumping data for table `container_system_link`
--

LOCK TABLES `container_system_link` WRITE;
/*!40000 ALTER TABLE `container_system_link` DISABLE KEYS */;
INSERT INTO `container_system_link` VALUES
(4726,6),
(4727,6),
(4729,6),
(4730,6),
(4731,6),
(4732,6),
(4733,6),
(4734,6),
(4735,6),
(4736,6),
(4737,11),
(4738,6),
(4739,6),
(4740,6),
(4741,6),
(4742,6),
(4743,6),
(4744,8),
(4745,6),
(4746,6),
(4747,11),
(4748,6),
(4749,6),
(4750,74),
(4751,6),
(4752,6),
(4753,6),
(4754,6),
(4755,6),
(4756,11),
(4757,6),
(4758,6),
(4759,6),
(4760,6),
(4761,6),
(4762,6),
(4763,6),
(4764,6),
(4765,6),
(4766,6),
(4767,6),
(4768,6),
(4769,6),
(4770,6),
(4771,6),
(4772,6),
(4773,6),
(4774,11),
(4775,6),
(4776,6),
(4777,11),
(4778,6),
(4779,11),
(4781,6),
(4782,6),
(4784,6),
(4785,6),
(4787,6),
(4788,6),
(4789,6),
(4791,6),
(4793,6),
(4794,55),
(4795,6),
(4796,11),
(4798,11),
(4799,6),
(4800,6),
(4802,6),
(4803,6),
(4804,6),
(4805,6),
(4806,11),
(4807,6),
(4808,6),
(4809,6),
(4810,6),
(4811,6),
(4812,11),
(4815,6),
(4816,6),
(4817,6),
(4819,11),
(4820,8),
(4821,6),
(4822,6),
(4823,6),
(4824,6),
(4825,6),
(4826,6),
(4827,6),
(4828,11),
(4829,6),
(4830,6),
(4832,6),
(4833,6),
(4834,6),
(4835,6),
(4837,6),
(4838,6),
(4840,6),
(4841,6),
(4842,19),
(4843,6),
(4844,11),
(4845,6),
(4846,6),
(4847,6),
(4848,6),
(4850,6),
(4851,6),
(4852,6),
(4853,11),
(4854,6),
(4855,6),
(4856,8),
(4857,6),
(4858,6),
(4859,6),
(4860,8),
(4861,6),
(4862,6),
(4863,6),
(4865,6),
(4866,11),
(4867,6),
(4868,6),
(4869,6),
(4870,6),
(4871,6),
(4872,6),
(4873,6),
(4874,6),
(4875,6),
(4876,11),
(4877,74),
(4878,6),
(4879,6),
(4880,6),
(4881,11),
(4882,6),
(4883,6),
(4884,6),
(4885,6),
(4886,6),
(4887,6),
(4888,6),
(4889,6),
(4890,6),
(4891,6),
(4892,6),
(4893,6),
(4894,6),
(4895,6),
(4896,6),
(4897,6),
(4898,6),
(4899,6),
(4900,6),
(4902,6),
(4903,11),
(4904,6),
(4906,6),
(4908,6),
(4909,11),
(4911,6),
(4912,6),
(4913,6),
(4914,11),
(4916,8),
(4917,6),
(4918,6),
(4919,6),
(4921,6),
(4922,6),
(4923,6),
(4924,6),
(4925,8),
(4926,6),
(4927,6),
(4928,6),
(4929,11),
(4930,6),
(4933,6),
(4935,6),
(4936,6),
(4937,8),
(4938,6),
(4939,6),
(4940,6),
(4941,11),
(4942,6),
(4943,6),
(4944,6),
(4945,6),
(4946,6),
(4947,6),
(4949,6),
(4950,6),
(4952,8),
(4953,6),
(4955,6),
(4956,6),
(4957,6),
(4958,6),
(4959,6),
(4960,6),
(4961,6),
(4962,6),
(4964,6),
(4965,6),
(4966,6),
(4967,6),
(4968,6),
(4969,6),
(4970,6),
(4971,6),
(4972,6),
(4973,6),
(4974,11),
(4977,6),
(4979,6),
(4981,6),
(4982,6),
(4983,6),
(4985,11),
(4986,6),
(4987,6),
(4988,6),
(4989,6),
(4991,8),
(4994,6),
(4995,6),
(4996,6),
(4997,6),
(4998,6),
(4999,6),
(5000,6),
(5001,6),
(5002,6),
(5003,6),
(5004,11),
(5005,6),
(5006,6),
(5007,6),
(5008,6),
(5009,6),
(5010,6),
(5011,8),
(5013,8),
(5014,6),
(5015,6),
(5016,24),
(5018,6),
(5019,55),
(5020,6),
(5022,6),
(5023,6),
(5024,6),
(5025,8),
(5026,8),
(5028,11),
(5030,6),
(5031,6),
(5032,6),
(5034,6),
(5035,6),
(5036,6),
(5037,8),
(5039,6),
(5040,6),
(5041,6),
(5042,11),
(5043,6),
(5045,6),
(5046,6),
(5047,6),
(5049,6),
(5050,6),
(5051,11),
(5052,6),
(5053,6),
(5054,11),
(5056,6),
(5057,6),
(5059,6),
(5060,74),
(5061,11),
(5062,6),
(5063,6),
(5064,6),
(5065,6),
(5067,6),
(5068,11),
(5069,6),
(5070,6),
(5071,6),
(5072,6),
(5073,6),
(5074,6),
(5075,6),
(5076,6),
(5077,6),
(5078,29),
(5079,6),
(5080,6),
(5081,55),
(5082,6),
(5084,6),
(5085,6),
(5086,6),
(5087,6),
(5088,11),
(5089,6),
(5090,6),
(5091,6),
(5092,8),
(5093,6),
(5094,6),
(5095,6),
(5096,31),
(5097,6),
(5100,11),
(5101,6),
(5102,11),
(5103,6),
(5105,6),
(5106,6),
(5107,6),
(5107,11),
(5108,6),
(5109,6),
(5110,6),
(5111,6),
(5112,6),
(5113,6),
(5114,6),
(5115,6),
(5116,6),
(5117,6),
(5118,6),
(5119,6),
(5120,6),
(5121,6),
(5122,6),
(5123,8),
(5124,6),
(5125,6),
(5125,11),
(5126,29),
(5127,6),
(5130,6),
(5131,6),
(5132,6),
(5133,6),
(5134,6),
(5135,6),
(5136,6),
(5137,6),
(5138,6),
(5140,6),
(5141,8),
(5142,6),
(5143,6),
(5145,6),
(5146,6),
(5147,6),
(5149,74),
(5151,6),
(5153,6),
(5155,6),
(5156,6),
(5157,6),
(5158,6),
(5159,6),
(5160,6),
(5162,6),
(5163,6),
(5164,6),
(5165,6),
(5166,6),
(5167,6),
(5168,11),
(5169,6),
(5170,6),
(5171,6),
(5173,6),
(5175,11),
(5176,6),
(5177,6),
(5178,6),
(5179,8),
(5180,46),
(5180,55),
(5181,29),
(5182,6),
(5183,6),
(5184,6),
(5185,6),
(5186,6),
(5187,6),
(5188,6),
(5189,6),
(5190,6),
(5191,6),
(5192,6),
(5195,6),
(5196,11),
(5197,11),
(5198,6),
(5199,6),
(5202,6),
(5203,6),
(5204,6),
(5205,6),
(5206,11),
(5207,6),
(5208,6),
(5213,6),
(5215,6),
(5216,6),
(5217,6),
(5218,6),
(5219,6),
(5221,6),
(5222,6),
(5223,6),
(5224,11),
(5225,6),
(5226,6),
(5227,11),
(5228,6),
(5229,6),
(5230,6),
(5231,11),
(5234,6),
(5235,11),
(5236,6),
(5237,6),
(5238,6),
(5239,6),
(5240,8),
(5241,6),
(5242,6),
(5243,6),
(5244,6),
(5245,6),
(5246,6),
(5247,6),
(5248,6),
(5249,6),
(5250,6),
(5251,6),
(5253,6),
(5254,6),
(5255,6),
(5257,6),
(5258,6),
(5259,6),
(5260,6),
(5261,6),
(5263,6),
(5264,6),
(5265,11),
(5266,6),
(5267,6),
(5269,19),
(5270,6),
(5271,6),
(5272,6),
(5273,11),
(5274,6),
(5275,6),
(5276,6),
(5277,6),
(5278,6),
(5279,6),
(5280,74),
(5281,6),
(5283,6),
(5284,6),
(5285,6),
(5286,6),
(5287,6),
(5288,6),
(5289,6),
(5290,6),
(5291,6),
(5292,6),
(5293,6),
(5294,6),
(5295,6),
(5296,6),
(5297,6),
(5298,8),
(5299,6),
(5300,8),
(5301,6),
(5302,6),
(5303,6),
(5304,6),
(5305,74),
(5306,11),
(5307,6),
(5308,6),
(5309,6),
(5310,6),
(5311,6),
(5313,6),
(5314,6),
(5317,6),
(5318,6),
(5319,6),
(5320,6),
(5321,39),
(5322,6),
(5323,6),
(5324,6),
(5325,6),
(5325,29),
(5326,6),
(5328,6),
(5329,6),
(5330,6),
(5331,6),
(5332,6),
(5333,6),
(5334,6),
(5335,6),
(5336,6),
(5337,11),
(5338,6),
(5339,6),
(5341,11),
(5342,8),
(5343,6),
(5344,6),
(5345,6),
(5346,6),
(5347,8),
(5348,6),
(5349,11),
(5350,6),
(5351,6),
(5352,6),
(5353,6),
(5354,6),
(5355,6),
(5356,6),
(5357,6),
(5358,46),
(5359,6),
(5360,55),
(5361,6),
(5362,6),
(5363,8),
(5364,6),
(5365,6),
(5366,6),
(5367,6),
(5368,6),
(5369,6),
(5370,6),
(5371,6),
(5372,6),
(5374,6),
(5375,6),
(5376,6),
(5377,11),
(5378,6),
(5380,6),
(5381,6),
(5383,6),
(5384,6),
(5386,11),
(5387,6),
(5388,6),
(5389,6),
(5390,6),
(5392,6),
(5394,6),
(5395,6),
(5396,6),
(5397,6),
(5401,6),
(5402,6),
(5403,6),
(5404,6),
(5405,6),
(5406,6),
(5407,8),
(5408,8),
(5409,6),
(5410,6),
(5411,6),
(5412,6),
(5413,6),
(5414,45),
(5416,6),
(5417,6),
(5418,6),
(5419,6),
(5420,6),
(5421,6),
(5422,6),
(5423,6),
(5424,6),
(5426,6),
(5427,6),
(5428,6),
(5429,6),
(5430,6),
(5431,6),
(5432,6),
(5433,6),
(5434,8),
(5435,6),
(5436,6),
(5438,11),
(5440,6),
(5441,6),
(5442,11),
(5443,6),
(5445,6),
(5446,6),
(5448,6),
(5449,6),
(5450,6),
(5451,11),
(5452,6),
(5453,6),
(5454,46),
(5455,11),
(5456,6),
(5457,6),
(5458,6),
(5459,6),
(5460,6),
(5461,8),
(5462,6),
(5463,6),
(5464,6),
(5465,6),
(5466,6),
(5468,6),
(5469,6),
(5470,6),
(5471,6),
(5472,6),
(5473,6),
(5474,6),
(5475,6),
(5476,6),
(5477,6),
(5479,6),
(5480,6),
(5481,6),
(5482,6),
(5483,6),
(5484,6),
(5486,6),
(5487,6),
(5488,6),
(5489,6),
(5490,6),
(5491,6),
(5492,8),
(5493,6),
(5494,6),
(5495,6),
(5496,6),
(5498,6),
(5500,6),
(5501,6),
(5502,6),
(5503,6),
(5504,6),
(5505,6),
(5506,6),
(5507,6),
(5508,6),
(5509,6),
(5511,6),
(5512,6),
(5513,6),
(5514,6),
(5515,6),
(5516,6),
(5517,6),
(5519,6),
(5520,6),
(5521,6),
(5522,6),
(5523,6),
(5524,6),
(5525,6),
(5526,6),
(5527,8),
(5528,29),
(5529,8),
(5530,6),
(5531,8),
(5532,6),
(5533,6),
(5535,8),
(5536,8),
(5537,6),
(5538,6),
(5539,6),
(5540,11),
(5541,6),
(5542,6),
(5543,6),
(5544,6),
(5545,6),
(5546,6),
(5547,8),
(5548,6),
(5549,11),
(5550,6),
(5551,6),
(5552,6),
(5553,6),
(5555,6),
(5556,6),
(5557,8),
(5558,6),
(5560,6),
(5561,6),
(5562,6),
(5563,6),
(5564,6),
(5565,11),
(5567,11),
(5569,6),
(5570,6),
(5571,6),
(5572,6),
(5573,74),
(5574,6),
(5575,6),
(5576,6),
(5577,6),
(5578,6),
(5580,6),
(5581,6),
(5582,6),
(5583,6),
(5584,6),
(5585,6),
(5586,6),
(5588,6),
(5589,6),
(5591,6),
(5593,6),
(5594,6),
(5595,6),
(5596,6),
(5597,6),
(5598,6),
(5599,6),
(5600,6),
(5601,6),
(5602,6),
(5603,6),
(5605,6),
(5606,6),
(5607,6),
(5608,6),
(5609,6),
(5610,6),
(5611,6),
(5612,6),
(5613,6),
(5614,6),
(5615,6),
(5616,6),
(5617,6),
(5619,6),
(5620,6),
(5621,6),
(5622,6),
(5623,6),
(5624,6),
(5626,11),
(5627,6),
(5629,8),
(5630,6),
(5631,6),
(5632,6),
(5633,8),
(5634,6),
(5636,29),
(5637,6),
(5638,6),
(5639,6),
(5641,6),
(5642,11),
(5643,6),
(5644,6),
(5646,6),
(5647,6),
(5648,6),
(5649,6),
(5650,6),
(5652,6),
(5653,6),
(5655,6),
(5656,6),
(5657,6),
(5658,6),
(5659,6),
(5660,11),
(5662,11),
(5663,6),
(5664,6),
(5665,6),
(5666,6),
(5667,6),
(5668,6),
(5669,6),
(5670,6),
(5671,6),
(5672,6),
(5673,6),
(5675,6),
(5676,6),
(5677,6),
(5678,6),
(5680,6),
(5681,6),
(5682,6),
(5683,8),
(5684,6),
(5685,6),
(5686,6),
(5687,6),
(5688,6),
(5689,6),
(5690,6),
(5691,6),
(5692,6),
(5693,6),
(5694,6),
(5695,6),
(5696,11),
(5697,11),
(5698,6),
(5699,8),
(5700,6),
(5701,6),
(5702,6),
(5703,6),
(5704,6),
(5705,6),
(5706,11),
(5707,6),
(5708,6),
(5710,6),
(5711,6),
(5712,74),
(5713,6),
(5715,6),
(5716,6),
(5717,6),
(5718,6),
(5719,11),
(5720,11),
(5721,6),
(5722,6),
(5723,6),
(5724,11),
(5725,11),
(5726,6),
(5727,6),
(5728,6),
(5729,6),
(5730,11),
(5731,6),
(5732,6),
(5733,6),
(5734,6),
(5735,6),
(5736,6),
(5737,6),
(5738,6),
(5739,6),
(5740,8),
(5741,6),
(5742,6),
(5744,6),
(5745,6),
(5746,6),
(5747,8),
(5748,6),
(5749,74),
(5750,8),
(5751,6),
(5752,6),
(5753,6),
(5754,11),
(5755,6),
(5756,6),
(5757,6),
(5758,6),
(5760,6),
(5761,6),
(5762,6),
(5763,6),
(5764,6),
(5765,6),
(5766,6),
(5767,6),
(5768,6),
(5769,6),
(5773,6),
(5774,6),
(5775,55),
(5777,6),
(5780,6),
(5781,6),
(5783,6),
(5784,6),
(5785,6),
(5786,6),
(5787,11),
(5788,6),
(5789,6),
(5791,6),
(5792,6),
(5794,6),
(5796,11),
(5797,6),
(5799,6),
(5800,6),
(5801,6),
(5803,6),
(5804,6),
(5805,6),
(5806,6),
(5807,6),
(5808,6),
(5809,11),
(5811,6),
(5813,6),
(5816,6),
(5817,6),
(5818,6),
(5819,6),
(5820,6),
(5821,6),
(5822,6),
(5823,6),
(5825,6),
(5826,8),
(5827,56),
(5829,75),
(5836,29),
(5838,6),
(5839,6),
(5841,11),
(5841,46),
(5842,6),
(5843,6),
(5844,6),
(5845,6),
(5846,6),
(5847,6),
(5850,6),
(5851,6),
(5852,6),
(5853,6),
(5854,6),
(5855,6),
(5856,6),
(5859,6),
(5860,11),
(5861,11),
(5862,6),
(5864,6),
(5865,6),
(5866,6),
(5867,6),
(5868,59),
(5869,6),
(5870,6),
(5871,8),
(5872,6),
(5873,6),
(5874,6),
(5875,6),
(5876,6),
(5877,8),
(5878,6),
(5879,6),
(5880,11),
(5881,6),
(5883,6),
(5884,6),
(5885,6),
(5886,11),
(5887,11),
(5889,6),
(5890,6),
(5892,8),
(5893,6),
(5894,11),
(5895,6),
(5896,11),
(5897,6),
(5898,55),
(5899,55),
(5900,6),
(5902,6),
(5903,6),
(5904,6),
(5905,11),
(5906,11),
(5909,11),
(5911,6),
(5913,6),
(5914,6),
(5915,6),
(5916,6),
(5917,66),
(5918,6),
(5919,6),
(5920,6),
(5921,6),
(5922,6),
(5923,6),
(5924,8),
(5925,6),
(5930,6),
(5931,6),
(5932,11),
(5933,6),
(5935,6),
(5937,6),
(5940,6),
(5941,6),
(5942,11),
(5943,6),
(5944,6),
(5947,6),
(5948,6),
(5949,55),
(5950,6),
(5951,6),
(5952,6),
(5954,55),
(5955,6),
(5956,8),
(5959,6),
(5962,8),
(5964,6),
(5966,6),
(5969,6),
(5971,6),
(5975,6),
(5976,6),
(5981,6),
(5982,6),
(5985,6),
(5986,6),
(5988,6),
(5994,6),
(5996,29),
(5998,6),
(5999,6),
(6001,6),
(6002,6),
(6003,6),
(6005,6),
(6006,6),
(6008,6),
(6009,6),
(6010,6),
(6016,6),
(6018,6),
(6020,6),
(6021,11),
(6023,6),
(6024,6),
(6025,6),
(6026,6),
(6027,11),
(6030,6),
(6032,6),
(6034,6),
(6036,6),
(6039,6),
(6041,6),
(6042,6),
(6044,6),
(6049,6),
(6050,6),
(6052,6),
(6053,6),
(6054,6),
(6055,6),
(6057,6),
(6060,6),
(6064,11),
(6066,11),
(6068,6),
(6071,6),
(6072,6),
(6075,6),
(6077,11),
(6079,6),
(6081,6),
(6088,6),
(6090,8),
(6091,6),
(6094,6),
(6096,6),
(6099,6),
(6101,6),
(6104,6),
(6104,11),
(6105,6),
(6107,11),
(6110,11),
(6111,6),
(6114,6),
(6116,6),
(6119,6),
(6121,11),
(6122,6),
(6123,6),
(6125,6),
(6127,6),
(6128,6),
(6129,11),
(6130,6),
(6131,6),
(6136,6),
(6137,6),
(6138,6),
(6141,8),
(6142,6),
(6143,6),
(6145,6),
(6146,6),
(6147,6),
(6148,6),
(6149,6),
(6150,6),
(6151,6),
(6152,6),
(6153,6),
(6154,6),
(6155,8),
(6157,6),
(6161,6),
(6163,6),
(6164,6),
(6165,6),
(6167,6),
(6169,6),
(6175,6),
(6176,6),
(6177,6),
(6178,6),
(6181,8),
(6191,11),
(6192,6),
(6193,6),
(6194,6),
(6195,6),
(6200,6),
(6204,6),
(6205,6),
(6208,6),
(6211,6),
(6214,6),
(6215,6),
(6216,6),
(6217,6),
(6219,8),
(6222,6),
(6223,6),
(6226,8),
(6227,6),
(6230,6),
(6231,6),
(6232,6),
(6234,6),
(6235,6),
(6237,6),
(6242,6),
(6245,6),
(6246,6),
(6249,6),
(6251,8),
(6253,6),
(6254,6),
(6256,8),
(6261,8),
(6263,6),
(6264,6),
(6267,6),
(6268,6),
(6271,6),
(6273,6),
(6275,6),
(6281,6),
(6282,8),
(6284,6),
(6288,6),
(6289,11),
(6290,6),
(6291,6),
(6292,11),
(6293,6),
(6294,6),
(6295,6),
(6296,6),
(6299,6),
(6301,6),
(6305,6),
(6312,6),
(6313,8),
(6317,6),
(6321,6),
(6322,6),
(6323,6),
(6326,6),
(6327,11),
(6328,6),
(6329,6),
(6331,6),
(6334,55),
(6337,6),
(6338,6),
(6339,6),
(6340,6),
(6341,6),
(6343,8),
(6344,6),
(6352,6),
(6354,6),
(6355,8),
(6357,6),
(6360,6),
(6361,6),
(6363,6),
(6364,6),
(6365,6),
(6366,6),
(6367,6),
(6369,6),
(6371,6),
(6372,6),
(6373,6),
(6374,29),
(6377,6),
(6378,6),
(6379,6),
(6384,6),
(6386,6),
(6388,6),
(6389,6),
(6391,6),
(6399,74),
(6400,6),
(6408,6),
(6410,6),
(6413,6),
(6414,6),
(6418,6),
(6419,6),
(6421,6),
(6423,6),
(6424,8),
(6427,6),
(6428,6),
(6429,6),
(6430,6),
(6437,6),
(6439,6),
(6440,8),
(6442,6),
(6445,19),
(6447,6),
(6448,11),
(6449,6),
(6453,6),
(6454,6),
(6458,6),
(6465,11),
(6467,6),
(6468,6),
(6469,6),
(6471,6),
(6472,6),
(6473,6),
(6477,6),
(6478,6),
(6480,8),
(6481,11),
(6483,6),
(6484,6),
(6485,6),
(6486,6),
(6488,6),
(6489,6),
(6491,6),
(6492,11),
(6493,6),
(6494,8),
(6495,6),
(6500,29),
(6502,6),
(6508,6),
(6509,6),
(6511,6),
(6512,6),
(6513,6),
(6515,6),
(6518,6),
(6519,6),
(6521,6),
(6522,6),
(6523,6),
(6525,6),
(6526,6),
(6528,6),
(6531,6),
(6533,11),
(6535,8),
(6539,11),
(6540,6),
(6542,6),
(6543,6),
(6544,6),
(6545,6),
(6546,6),
(6547,6),
(6548,11),
(6552,6),
(6555,6),
(6556,6),
(6557,11),
(6559,6),
(6561,6),
(6563,6),
(6565,6),
(6566,6),
(6567,11),
(6568,6),
(6569,6),
(6570,6),
(6571,6),
(6573,6),
(6576,6),
(6577,6),
(6578,6),
(6579,6),
(6580,6),
(6581,6),
(6584,6),
(6585,6),
(6586,6),
(6587,6),
(6588,6),
(6589,6),
(6591,6),
(6592,6),
(6593,6),
(6597,11),
(6598,6),
(6600,6),
(6602,6),
(6604,6),
(6607,6),
(6609,6),
(6610,6),
(6613,6),
(6615,6),
(6616,6),
(6617,6),
(6618,6),
(6619,6),
(6620,6),
(6622,6),
(6628,6),
(6629,6),
(6631,11),
(6633,6),
(6641,11),
(6643,6),
(6645,6),
(6646,6),
(6649,6),
(6650,6),
(6652,6),
(6653,6),
(6654,11),
(6655,6),
(6656,6),
(6657,6),
(6658,6),
(6659,8),
(6661,11),
(6666,6),
(6667,6),
(6668,6),
(6674,11),
(6677,11),
(6678,6),
(6682,6),
(6684,6),
(6685,6),
(6694,6),
(6697,6),
(6698,6),
(6699,6),
(6701,6),
(6705,8),
(6709,6),
(6710,6),
(6716,8),
(6718,6),
(6719,6),
(6720,6),
(6722,11),
(6723,6),
(6726,6),
(6729,6),
(6732,8),
(6733,29),
(6738,6),
(6739,6),
(6741,6),
(6745,6),
(6748,6),
(6748,11),
(6752,6),
(6757,6),
(6758,6),
(6759,11),
(6761,8),
(6763,6),
(6766,6),
(6767,6),
(6768,6),
(6770,6),
(6771,6),
(6773,6),
(6774,6),
(6781,6),
(6782,6),
(6783,6),
(6784,6),
(6786,6),
(6787,6),
(6787,31),
(6789,6),
(6792,6),
(6794,6),
(6795,6),
(6797,6),
(6799,6),
(6800,6),
(6801,6),
(6804,6);
/*!40000 ALTER TABLE `container_system_link` ENABLE KEYS */;
UNLOCK TABLES;

--
-- Table structure for table `containers`
--

DROP TABLE IF EXISTS `containers`;
/*!40101 SET @saved_cs_client     = @@character_set_client */;
/*!40101 SET character_set_client = utf8 */;
CREATE TABLE `containers` (
  `id` int(11) NOT NULL AUTO_INCREMENT,
  `name` varchar(255) DEFAULT NULL,
  PRIMARY KEY (`id`)
) ENGINE=InnoDB AUTO_INCREMENT=71 DEFAULT CHARSET=utf8mb4;
/*!40101 SET character_set_client = @saved_cs_client */;

--
-- Dumping data for table `containers`
--

LOCK TABLES `containers` WRITE;
/*!40000 ALTER TABLE `containers` DISABLE KEYS */;
INSERT INTO `containers` VALUES
(68,'partially, i run containerised services along regular services'),
(69,'no'),
(70,'yes, all my services are containerised');
/*!40000 ALTER TABLE `containers` ENABLE KEYS */;
UNLOCK TABLES;

--
-- Table structure for table `hardware`
--

DROP TABLE IF EXISTS `hardware`;
/*!40101 SET @saved_cs_client     = @@character_set_client */;
/*!40101 SET character_set_client = utf8 */;
CREATE TABLE `hardware` (
  `id` int(11) NOT NULL AUTO_INCREMENT,
  `name` varchar(255) DEFAULT NULL,
  PRIMARY KEY (`id`)
) ENGINE=InnoDB AUTO_INCREMENT=166 DEFAULT CHARSET=utf8mb4;
/*!40101 SET character_set_client = @saved_cs_client */;

--
-- Dumping data for table `hardware`
--

LOCK TABLES `hardware` WRITE;
/*!40000 ALTER TABLE `hardware` DISABLE KEYS */;
INSERT INTO `hardware` VALUES
(49,'used enterprise hardware (older than 5 years)'),
(50,'new desktop pc (newer than 5 years)'),
(51,'used desktop pc (older than 5 years)'),
(52,'low-power x86 device (e.g. intel nuc)'),
(53,'low-power arm device (e.g. raspberry pi)'),
(54,'i rent my hardware (e.g. hosting, vps)'),
(55,'new enterprise hardware (newer than 5 years)'),
(143,'uncategorised'),
(144,'miscellaneous'),
(145,'nas');
/*!40000 ALTER TABLE `hardware` ENABLE KEYS */;
UNLOCK TABLES;

--
-- Table structure for table `os`
--

DROP TABLE IF EXISTS `os`;
/*!40101 SET @saved_cs_client     = @@character_set_client */;
/*!40101 SET character_set_client = utf8 */;
CREATE TABLE `os` (
  `id` int(11) NOT NULL AUTO_INCREMENT,
  `name` varchar(255) DEFAULT NULL,
  PRIMARY KEY (`id`)
) ENGINE=InnoDB AUTO_INCREMENT=208 DEFAULT CHARSET=utf8mb4;
/*!40101 SET character_set_client = @saved_cs_client */;

--
-- Dumping data for table `os`
--

LOCK TABLES `os` WRITE;
/*!40000 ALTER TABLE `os` DISABLE KEYS */;
INSERT INTO `os` VALUES
(42,'debian-based linux (debian, ubuntu, etc.)'),
(43,'bsd (freebsd, openbsd)'),
(44,'redhat-based linux (centos, redhat, etc.)'),
(47,'other linux:'),
(48,'proxmox'),
(51,'opensuse'),
(52,'windows (including windows server)'),
(54,'unraid'),
(57,'alpine'),
(58,'gentoo'),
(61,'synology dsm'),
(62,'xcp-ng'),
(64,'arch'),
(77,'esxi'),
(82,'nixos'),
(87,'void linux'),
(89,'vmware'),
(97,'slackware'),
(102,'home assistant'),
(121,'macos'),
(169,'uncategorised'),
(170,'miscellaneous');
/*!40000 ALTER TABLE `os` ENABLE KEYS */;
UNLOCK TABLES;

--
-- Table structure for table `program_host`
--

DROP TABLE IF EXISTS `program_host`;
/*!40101 SET @saved_cs_client     = @@character_set_client */;
/*!40101 SET character_set_client = utf8 */;
CREATE TABLE `program_host` (
  `id` int(11) NOT NULL AUTO_INCREMENT,
  `name` varchar(255) DEFAULT NULL,
  PRIMARY KEY (`id`)
) ENGINE=InnoDB AUTO_INCREMENT=11 DEFAULT CHARSET=utf8mb4;
/*!40101 SET character_set_client = @saved_cs_client */;

--
-- Dumping data for table `program_host`
--

LOCK TABLES `program_host` WRITE;
/*!40000 ALTER TABLE `program_host` DISABLE KEYS */;
INSERT INTO `program_host` VALUES
(6,'most'),
(7,'about half'),
(8,'some'),
(9,'all'),
(10,'none');
/*!40000 ALTER TABLE `program_host` ENABLE KEYS */;
UNLOCK TABLES;

--
-- Table structure for table `reason`
--

DROP TABLE IF EXISTS `reason`;
/*!40101 SET @saved_cs_client     = @@character_set_client */;
/*!40101 SET character_set_client = utf8 */;
CREATE TABLE `reason` (
  `id` int(11) NOT NULL AUTO_INCREMENT,
  `name` varchar(255) DEFAULT NULL,
  PRIMARY KEY (`id`)
) ENGINE=InnoDB AUTO_INCREMENT=40 DEFAULT CHARSET=utf8mb4;
/*!40101 SET character_set_client = @saved_cs_client */;

--
-- Dumping data for table `reason`
--

LOCK TABLES `reason` WRITE;
/*!40000 ALTER TABLE `reason` DISABLE KEYS */;
INSERT INTO `reason` VALUES
(13,'privacy'),
(14,'self-reliance'),
(15,'\"fun\"'),
(16,'unique software'),
(17,'price (or the lack of it)'),
(18,'career development'),
(19,'learning'),
(20,'data security'),
(34,'avoid censorship'),
(36,'it\'s the field i\'m in'),
(39,'political');
/*!40000 ALTER TABLE `reason` ENABLE KEYS */;
UNLOCK TABLES;

--
-- Table structure for table `reason_link`
--

DROP TABLE IF EXISTS `reason_link`;
/*!40101 SET @saved_cs_client     = @@character_set_client */;
/*!40101 SET character_set_client = utf8 */;
CREATE TABLE `reason_link` (
  `response` int(11) NOT NULL,
  `entity` int(11) NOT NULL,
  PRIMARY KEY (`response`,`entity`),
  KEY `entity` (`entity`),
  CONSTRAINT `reason_link_ibfk_1` FOREIGN KEY (`response`) REFERENCES `responses` (`id`) ON DELETE CASCADE ON UPDATE CASCADE,
  CONSTRAINT `reason_link_ibfk_2` FOREIGN KEY (`entity`) REFERENCES `reason` (`id`) ON DELETE CASCADE ON UPDATE CASCADE
) ENGINE=InnoDB DEFAULT CHARSET=utf8mb4;
/*!40101 SET character_set_client = @saved_cs_client */;

--
-- Dumping data for table `reason_link`
--

LOCK TABLES `reason_link` WRITE;
/*!40000 ALTER TABLE `reason_link` DISABLE KEYS */;
INSERT INTO `reason_link` VALUES
(4728,13),
(4728,14),
(4728,15),
(4728,16),
(4732,13),
(4732,14),
(4737,13),
(4737,14),
(4737,15),
(4737,17),
(4738,15),
(4744,13),
(4744,14),
(4744,15),
(4744,17),
(4744,18),
(4745,13),
(4745,14),
(4745,15),
(4745,17),
(4753,14),
(4753,15),
(4753,17),
(4768,13),
(4768,15),
(4769,13),
(4769,15),
(4769,19),
(4770,13),
(4770,14),
(4770,15),
(4770,16),
(4773,14),
(4773,17),
(4781,13),
(4781,14),
(4781,15),
(4781,16),
(4781,17),
(4782,13),
(4782,14),
(4782,15),
(4788,13),
(4788,14),
(4788,15),
(4788,17),
(4791,13),
(4791,14),
(4791,15),
(4797,13),
(4797,14),
(4797,15),
(4812,13),
(4812,14),
(4812,15),
(4812,16),
(4819,13),
(4819,14),
(4819,15),
(4819,16),
(4819,17),
(4819,20),
(4820,14),
(4820,15),
(4827,13),
(4827,14),
(4827,15),
(4827,17),
(4828,13),
(4828,14),
(4828,15),
(4828,16),
(4828,17),
(4841,13),
(4841,14),
(4841,15),
(4841,17),
(4843,13),
(4843,15),
(4843,16),
(4843,17),
(4845,14),
(4845,15),
(4848,13),
(4848,14),
(4848,15),
(4848,17),
(4849,13),
(4849,14),
(4849,15),
(4849,16),
(4849,17),
(4851,13),
(4854,13),
(4854,14),
(4854,15),
(4860,14),
(4860,15),
(4860,17),
(4861,13),
(4861,14),
(4861,15),
(4861,16),
(4866,13),
(4866,14),
(4866,15),
(4868,13),
(4868,14),
(4868,15),
(4868,16),
(4871,13),
(4871,14),
(4871,39),
(4874,13),
(4874,14),
(4874,15),
(4877,13),
(4877,15),
(4879,14),
(4879,17),
(4881,13),
(4881,14),
(4881,15),
(4881,16),
(4881,17),
(4884,13),
(4884,14),
(4884,15),
(4885,13),
(4885,15),
(4886,13),
(4886,15),
(4887,13),
(4887,14),
(4887,15),
(4897,13),
(4897,14),
(4897,15),
(4897,17),
(4898,13),
(4898,14),
(4898,15),
(4898,16),
(4898,17),
(4899,13),
(4899,14),
(4899,15),
(4899,16),
(4899,17),
(4900,13),
(4900,14),
(4900,15),
(4900,16),
(4900,17),
(4903,13),
(4903,14),
(4903,15),
(4903,16),
(4903,17),
(4908,13),
(4908,14),
(4908,15),
(4908,16),
(4909,13),
(4909,14),
(4909,15),
(4909,16),
(4909,17),
(4918,15),
(4920,13),
(4920,14),
(4920,15),
(4920,16),
(4921,13),
(4921,14),
(4921,15),
(4921,17),
(4927,13),
(4927,14),
(4927,15),
(4933,13),
(4933,14),
(4933,15),
(4934,13),
(4934,14),
(4934,15),
(4934,17),
(4936,13),
(4936,15),
(4936,17),
(4941,13),
(4941,14),
(4941,15),
(4941,19),
(4943,15),
(4943,16),
(4943,17),
(4950,13),
(4950,14),
(4950,15),
(4956,14),
(4956,15),
(4956,16),
(4958,13),
(4958,15),
(4958,17),
(4962,15),
(4962,17),
(4963,13),
(4963,15),
(4963,16),
(4968,13),
(4968,15),
(4968,16),
(4973,13),
(4973,15),
(4973,17),
(4977,13),
(4977,14),
(4977,15),
(4977,16),
(4988,13),
(4988,14),
(4988,15),
(4988,17),
(4991,13),
(4991,14),
(4991,15),
(4991,17),
(4991,19),
(5005,14),
(5005,15),
(5013,13),
(5013,15),
(5013,16),
(5013,17),
(5013,19),
(5019,13),
(5019,14),
(5019,15),
(5019,39),
(5020,13),
(5020,14),
(5020,17),
(5025,13),
(5025,14),
(5025,15),
(5025,16),
(5025,17),
(5026,13),
(5026,14),
(5026,15),
(5026,16),
(5026,17),
(5029,14),
(5029,15),
(5030,39),
(5031,13),
(5031,14),
(5031,15),
(5042,13),
(5042,14),
(5042,15),
(5042,16),
(5042,17),
(5044,13),
(5044,14),
(5044,15),
(5044,16),
(5044,17),
(5045,13),
(5045,14),
(5045,15),
(5045,16),
(5045,17),
(5061,13),
(5061,15),
(5061,16),
(5061,17),
(5068,13),
(5068,14),
(5068,15),
(5068,17),
(5071,13),
(5071,15),
(5071,17),
(5074,15),
(5076,13),
(5076,14),
(5076,15),
(5076,16),
(5076,17),
(5082,13),
(5082,14),
(5082,15),
(5092,13),
(5092,14),
(5092,15),
(5092,16),
(5092,17),
(5093,13),
(5093,14),
(5093,15),
(5094,13),
(5094,14),
(5094,15),
(5094,16),
(5094,17),
(5101,13),
(5101,14),
(5101,15),
(5101,17),
(5102,13),
(5102,15),
(5110,14),
(5110,15),
(5110,16),
(5117,13),
(5117,14),
(5117,15),
(5117,16),
(5117,17),
(5118,13),
(5118,14),
(5118,15),
(5118,16),
(5120,13),
(5120,14),
(5120,15),
(5120,17),
(5122,13),
(5122,14),
(5122,15),
(5122,16),
(5122,17),
(5125,13),
(5125,14),
(5125,15),
(5126,15),
(5126,16),
(5126,17),
(5127,13),
(5127,14),
(5127,15),
(5127,16),
(5127,17),
(5129,13),
(5129,14),
(5129,15),
(5130,13),
(5130,14),
(5130,15),
(5130,16),
(5133,13),
(5133,14),
(5133,15),
(5137,13),
(5137,14),
(5137,15),
(5137,17),
(5139,13),
(5139,14),
(5140,13),
(5140,14),
(5145,13),
(5145,14),
(5145,15),
(5145,17),
(5146,13),
(5146,14),
(5146,15),
(5146,16),
(5146,17),
(5148,13),
(5148,14),
(5148,15),
(5149,14),
(5149,15),
(5149,16),
(5158,13),
(5158,14),
(5158,15),
(5158,17),
(5163,13),
(5163,15),
(5164,13),
(5164,14),
(5164,15),
(5164,16),
(5164,17),
(5165,13),
(5165,14),
(5165,15),
(5165,16),
(5165,17),
(5167,13),
(5167,15),
(5167,17),
(5168,13),
(5168,15),
(5168,16),
(5171,13),
(5171,14),
(5171,15),
(5171,16),
(5171,17),
(5179,15),
(5179,16),
(5179,17),
(5181,13),
(5181,14),
(5181,15),
(5181,17),
(5187,13),
(5187,14),
(5187,15),
(5187,16),
(5187,17),
(5188,15),
(5191,13),
(5191,16),
(5192,13),
(5192,14),
(5192,15),
(5195,13),
(5195,15),
(5195,17),
(5196,13),
(5196,14),
(5196,15),
(5197,13),
(5197,14),
(5197,15),
(5197,16),
(5197,17),
(5199,13),
(5199,14),
(5199,15),
(5200,13),
(5200,14),
(5200,15),
(5200,16),
(5200,17),
(5202,13),
(5202,14),
(5202,15),
(5202,16),
(5202,17),
(5203,13),
(5203,15),
(5203,17),
(5205,13),
(5205,14),
(5205,15),
(5205,16),
(5210,13),
(5210,15),
(5210,17),
(5213,13),
(5213,17),
(5219,13),
(5219,14),
(5219,15),
(5219,16),
(5219,17),
(5235,13),
(5235,14),
(5235,15),
(5235,16),
(5237,13),
(5237,14),
(5237,15),
(5240,13),
(5240,14),
(5240,15),
(5240,16),
(5256,13),
(5256,14),
(5256,15),
(5256,17),
(5259,15),
(5259,16),
(5259,17),
(5262,13),
(5262,14),
(5262,15),
(5263,13),
(5263,14),
(5263,15),
(5263,16),
(5263,17),
(5264,13),
(5264,15),
(5266,15),
(5268,13),
(5268,14),
(5268,15),
(5268,16),
(5268,17),
(5279,13),
(5279,14),
(5279,15),
(5279,16),
(5280,13),
(5280,15),
(5280,17),
(5288,15),
(5288,17),
(5290,13),
(5290,15),
(5290,17),
(5291,13),
(5291,14),
(5291,15),
(5291,16),
(5293,15),
(5298,13),
(5298,14),
(5298,15),
(5298,16),
(5300,13),
(5300,14),
(5300,15),
(5300,16),
(5301,15),
(5301,16),
(5301,17),
(5301,19),
(5303,13),
(5303,14),
(5303,15),
(5303,16),
(5303,17),
(5305,15),
(5305,16),
(5305,19),
(5312,13),
(5312,14),
(5312,15),
(5312,16),
(5325,13),
(5325,14),
(5325,15),
(5325,17),
(5325,19),
(5330,13),
(5330,14),
(5330,15),
(5330,17),
(5332,14),
(5332,15),
(5332,16),
(5342,13),
(5342,14),
(5342,15),
(5342,16),
(5342,17),
(5346,13),
(5346,15),
(5346,19),
(5348,14),
(5348,15),
(5349,13),
(5349,14),
(5349,15),
(5349,16),
(5349,17),
(5350,13),
(5350,14),
(5350,15),
(5350,17),
(5351,13),
(5351,14),
(5351,15),
(5351,17),
(5353,13),
(5353,14),
(5353,15),
(5353,16),
(5353,17),
(5364,13),
(5367,15),
(5370,13),
(5370,14),
(5370,17),
(5371,13),
(5371,14),
(5371,15),
(5371,17),
(5373,14),
(5373,16),
(5376,13),
(5376,14),
(5376,15),
(5382,13),
(5382,14),
(5389,13),
(5389,14),
(5389,15),
(5389,16),
(5389,17),
(5393,13),
(5393,14),
(5393,17),
(5394,13),
(5394,14),
(5394,16),
(5394,17),
(5401,15),
(5401,19),
(5414,13),
(5414,14),
(5414,15),
(5414,16),
(5417,13),
(5417,14),
(5417,15),
(5419,14),
(5419,15),
(5425,13),
(5425,14),
(5425,15),
(5425,17),
(5429,13),
(5429,14),
(5429,15),
(5429,16),
(5429,17),
(5438,13),
(5438,14),
(5438,19),
(5440,14),
(5440,15),
(5443,13),
(5443,14),
(5443,15),
(5443,16),
(5446,13),
(5446,14),
(5446,15),
(5448,15),
(5449,13),
(5449,14),
(5449,15),
(5449,17),
(5450,13),
(5450,14),
(5450,15),
(5452,13),
(5452,14),
(5452,15),
(5455,13),
(5455,14),
(5455,15),
(5455,19),
(5461,13),
(5461,14),
(5461,15),
(5461,16),
(5461,17),
(5462,13),
(5462,14),
(5462,15),
(5462,17),
(5463,13),
(5463,14),
(5463,15),
(5463,16),
(5463,17),
(5465,13),
(5465,14),
(5465,16),
(5469,14),
(5469,15),
(5469,16),
(5469,17),
(5472,13),
(5472,14),
(5472,19),
(5477,13),
(5477,14),
(5477,15),
(5477,16),
(5477,17),
(5481,13),
(5481,14),
(5481,15),
(5481,17),
(5492,13),
(5492,14),
(5492,16),
(5493,13),
(5493,14),
(5493,16),
(5493,17),
(5494,15),
(5494,17),
(5497,14),
(5497,15),
(5497,17),
(5501,13),
(5501,14),
(5501,15),
(5501,16),
(5501,17),
(5507,13),
(5507,14),
(5507,17),
(5514,13),
(5514,14),
(5514,15),
(5514,16),
(5518,13),
(5518,15),
(5518,17),
(5521,14),
(5523,13),
(5523,14),
(5523,15),
(5523,16),
(5523,17),
(5526,13),
(5526,14),
(5526,16),
(5531,13),
(5531,14),
(5531,15),
(5531,17),
(5537,13),
(5537,14),
(5537,15),
(5538,13),
(5538,14),
(5538,15),
(5538,16),
(5538,17),
(5541,13),
(5541,14),
(5541,15),
(5542,13),
(5542,14),
(5542,15),
(5547,14),
(5547,15),
(5547,16),
(5551,13),
(5551,14),
(5551,15),
(5551,16),
(5556,13),
(5556,14),
(5556,15),
(5556,16),
(5562,15),
(5562,16),
(5562,17),
(5563,13),
(5563,14),
(5563,15),
(5563,16),
(5563,17),
(5564,15),
(5564,17),
(5569,13),
(5569,14),
(5569,15),
(5569,16),
(5569,17),
(5573,13),
(5573,14),
(5573,15),
(5584,13),
(5584,14),
(5584,15),
(5584,16),
(5584,17),
(5587,15),
(5587,17),
(5590,15),
(5590,17),
(5591,13),
(5591,14),
(5591,15),
(5591,16),
(5596,13),
(5596,14),
(5596,15),
(5596,16),
(5597,13),
(5597,14),
(5597,15),
(5605,13),
(5605,15),
(5605,17),
(5614,13),
(5614,14),
(5614,15),
(5616,13),
(5616,14),
(5616,17),
(5617,13),
(5617,15),
(5621,13),
(5621,15),
(5621,16),
(5646,13),
(5646,14),
(5646,15),
(5646,17),
(5647,13),
(5647,14),
(5647,15),
(5647,16),
(5648,13),
(5648,14),
(5648,15),
(5648,16),
(5652,13),
(5652,14),
(5652,15),
(5652,16),
(5652,17),
(5654,13),
(5654,14),
(5654,15),
(5654,19),
(5663,13),
(5663,14),
(5663,15),
(5664,13),
(5664,14),
(5664,16),
(5664,17),
(5667,13),
(5667,15),
(5667,16),
(5668,14),
(5668,15),
(5668,16),
(5668,17),
(5683,13),
(5683,14),
(5683,15),
(5683,16),
(5683,17),
(5684,13),
(5684,14),
(5684,15),
(5684,17),
(5686,13),
(5686,15),
(5691,13),
(5691,15),
(5691,17),
(5695,13),
(5695,14),
(5695,15),
(5695,17),
(5695,19),
(5698,15),
(5698,16),
(5698,17),
(5701,13),
(5701,15),
(5701,17),
(5706,13),
(5706,14),
(5706,15),
(5707,13),
(5707,14),
(5707,15),
(5708,13),
(5708,14),
(5708,15),
(5708,16),
(5712,13),
(5712,14),
(5712,15),
(5712,16),
(5712,17),
(5718,13),
(5718,14),
(5718,15),
(5721,13),
(5721,14),
(5721,15),
(5721,16),
(5722,13),
(5722,14),
(5722,15),
(5722,17),
(5722,19),
(5727,13),
(5727,14),
(5727,15),
(5729,14),
(5729,15),
(5732,13),
(5732,14),
(5735,13),
(5735,14),
(5735,15),
(5735,16),
(5735,19),
(5745,34),
(5751,13),
(5751,14),
(5751,15),
(5751,16),
(5751,17),
(5753,13),
(5753,14),
(5753,15),
(5753,16),
(5753,17),
(5754,13),
(5754,14),
(5754,15),
(5754,17),
(5754,19),
(5757,13),
(5757,14),
(5757,15),
(5757,17),
(5758,13),
(5758,14),
(5758,15),
(5758,17),
(5760,14),
(5760,15),
(5760,16),
(5760,17),
(5764,13),
(5764,15),
(5764,17),
(5774,15),
(5776,13),
(5776,14),
(5776,15),
(5776,17),
(5777,13),
(5777,14),
(5777,15),
(5777,17),
(5783,13),
(5783,14),
(5783,15),
(5783,17),
(5786,13),
(5786,14),
(5786,15),
(5786,17),
(5790,13),
(5790,14),
(5790,15),
(5790,36),
(5793,13),
(5793,14),
(5793,15),
(5803,16),
(5803,17),
(5805,13),
(5805,15),
(5805,19),
(5811,13),
(5811,14),
(5811,15),
(5811,17),
(5813,13),
(5813,14),
(5813,15),
(5813,17),
(5814,13),
(5814,14),
(5814,15),
(5814,16),
(5814,17),
(5822,13),
(5822,14),
(5822,17),
(5829,13),
(5829,14),
(5829,15),
(5829,16),
(5829,17),
(5830,15),
(5834,13),
(5834,14),
(5834,15),
(5834,17),
(5842,13),
(5842,14),
(5842,15),
(5842,16),
(5845,13),
(5845,14),
(5845,15),
(5845,17),
(5848,13),
(5848,14),
(5848,15),
(5848,16),
(5848,17),
(5850,13),
(5850,14),
(5850,15),
(5853,13),
(5853,14),
(5853,16),
(5861,13),
(5861,14),
(5861,15),
(5862,13),
(5862,14),
(5862,15),
(5862,17),
(5864,19),
(5865,15),
(5866,15),
(5867,15),
(5867,16),
(5867,17),
(5868,13),
(5868,14),
(5868,15),
(5871,14),
(5871,15),
(5871,17),
(5874,13),
(5874,15),
(5874,19),
(5875,14),
(5875,15),
(5876,13),
(5876,14),
(5880,13),
(5880,14),
(5880,15),
(5880,17),
(5889,13),
(5889,14),
(5889,15),
(5889,16),
(5890,13),
(5890,14),
(5890,15),
(5890,17),
(5892,13),
(5892,14),
(5892,15),
(5892,16),
(5892,17),
(5893,13),
(5893,14),
(5893,15),
(5893,16),
(5893,17),
(5918,13),
(5918,14),
(5918,15),
(5918,16),
(5920,13),
(5920,14),
(5920,15),
(5920,16),
(5920,17),
(5922,13),
(5922,14),
(5922,15),
(5922,17),
(5927,13),
(5927,14),
(5927,15),
(5927,16),
(5927,17),
(5932,13),
(5932,14),
(5932,15),
(5932,17),
(5937,13),
(5937,14),
(5937,15),
(5938,13),
(5938,14),
(5938,15),
(5947,13),
(5947,14),
(5947,15),
(5947,17),
(5956,14),
(5956,15),
(5959,13),
(5959,14),
(5959,15),
(5959,16),
(5959,17),
(6292,13),
(6292,14),
(6292,15),
(6292,17);
/*!40000 ALTER TABLE `reason_link` ENABLE KEYS */;
UNLOCK TABLES;

--
-- Table structure for table `responses`
--

DROP TABLE IF EXISTS `responses`;
/*!40101 SET @saved_cs_client     = @@character_set_client */;
/*!40101 SET character_set_client = utf8 */;
CREATE TABLE `responses` (
  `id` int(11) NOT NULL AUTO_INCREMENT,
  `hardware` int(11) DEFAULT NULL,
  `os` int(11) DEFAULT NULL,
  `containers` int(11) DEFAULT NULL,
  `container_manager` int(11) DEFAULT NULL,
  `program` tinyint(1) DEFAULT NULL,
  `program_time` int(11) DEFAULT NULL,
  `program_host` int(11) DEFAULT NULL,
  `users` int(11) DEFAULT NULL,
  `user_access` tinyint(1) DEFAULT NULL,
  `user_access_quantity` int(11) DEFAULT NULL,
  `auth_service` int(11) DEFAULT NULL,
  `open` text DEFAULT NULL,
  PRIMARY KEY (`id`),
  KEY `hardware` (`hardware`),
  KEY `os` (`os`),
  KEY `containers` (`containers`),
  KEY `container_manager` (`container_manager`),
  KEY `program_host` (`program_host`),
  KEY `user_access_quantity` (`user_access_quantity`),
  CONSTRAINT `responses_ibfk_1` FOREIGN KEY (`hardware`) REFERENCES `hardware` (`id`) ON UPDATE CASCADE,
  CONSTRAINT `responses_ibfk_2` FOREIGN KEY (`os`) REFERENCES `os` (`id`) ON UPDATE CASCADE,
  CONSTRAINT `responses_ibfk_3` FOREIGN KEY (`containers`) REFERENCES `containers` (`id`) ON UPDATE CASCADE,
  CONSTRAINT `responses_ibfk_5` FOREIGN KEY (`container_manager`) REFERENCES `container_manager` (`id`) ON UPDATE CASCADE,
  CONSTRAINT `responses_ibfk_6` FOREIGN KEY (`program_host`) REFERENCES `program_host` (`id`) ON UPDATE CASCADE,
  CONSTRAINT `responses_ibfk_7` FOREIGN KEY (`user_access_quantity`) REFERENCES `user_access_quantity` (`id`)
) ENGINE=InnoDB AUTO_INCREMENT=6805 DEFAULT CHARSET=utf8mb4;
/*!40101 SET character_set_client = @saved_cs_client */;

--
-- Dumping data for table `responses`
--

LOCK TABLES `responses` WRITE;
/*!40000 ALTER TABLE `responses` DISABLE KEYS */;
INSERT INTO `responses` VALUES
(4722,49,42,68,NULL,NULL,NULL,NULL,NULL,NULL,NULL,1,NULL),
(4723,50,43,69,NULL,NULL,NULL,NULL,NULL,NULL,NULL,2,NULL),
(4724,49,42,69,NULL,NULL,NULL,NULL,7,1,1,1,NULL),
(4726,50,42,70,2,1,1,6,2,0,NULL,3,NULL),
(4727,51,42,68,3,1,5,7,3,1,2,3,NULL),
(4728,49,42,69,NULL,1,3,7,6,1,1,2,NULL),
(4729,49,42,68,4,1,3,6,5,0,NULL,3,NULL),
(4730,52,42,70,2,1,5,7,2,1,1,3,NULL),
(4731,53,42,70,3,0,NULL,NULL,4,0,NULL,3,NULL),
(4732,54,42,68,4,1,4,6,6,0,NULL,1,NULL),
(4733,55,44,70,4,1,1,6,4,0,NULL,3,NULL),
(4734,51,42,68,4,1,5,8,2,1,1,3,NULL),
(4735,51,42,68,4,1,6,9,3,0,NULL,3,NULL),
(4736,54,42,70,3,1,7,6,2,1,3,3,NULL),
(4737,49,48,68,4,1,7,8,3,1,2,2,NULL),
(4738,143,169,68,2,1,1,9,2,0,NULL,2,NULL),
(4739,50,48,68,4,0,NULL,NULL,3,0,NULL,3,NULL),
(4740,50,42,70,4,0,NULL,NULL,4,0,NULL,3,NULL),
(4741,50,42,68,2,0,NULL,NULL,1,NULL,NULL,3,NULL),
(4742,54,42,68,4,0,NULL,NULL,4,0,NULL,3,NULL),
(4743,52,42,68,4,1,2,7,5,0,NULL,3,NULL),
(4744,49,77,68,4,0,NULL,NULL,2,0,NULL,2,'I\'m employed as a sysadmin, so I see the homelab as a mix between fun, utility and career development'),
(4745,54,42,68,4,1,NULL,7,6,0,NULL,2,NULL),
(4746,50,64,68,4,1,5,8,2,0,NULL,3,NULL),
(4747,49,42,68,4,0,NULL,NULL,10,0,NULL,3,NULL),
(4748,52,42,68,4,1,1,6,4,0,NULL,3,NULL),
(4749,54,51,70,3,1,1,6,2,0,NULL,3,NULL),
(4750,51,42,68,4,1,1,8,2,0,NULL,3,NULL),
(4751,51,43,70,3,1,2,9,8,1,3,3,NULL),
(4752,51,52,70,4,0,NULL,NULL,10,1,1,3,NULL),
(4753,50,42,70,2,0,NULL,NULL,15,0,NULL,2,NULL),
(4754,53,42,70,4,0,NULL,NULL,3,0,NULL,3,NULL),
(4755,54,42,68,4,1,7,6,10,1,3,3,NULL),
(4756,49,42,68,4,0,NULL,NULL,2,0,NULL,3,NULL),
(4757,53,43,70,2,1,5,8,1,NULL,NULL,3,NULL),
(4758,53,42,70,4,0,NULL,NULL,2,0,NULL,3,NULL),
(4759,51,52,68,NULL,0,NULL,NULL,1,NULL,NULL,3,NULL),
(4760,51,42,70,4,0,NULL,NULL,10,0,NULL,3,NULL),
(4761,143,42,70,5,1,5,6,5,0,NULL,NULL,NULL),
(4762,53,42,70,3,1,6,10,2,0,NULL,3,NULL),
(4763,52,42,70,2,1,5,8,3,0,NULL,3,NULL),
(4764,51,42,70,4,1,5,10,2,0,NULL,3,NULL),
(4765,53,42,68,4,1,5,8,NULL,0,NULL,3,NULL),
(4766,53,42,70,4,0,NULL,NULL,2,0,NULL,3,NULL),
(4767,51,42,68,2,0,NULL,NULL,5,0,NULL,3,NULL),
(4768,50,42,68,2,1,1,6,3,0,NULL,1,NULL),
(4769,49,48,70,4,1,0,NULL,6,0,NULL,2,NULL),
(4770,50,54,70,4,0,NULL,NULL,8,0,NULL,1,NULL),
(4771,143,44,70,3,1,6,6,10,0,NULL,3,NULL),
(4772,52,61,68,4,1,2,6,3,0,NULL,3,NULL),
(4773,49,77,68,3,0,NULL,NULL,5,1,2,2,NULL),
(4774,51,42,70,4,1,7,7,5,0,NULL,3,NULL),
(4775,51,42,68,4,1,1,6,3,0,NULL,3,NULL),
(4776,54,42,70,2,1,6,8,1,NULL,NULL,3,NULL),
(4777,50,42,68,2,1,6,8,5,0,NULL,3,NULL),
(4778,49,42,68,2,1,1,6,5,0,NULL,3,NULL),
(4779,51,42,68,4,1,1,9,1,NULL,NULL,3,NULL),
(4780,53,42,69,NULL,0,NULL,NULL,1,NULL,NULL,3,NULL),
(4781,53,42,70,4,1,5,9,20,0,NULL,1,NULL),
(4782,51,42,68,4,1,7,7,4,1,1,1,'Sommigen hebben meerdere OS\'en draaien. Effectief draai je in Docker ook een ander OS. '),
(4783,NULL,NULL,NULL,NULL,NULL,NULL,NULL,NULL,NULL,NULL,NULL,NULL),
(4784,51,42,68,4,1,5,7,NULL,1,2,3,NULL),
(4785,52,42,70,4,1,5,7,2,0,NULL,3,NULL),
(4786,50,42,69,NULL,1,6,10,3,1,2,3,NULL),
(4787,49,42,70,4,1,5,6,2,1,2,3,NULL),
(4788,50,42,70,4,0,NULL,NULL,2,0,NULL,1,NULL),
(4789,54,57,70,6,1,5,8,5,0,NULL,3,NULL),
(4790,51,58,69,NULL,1,5,9,12,0,NULL,3,NULL),
(4791,50,42,70,3,1,1,10,4,1,3,2,NULL),
(4792,54,51,69,NULL,1,5,6,3,0,NULL,3,NULL),
(4793,145,61,68,79,1,3,6,5,0,NULL,3,NULL),
(4794,51,43,70,4,1,3,6,3,0,NULL,3,NULL),
(4795,53,42,68,2,1,5,6,1,NULL,NULL,3,NULL),
(4796,51,42,68,4,1,1,10,2,0,NULL,3,NULL),
(4797,49,44,69,NULL,0,NULL,NULL,1,NULL,NULL,1,NULL),
(4798,55,42,68,8,0,NULL,NULL,2,0,NULL,3,NULL),
(4799,52,42,68,2,1,1,7,3,0,NULL,3,NULL),
(4800,51,42,68,4,1,5,8,1,NULL,NULL,3,NULL),
(4801,49,43,69,NULL,0,NULL,NULL,4,0,NULL,3,NULL),
(4802,50,42,68,5,1,1,8,2,0,NULL,3,NULL),
(4803,50,42,68,4,0,NULL,NULL,6,0,NULL,3,NULL),
(4804,51,64,68,4,0,NULL,NULL,2,0,NULL,3,NULL),
(4805,50,42,68,4,1,5,8,2,1,1,3,NULL),
(4806,49,42,68,4,1,5,6,10,0,NULL,3,NULL),
(4807,49,42,70,4,1,1,8,3,0,NULL,3,NULL),
(4808,143,61,68,2,0,NULL,NULL,3,0,NULL,3,NULL),
(4809,50,42,68,2,1,3,6,2,0,NULL,3,NULL),
(4810,51,42,68,4,1,1,9,3,0,NULL,3,NULL),
(4811,50,42,68,4,1,5,7,1,NULL,NULL,3,NULL),
(4812,49,42,70,8,1,7,6,12,1,3,1,'Dont reinvent the wheel... '),
(4813,54,58,69,NULL,1,6,7,10,1,3,3,NULL),
(4814,53,42,69,NULL,1,0,8,2,0,NULL,3,NULL),
(4815,51,42,70,4,0,NULL,NULL,5,0,NULL,3,NULL),
(4816,49,42,68,4,1,4,10,1,NULL,NULL,3,NULL),
(4817,51,42,70,4,1,1,8,4,0,NULL,3,NULL),
(4818,53,42,69,NULL,1,1,6,3,0,NULL,3,NULL),
(4819,49,42,68,4,1,1,6,5,1,3,2,'I use multiple hardware setups and distros. '),
(4820,54,43,68,4,1,NULL,8,1,NULL,NULL,1,NULL),
(4821,143,44,68,3,0,NULL,NULL,4,0,NULL,3,NULL),
(4822,49,62,68,4,0,NULL,NULL,5,1,3,3,NULL),
(4823,51,42,68,4,0,NULL,NULL,16,0,NULL,3,NULL),
(4824,52,42,70,2,1,5,8,8,0,NULL,3,NULL),
(4825,54,42,68,4,1,7,10,1,NULL,NULL,3,NULL),
(4826,51,42,68,4,1,4,9,5,0,NULL,3,NULL),
(4827,49,44,68,4,1,3,6,6,0,NULL,2,NULL),
(4828,50,42,70,4,1,5,8,5,0,NULL,2,NULL),
(4829,50,42,70,4,1,5,8,NULL,0,NULL,3,NULL),
(4830,51,42,68,2,1,6,8,1,NULL,NULL,3,NULL),
(4831,54,42,69,NULL,1,0,8,1,NULL,NULL,3,NULL),
(4832,51,54,70,4,1,5,8,1,NULL,NULL,3,NULL),
(4833,49,42,68,4,0,NULL,NULL,1,NULL,NULL,NULL,NULL),
(4834,50,170,68,4,1,3,10,1,NULL,NULL,3,NULL),
(4835,49,54,70,4,1,4,10,3,0,NULL,3,NULL),
(4836,53,42,69,NULL,0,NULL,NULL,3,0,NULL,3,NULL),
(4837,51,42,68,2,0,NULL,NULL,5,0,NULL,3,NULL),
(4838,49,42,68,2,1,NULL,6,7,1,2,3,NULL),
(4839,53,42,69,NULL,0,NULL,NULL,3,0,NULL,3,NULL),
(4840,51,42,70,5,1,2,9,1,NULL,NULL,3,NULL),
(4841,51,42,68,4,0,NULL,NULL,3,0,NULL,1,NULL),
(4842,55,43,68,4,1,5,8,1,NULL,NULL,3,NULL),
(4843,51,42,68,4,1,5,6,5,0,NULL,1,NULL),
(4844,52,42,68,4,1,5,8,5,0,NULL,3,NULL),
(4845,49,42,68,3,0,NULL,NULL,4,0,NULL,1,NULL),
(4846,53,42,68,4,0,NULL,NULL,7,0,NULL,3,NULL),
(4847,51,42,68,4,0,NULL,NULL,5,0,NULL,3,NULL),
(4848,51,54,70,4,1,3,6,18,0,NULL,2,NULL),
(4849,54,64,69,NULL,1,2,7,1,NULL,NULL,2,NULL),
(4850,50,42,68,4,0,NULL,NULL,1,NULL,NULL,3,NULL),
(4851,53,42,68,NULL,0,NULL,NULL,5,0,NULL,1,NULL),
(4852,50,64,68,4,1,3,NULL,1,NULL,NULL,3,NULL),
(4853,55,42,68,4,1,5,7,3,0,NULL,3,NULL),
(4854,55,42,70,4,1,6,6,1000,0,NULL,1,NULL),
(4855,51,42,68,2,1,1,9,9,0,NULL,3,NULL),
(4856,51,64,68,4,1,5,8,1,NULL,NULL,3,NULL),
(4857,53,42,70,4,1,4,9,1,NULL,NULL,3,NULL),
(4858,50,42,68,2,1,6,6,2,0,NULL,3,NULL),
(4859,49,42,70,2,0,NULL,NULL,1,NULL,NULL,3,NULL),
(4860,52,42,68,5,1,6,6,2,0,NULL,1,NULL),
(4861,49,44,68,3,1,2,6,5,0,NULL,2,NULL),
(4862,50,54,70,4,1,1,7,4,0,NULL,3,NULL),
(4863,52,42,68,4,0,NULL,NULL,3,0,NULL,3,NULL),
(4864,51,42,69,NULL,0,NULL,NULL,1,NULL,NULL,3,NULL),
(4865,50,42,68,4,1,5,9,30,0,NULL,3,NULL),
(4866,51,48,68,4,1,5,6,2,0,NULL,2,NULL),
(4867,49,42,70,4,1,4,6,2,0,NULL,3,NULL),
(4868,50,42,68,10,1,5,9,9,0,NULL,2,NULL),
(4869,50,54,68,4,0,NULL,NULL,5,0,NULL,3,NULL),
(4870,52,43,68,4,1,6,7,1,NULL,NULL,3,NULL),
(4871,49,170,70,4,1,1,10,2,0,NULL,2,NULL),
(4872,51,42,70,2,0,NULL,NULL,6,0,NULL,3,NULL),
(4873,51,42,70,2,1,1,10,2,0,NULL,3,NULL),
(4874,49,77,68,5,1,5,8,4,1,3,2,NULL),
(4875,49,42,68,4,1,5,8,4,0,NULL,3,NULL),
(4876,50,44,70,4,1,6,7,2,0,NULL,3,NULL),
(4877,52,170,68,4,1,2,10,4,0,NULL,2,NULL),
(4878,52,42,70,4,0,NULL,NULL,2,0,NULL,3,NULL),
(4879,52,52,68,4,0,NULL,NULL,7,1,3,1,NULL),
(4880,54,42,68,4,0,NULL,NULL,1,NULL,NULL,3,NULL),
(4881,51,42,70,3,1,7,6,2,0,NULL,2,NULL),
(4882,52,42,70,4,1,4,10,3,0,NULL,3,NULL),
(4883,53,42,68,4,0,NULL,NULL,1,NULL,NULL,3,NULL),
(4884,143,42,68,4,0,NULL,NULL,2,0,NULL,2,'Yunohost. Check that. '),
(4885,49,42,68,4,0,NULL,NULL,5,0,NULL,2,NULL),
(4886,50,42,68,4,1,5,8,3,0,NULL,1,'I would like to use k8s, but is more complex than docker'),
(4887,52,64,68,4,0,NULL,NULL,3,0,NULL,1,NULL),
(4888,53,42,70,4,0,NULL,NULL,1,NULL,NULL,3,NULL),
(4889,49,42,68,3,1,1,6,2,0,NULL,3,NULL),
(4890,52,48,68,4,1,1,9,1,NULL,NULL,3,NULL),
(4891,49,42,68,4,0,NULL,NULL,5,0,NULL,3,NULL),
(4892,54,42,70,4,0,NULL,NULL,10,1,2,3,NULL),
(4893,50,42,70,4,1,1,7,2,1,2,3,NULL),
(4894,51,42,68,4,1,4,10,2,1,2,3,NULL),
(4895,53,42,70,4,1,4,8,5,0,NULL,3,NULL),
(4896,54,42,70,4,1,5,6,1,NULL,NULL,3,NULL),
(4897,49,42,68,4,1,2,6,8,0,NULL,2,'Good luck :)'),
(4898,49,52,68,6,0,NULL,NULL,10,1,3,1,NULL),
(4899,49,42,68,4,1,2,7,5,0,NULL,1,NULL),
(4900,52,61,70,4,1,1,10,20,0,NULL,2,NULL),
(4901,54,42,69,NULL,0,NULL,NULL,1,NULL,NULL,3,NULL),
(4902,51,42,68,4,0,NULL,NULL,2,0,NULL,3,NULL),
(4903,49,48,68,8,1,5,7,7,1,3,2,NULL),
(4904,49,42,70,2,0,NULL,NULL,1,NULL,NULL,3,NULL),
(4905,51,44,69,NULL,1,2,6,5,0,NULL,3,NULL),
(4906,51,42,68,4,0,NULL,NULL,1,NULL,NULL,3,NULL),
(4907,143,169,69,NULL,0,NULL,NULL,1,NULL,NULL,3,NULL),
(4908,55,42,70,4,0,NULL,NULL,10,0,NULL,2,NULL),
(4909,52,42,68,8,1,0,6,11,1,3,2,NULL),
(4910,52,77,69,NULL,1,3,8,2,0,NULL,3,NULL),
(4911,53,42,70,4,0,NULL,NULL,1,NULL,NULL,3,NULL),
(4912,49,42,70,4,0,NULL,NULL,3,0,NULL,3,NULL),
(4913,49,42,68,2,0,NULL,NULL,6,0,NULL,3,NULL),
(4914,52,42,68,2,1,1,8,2,0,NULL,3,NULL),
(4915,53,42,69,NULL,0,NULL,NULL,1,NULL,NULL,3,NULL),
(4916,51,44,68,4,1,NULL,8,1,NULL,NULL,3,NULL),
(4917,51,52,70,2,0,NULL,NULL,3,0,NULL,3,NULL),
(4918,53,42,68,4,1,7,9,1,NULL,NULL,1,NULL),
(4919,50,169,68,4,0,NULL,NULL,8,0,NULL,3,NULL),
(4920,54,42,68,3,1,1,7,1,NULL,NULL,2,NULL),
(4921,50,42,70,2,1,4,8,5,1,2,1,NULL),
(4922,53,42,70,4,1,1,9,1,NULL,NULL,3,NULL),
(4923,55,42,68,4,1,3,6,4,1,2,3,NULL),
(4924,50,42,70,2,1,1,6,3,0,NULL,3,NULL),
(4925,53,44,70,10,1,1,9,2,1,2,3,NULL),
(4926,49,42,70,10,1,6,8,5,0,NULL,3,NULL),
(4927,49,42,70,3,1,1,9,1,NULL,NULL,1,NULL),
(4928,53,42,70,4,1,0,10,2,0,NULL,3,NULL),
(4929,50,42,68,4,1,5,10,5,0,NULL,3,NULL),
(4930,51,169,68,4,0,NULL,NULL,4,0,NULL,3,NULL),
(4931,50,52,69,NULL,0,NULL,NULL,3,0,NULL,3,NULL),
(4932,49,42,69,NULL,0,NULL,NULL,3,0,NULL,3,NULL),
(4933,53,42,68,4,1,2,6,10,1,3,2,'I self host to educate others about the benefits of self-hosting along with personal use'),
(4934,49,52,69,NULL,0,NULL,NULL,5,1,3,1,'General lab setup; started using windows to learn for work, and have added linux vms as necessary'),
(4935,51,64,68,5,1,5,9,2,0,NULL,3,NULL),
(4936,53,42,70,4,1,3,10,2,0,NULL,2,NULL),
(4937,50,64,68,4,1,6,6,5,1,2,3,NULL),
(4938,50,42,70,4,1,2,8,40,0,NULL,3,NULL),
(4939,50,44,68,4,1,1,10,15,0,NULL,3,NULL),
(4940,49,42,70,3,1,7,6,7,0,NULL,3,NULL),
(4941,55,42,68,8,1,2,7,20,1,2,2,NULL),
(4942,49,44,70,4,1,5,6,3,0,NULL,3,NULL),
(4943,49,48,68,2,1,1,7,3,1,2,1,NULL),
(4944,51,42,68,4,1,3,10,3,0,NULL,3,NULL),
(4945,53,170,68,2,1,6,10,5,0,NULL,3,NULL),
(4946,53,42,68,4,1,0,7,2,0,NULL,3,NULL),
(4947,53,42,70,4,1,5,8,2,1,2,3,NULL),
(4948,50,42,69,NULL,1,5,8,2,0,NULL,3,NULL),
(4949,52,42,68,4,1,5,6,6,1,3,3,NULL),
(4950,51,169,70,4,0,NULL,NULL,5,0,NULL,1,NULL),
(4951,53,42,69,NULL,1,4,6,2,1,3,3,NULL),
(4952,53,42,70,4,1,2,6,3,0,NULL,3,NULL),
(4953,53,42,68,4,1,NULL,10,4,1,2,3,NULL),
(4954,53,42,69,NULL,1,2,8,3,0,NULL,3,NULL),
(4955,51,44,68,4,1,5,9,4,0,NULL,3,NULL),
(4956,50,54,68,2,1,4,6,8,0,NULL,2,NULL),
(4957,51,42,70,2,0,NULL,NULL,2,0,NULL,3,NULL),
(4958,51,42,68,4,1,2,8,2,0,NULL,2,NULL),
(4959,49,77,68,4,0,NULL,NULL,2,1,1,3,NULL),
(4960,51,42,70,4,1,2,6,2,0,NULL,3,NULL),
(4961,51,42,70,4,1,3,6,15,1,3,3,NULL),
(4962,50,42,70,4,0,NULL,NULL,10,0,NULL,2,NULL),
(4963,53,42,69,NULL,1,5,10,2,0,NULL,1,'I use yunohost. It automatically handles a lot of stuff for me'),
(4964,51,42,68,NULL,0,NULL,NULL,10,0,NULL,3,NULL),
(4965,54,42,68,4,1,2,6,1,NULL,NULL,3,NULL),
(4966,54,64,70,4,1,6,8,10,1,3,3,NULL),
(4967,49,42,68,4,0,NULL,NULL,6,0,NULL,3,NULL),
(4968,51,42,70,12,0,NULL,NULL,1,NULL,NULL,1,NULL),
(4969,53,42,70,2,1,1,10,6,0,NULL,3,NULL),
(4970,49,77,70,2,1,1,7,2,0,NULL,3,NULL),
(4971,51,42,68,3,1,2,8,10,0,NULL,3,NULL),
(4972,52,42,70,4,0,NULL,NULL,3,0,NULL,3,NULL),
(4973,50,42,70,2,0,NULL,NULL,3,0,NULL,1,NULL),
(4974,50,42,68,4,1,1,6,3,1,1,3,NULL),
(4975,51,52,68,4,1,2,8,1,NULL,NULL,3,NULL),
(4976,52,64,69,NULL,1,2,7,3,0,NULL,3,NULL),
(4977,50,42,68,13,1,0,8,3,0,NULL,2,NULL),
(4978,53,57,69,NULL,1,5,7,1,NULL,NULL,3,NULL),
(4979,51,42,68,4,1,2,9,3,0,NULL,3,NULL),
(4980,52,42,69,NULL,0,NULL,NULL,5,0,NULL,3,NULL),
(4981,53,42,70,NULL,1,0,9,2,0,NULL,3,NULL),
(4982,51,42,70,2,1,5,8,3,0,NULL,3,NULL),
(4983,50,42,70,4,1,5,10,5,0,NULL,3,NULL),
(4984,143,42,69,NULL,1,5,6,6,1,2,3,NULL),
(4985,50,48,70,4,1,2,9,3,1,1,3,NULL),
(4986,49,54,68,17,0,NULL,NULL,3,0,NULL,3,NULL),
(4987,143,169,68,4,0,NULL,NULL,11,0,NULL,3,NULL),
(4988,53,42,68,4,1,5,10,6,0,NULL,1,NULL),
(4989,51,43,68,4,0,NULL,NULL,4,0,NULL,3,NULL),
(4990,51,42,69,NULL,1,4,8,2,1,3,3,NULL),
(4991,143,44,68,80,1,5,6,3,1,2,2,NULL),
(4992,54,42,69,NULL,1,2,7,5,1,3,3,NULL),
(4993,53,82,69,NULL,1,5,10,2,0,NULL,3,NULL),
(4994,54,42,68,4,0,NULL,NULL,1,NULL,NULL,3,NULL),
(4995,50,42,70,2,1,NULL,8,10,0,NULL,3,NULL),
(4996,51,42,70,3,0,NULL,NULL,1,NULL,NULL,3,NULL),
(4997,143,52,68,4,0,NULL,NULL,1,NULL,NULL,3,NULL),
(4998,143,169,68,4,0,NULL,NULL,5,0,NULL,3,NULL),
(4999,53,42,70,4,1,6,6,4,0,NULL,3,NULL),
(5000,53,42,70,4,0,NULL,NULL,1,NULL,NULL,3,NULL),
(5001,52,57,70,4,0,NULL,NULL,1,NULL,NULL,3,NULL),
(5002,50,54,70,4,0,NULL,NULL,2,0,NULL,3,NULL),
(5003,53,42,70,4,1,5,8,2,0,NULL,3,NULL),
(5004,143,42,68,4,1,4,8,2,0,NULL,3,NULL),
(5005,49,52,68,4,0,NULL,NULL,6,1,2,2,NULL),
(5006,51,42,68,5,1,5,6,2,0,NULL,3,NULL),
(5007,50,42,68,4,1,1,7,2,0,NULL,3,NULL),
(5008,50,42,68,4,1,3,7,1,NULL,NULL,3,NULL),
(5009,49,42,68,4,0,NULL,NULL,2,0,NULL,3,NULL),
(5010,52,42,70,4,1,1,8,4,0,NULL,3,NULL),
(5011,51,44,70,4,1,3,7,1,NULL,NULL,3,NULL),
(5012,50,42,69,NULL,1,7,8,5,1,3,3,NULL),
(5013,49,169,68,10,1,4,6,4,1,2,1,NULL),
(5014,49,42,68,4,1,4,9,5,0,NULL,3,NULL),
(5015,55,42,68,4,1,2,6,7,0,NULL,3,NULL),
(5016,49,43,70,4,0,NULL,NULL,3,0,NULL,3,NULL),
(5017,50,64,69,NULL,1,4,8,30,0,NULL,3,NULL),
(5018,53,42,68,3,1,5,7,4,0,NULL,3,NULL),
(5019,143,43,68,4,1,3,8,500,0,NULL,1,NULL),
(5020,52,42,70,2,1,7,10,25,1,3,2,NULL),
(5021,54,42,69,NULL,1,6,6,5,1,2,3,NULL),
(5022,50,64,70,4,1,5,10,3,0,NULL,3,NULL),
(5023,50,44,70,4,1,5,8,6,0,NULL,3,NULL),
(5024,50,42,68,4,1,4,6,1,NULL,NULL,3,NULL),
(5025,50,42,68,3,1,7,9,7,0,NULL,1,NULL),
(5026,55,82,68,4,1,5,6,10,0,NULL,2,NULL),
(5027,54,42,69,NULL,1,NULL,8,1,NULL,NULL,3,NULL),
(5028,52,42,70,4,1,5,7,4,0,NULL,3,NULL),
(5029,143,169,69,NULL,0,NULL,NULL,12,0,NULL,2,NULL),
(5030,53,42,68,3,1,5,6,2,1,2,1,'I use a Threadripper build with KDE neon as my control (master) node for all 7 rPi\'s. sorry I\'m not filling out another survey for it. thanks though. '),
(5031,51,64,68,4,1,1,9,2,1,1,2,NULL),
(5032,49,42,70,3,1,0,6,1,NULL,NULL,3,NULL),
(5033,50,87,69,NULL,1,1,7,5,0,NULL,3,NULL),
(5034,50,42,70,2,1,2,8,2,0,NULL,3,NULL),
(5035,50,48,68,4,1,2,6,3,0,NULL,3,NULL),
(5036,53,64,68,4,0,NULL,NULL,1,NULL,NULL,3,NULL),
(5037,51,44,68,4,1,5,7,2,0,NULL,3,NULL),
(5038,52,64,69,NULL,1,4,8,4,0,NULL,3,NULL),
(5039,52,42,68,2,1,2,6,3,0,NULL,3,NULL),
(5040,49,42,68,2,1,7,7,5,0,NULL,3,NULL),
(5041,52,42,70,2,0,NULL,NULL,1,NULL,NULL,3,NULL),
(5042,55,42,68,4,1,2,7,5,0,NULL,2,NULL),
(5043,55,42,68,2,0,NULL,NULL,3,0,NULL,3,NULL),
(5044,54,42,69,NULL,1,2,7,5,0,NULL,2,NULL),
(5045,51,64,70,3,0,NULL,NULL,1,NULL,NULL,2,NULL),
(5046,49,42,70,4,1,1,9,1,NULL,NULL,3,NULL),
(5047,51,42,68,5,1,5,6,2,0,NULL,3,NULL),
(5048,51,42,69,NULL,1,1,6,5,1,2,3,NULL),
(5049,51,54,70,17,1,1,10,5,0,NULL,3,NULL),
(5050,51,64,68,4,0,NULL,NULL,20,0,NULL,3,NULL),
(5051,50,42,70,4,1,1,9,5,0,NULL,3,NULL),
(5052,51,42,68,4,0,NULL,NULL,20,0,NULL,3,NULL),
(5053,50,64,68,4,1,5,7,1,NULL,NULL,3,NULL),
(5054,51,42,68,4,0,NULL,NULL,2,0,NULL,3,NULL),
(5055,53,64,69,NULL,1,4,8,4,0,NULL,3,NULL),
(5056,49,89,68,2,0,NULL,NULL,1,NULL,NULL,3,NULL),
(5057,54,42,70,4,1,4,8,1,NULL,NULL,3,NULL),
(5058,51,42,69,NULL,1,4,7,2,1,1,3,NULL),
(5059,53,42,68,4,1,5,7,4,0,NULL,3,NULL),
(5060,49,42,70,8,1,6,8,2,0,NULL,3,NULL),
(5061,55,42,68,8,1,3,6,150,0,NULL,1,NULL),
(5062,53,61,68,4,1,1,6,6,0,NULL,3,NULL),
(5063,51,42,70,4,1,5,7,8,0,NULL,3,NULL),
(5064,51,42,70,2,1,6,8,2,0,NULL,3,NULL),
(5065,54,42,70,4,1,5,6,4,0,NULL,3,NULL),
(5066,51,42,69,NULL,1,7,6,12,1,3,3,NULL),
(5067,50,42,68,4,1,7,6,25,1,3,3,NULL),
(5068,49,42,68,4,0,NULL,NULL,5,1,3,1,NULL),
(5069,54,42,68,4,1,6,7,2,0,NULL,3,NULL),
(5070,51,42,68,4,1,2,8,1,NULL,NULL,3,NULL),
(5071,49,77,68,13,1,4,9,5,1,3,1,NULL),
(5072,49,42,68,4,1,7,6,6,0,NULL,3,NULL),
(5073,49,42,68,2,0,NULL,NULL,2,0,NULL,3,NULL),
(5074,49,42,68,4,1,4,6,2,0,NULL,2,NULL),
(5075,143,42,68,4,0,NULL,NULL,2,0,NULL,3,NULL),
(5076,49,64,70,17,1,5,6,3,1,2,1,NULL),
(5077,50,43,70,4,1,2,8,8,0,NULL,3,NULL),
(5078,52,48,68,3,0,NULL,NULL,1,NULL,NULL,3,NULL),
(5079,49,42,70,4,1,4,8,1,NULL,NULL,3,NULL),
(5080,50,42,68,4,0,NULL,NULL,10,0,NULL,3,NULL),
(5081,50,43,70,4,1,5,6,2,0,NULL,3,NULL),
(5082,50,54,70,5,0,NULL,NULL,1,NULL,NULL,2,NULL),
(5083,54,42,69,NULL,0,NULL,NULL,12,0,NULL,3,NULL),
(5084,54,82,68,4,1,7,8,1,NULL,NULL,3,NULL),
(5085,53,42,70,4,1,1,8,4,0,NULL,3,NULL),
(5086,53,102,70,4,0,NULL,NULL,1,NULL,NULL,3,NULL),
(5087,49,64,70,4,0,NULL,NULL,5,1,2,3,NULL),
(5088,49,42,68,4,1,1,6,4,1,2,3,NULL),
(5089,49,42,70,4,1,5,10,30,0,NULL,3,NULL),
(5090,49,42,68,4,0,NULL,NULL,3,0,NULL,3,NULL),
(5091,55,42,70,4,1,5,9,10,0,NULL,3,NULL),
(5092,49,44,68,3,1,7,9,7,0,NULL,2,NULL),
(5093,50,42,70,3,1,3,10,3,0,NULL,2,NULL),
(5094,52,61,70,5,1,6,8,2,1,1,2,NULL),
(5095,143,42,68,2,0,NULL,NULL,NULL,0,NULL,3,NULL),
(5096,51,42,70,4,1,6,8,2,1,2,3,NULL),
(5097,51,42,68,4,0,NULL,NULL,NULL,0,NULL,3,NULL),
(5098,49,52,69,NULL,1,6,8,30,0,NULL,3,NULL),
(5099,54,42,69,NULL,1,NULL,6,1,NULL,NULL,3,NULL),
(5100,50,42,68,2,1,0,7,2,1,2,3,NULL),
(5101,49,54,70,4,1,7,9,15,0,NULL,1,NULL),
(5102,50,42,68,4,1,6,6,10,1,2,2,NULL),
(5103,53,42,70,4,1,4,10,1,NULL,NULL,3,NULL),
(5104,49,82,69,NULL,1,1,6,2,0,NULL,3,NULL),
(5105,54,42,68,4,1,4,6,1,NULL,NULL,3,NULL),
(5106,54,42,70,4,0,NULL,NULL,100,0,NULL,3,NULL),
(5107,143,42,68,79,1,5,8,3,0,NULL,3,NULL),
(5108,50,54,68,4,1,2,9,6,0,NULL,3,NULL),
(5109,50,43,68,4,1,2,8,5,0,NULL,3,NULL),
(5110,52,42,70,4,0,NULL,NULL,2,0,NULL,2,NULL),
(5111,53,42,70,4,1,6,7,2,0,NULL,3,NULL),
(5112,49,54,70,4,1,4,8,3,0,NULL,3,NULL),
(5113,49,48,68,4,1,5,6,2,0,NULL,3,NULL),
(5114,53,42,68,4,1,7,6,10,1,3,3,NULL),
(5115,53,42,68,4,1,1,10,2,0,NULL,3,NULL),
(5116,52,42,68,4,1,1,9,5,0,NULL,3,NULL),
(5117,49,169,70,2,0,NULL,NULL,2,0,NULL,2,NULL),
(5118,49,77,68,13,0,NULL,NULL,2,0,NULL,2,NULL),
(5119,143,42,68,4,1,5,9,20,0,NULL,3,NULL),
(5120,50,54,70,NULL,0,NULL,NULL,4,0,NULL,2,NULL),
(5121,52,44,70,13,1,4,6,2,0,NULL,3,NULL),
(5122,49,42,68,4,0,NULL,NULL,6,0,NULL,2,NULL),
(5123,52,42,70,4,1,5,10,3,0,NULL,3,NULL),
(5124,51,42,68,4,1,4,6,6,1,3,3,NULL),
(5125,49,64,70,4,1,NULL,6,3,0,NULL,1,NULL),
(5126,55,42,68,3,1,5,9,1,NULL,NULL,1,NULL),
(5127,55,42,70,4,1,7,8,16,0,NULL,2,'Homelabos'),
(5128,52,42,69,NULL,1,5,8,2,0,NULL,3,NULL),
(5129,55,77,69,NULL,1,6,10,6,0,NULL,2,NULL),
(5130,54,64,70,4,1,5,6,1,NULL,NULL,2,NULL),
(5131,49,77,68,4,1,2,9,5,1,3,3,NULL),
(5132,50,52,70,4,1,6,8,3,NULL,3,3,NULL),
(5133,52,61,68,4,1,6,10,6,1,3,2,NULL),
(5134,50,42,70,4,1,7,9,5,1,2,3,NULL),
(5135,145,170,68,2,0,NULL,NULL,10,0,NULL,3,NULL),
(5136,50,42,70,4,1,5,8,4,1,2,3,NULL),
(5137,143,42,70,4,1,5,6,8,0,NULL,2,NULL),
(5138,54,42,68,4,1,5,8,4,0,NULL,3,NULL),
(5139,55,169,69,NULL,1,7,7,200,0,NULL,2,NULL),
(5140,55,42,68,3,1,1,8,50,1,3,1,NULL),
(5141,53,57,70,4,1,4,8,1,NULL,NULL,3,NULL),
(5142,51,42,68,4,1,4,6,3,0,NULL,3,NULL),
(5143,54,42,70,4,1,7,6,1500,0,NULL,3,NULL),
(5144,NULL,NULL,NULL,NULL,NULL,NULL,NULL,NULL,NULL,NULL,NULL,NULL),
(5145,51,44,70,4,0,NULL,NULL,2,1,2,1,NULL),
(5146,49,97,68,2,0,NULL,NULL,2,0,NULL,2,NULL),
(5147,54,57,68,4,1,1,9,2,1,1,3,NULL),
(5148,51,42,69,NULL,1,1,6,20,1,3,1,NULL),
(5149,54,170,68,80,1,1,6,100,1,3,1,NULL),
(5150,49,42,69,NULL,0,NULL,NULL,1,NULL,NULL,3,NULL),
(5151,49,42,68,2,0,NULL,NULL,20,0,NULL,3,NULL),
(5152,51,42,69,NULL,0,NULL,NULL,8,0,NULL,3,NULL),
(5153,50,52,68,4,1,7,7,4,0,NULL,3,NULL),
(5154,53,42,69,NULL,1,3,8,NULL,0,NULL,3,NULL),
(5155,143,42,68,2,1,7,7,1,NULL,NULL,3,NULL),
(5156,51,42,68,4,0,NULL,NULL,10,0,NULL,3,NULL),
(5157,49,77,68,4,1,3,6,5,0,NULL,3,NULL),
(5158,53,42,70,3,1,1,7,1,NULL,NULL,2,NULL),
(5159,49,77,68,2,0,NULL,NULL,11,0,NULL,3,NULL),
(5160,52,42,70,2,1,1,7,9,0,NULL,3,NULL),
(5161,54,42,69,NULL,0,NULL,NULL,300,1,3,3,NULL),
(5162,54,42,68,4,1,5,8,1,NULL,NULL,3,NULL),
(5163,51,42,68,2,1,2,6,5,0,NULL,1,NULL),
(5164,51,54,70,17,1,5,7,2,0,NULL,2,NULL),
(5165,50,42,70,6,1,5,8,6,0,NULL,2,'you didn\'t ask about storage. have 40tb'),
(5166,50,54,70,NULL,1,1,8,10,1,2,3,NULL),
(5167,51,42,70,4,0,NULL,NULL,2,0,NULL,2,NULL),
(5168,50,42,68,4,1,6,7,1,NULL,NULL,1,NULL),
(5169,50,42,70,4,0,NULL,NULL,10,1,2,3,NULL),
(5170,50,42,68,2,1,2,8,1,NULL,NULL,3,NULL),
(5171,55,48,68,79,1,7,9,5,0,NULL,1,NULL),
(5172,53,42,69,NULL,1,2,6,4,0,NULL,3,NULL),
(5173,53,42,70,4,1,6,8,2,0,NULL,3,NULL),
(5174,53,102,69,NULL,0,NULL,NULL,1,NULL,NULL,3,NULL),
(5175,52,42,68,NULL,1,1,6,5,0,NULL,3,NULL),
(5176,53,42,70,2,0,NULL,NULL,1,NULL,NULL,3,NULL),
(5177,52,42,68,4,0,NULL,NULL,1,NULL,NULL,3,NULL),
(5178,50,42,70,4,1,3,8,4,1,2,3,NULL),
(5179,50,44,70,3,1,5,8,2,1,1,2,NULL),
(5180,51,43,68,79,1,4,9,1,NULL,NULL,3,NULL),
(5181,143,169,68,3,0,NULL,NULL,1,NULL,NULL,2,NULL),
(5182,51,42,70,4,1,5,10,2,0,NULL,3,NULL),
(5183,54,52,68,5,1,1,6,5,0,NULL,3,NULL),
(5184,52,42,68,4,1,6,8,1,NULL,NULL,3,NULL),
(5185,143,42,68,4,1,5,6,3,0,NULL,3,NULL),
(5186,143,169,68,5,1,2,6,2,0,NULL,3,NULL),
(5187,52,64,70,2,1,0,10,5,1,3,1,NULL),
(5188,49,52,68,4,0,NULL,NULL,1,NULL,NULL,1,NULL),
(5189,51,54,70,4,1,5,9,1,NULL,NULL,3,NULL),
(5190,49,42,70,4,0,NULL,NULL,10,0,NULL,3,NULL),
(5191,55,52,68,3,1,1,9,1,NULL,NULL,2,NULL),
(5192,53,64,68,4,1,4,6,5,0,NULL,2,NULL),
(5193,54,42,69,NULL,1,6,7,1,NULL,NULL,3,NULL),
(5194,54,42,69,NULL,1,5,10,4,0,NULL,3,NULL),
(5195,52,52,68,4,0,NULL,NULL,2,0,NULL,1,NULL),
(5196,52,42,70,3,1,7,6,5,1,2,2,NULL),
(5197,55,42,68,4,1,NULL,6,1,NULL,NULL,2,NULL),
(5198,54,42,70,4,1,1,6,2,0,NULL,3,NULL),
(5199,55,42,68,4,0,NULL,NULL,NULL,0,NULL,2,NULL),
(5200,51,43,69,NULL,1,NULL,6,1,NULL,NULL,2,NULL),
(5201,49,42,69,NULL,0,NULL,NULL,2,0,NULL,3,NULL),
(5202,53,42,70,4,1,6,6,4,0,NULL,2,'I am a computer science student, currently studying to get my masters degree. Also, I have developed and deployed several software projects (server-side and client-side).'),
(5203,51,52,68,4,1,5,6,5,0,NULL,1,NULL),
(5204,49,42,70,4,1,5,6,1,NULL,NULL,3,NULL),
(5205,51,42,68,5,1,5,10,8,0,NULL,1,NULL),
(5206,51,42,70,2,1,5,6,1000,0,NULL,3,NULL),
(5207,49,42,70,4,1,3,6,1,NULL,NULL,3,NULL),
(5208,50,54,70,4,0,NULL,NULL,4,0,NULL,3,NULL),
(5209,50,42,69,NULL,0,NULL,NULL,3,0,NULL,3,NULL),
(5210,53,42,69,NULL,0,NULL,NULL,4,0,NULL,2,NULL),
(5211,51,42,69,NULL,0,NULL,NULL,1,NULL,NULL,3,NULL),
(5212,50,52,69,NULL,1,5,8,1,NULL,NULL,3,NULL),
(5213,51,42,70,NULL,1,5,6,1,NULL,NULL,2,NULL),
(5214,54,42,69,NULL,0,NULL,NULL,1,NULL,NULL,3,NULL),
(5215,51,54,68,17,0,NULL,NULL,3,0,NULL,3,NULL),
(5216,54,42,70,4,1,3,6,1,NULL,NULL,3,NULL),
(5217,49,42,68,4,1,1,7,4,0,NULL,3,NULL),
(5218,53,42,70,4,1,1,8,6,0,NULL,3,NULL),
(5219,52,54,68,4,1,3,6,2,0,NULL,2,NULL),
(5220,53,42,69,NULL,1,2,10,2,0,NULL,3,NULL),
(5221,54,42,68,2,1,2,9,5,1,3,3,NULL),
(5222,52,42,70,4,1,4,6,2,0,NULL,3,NULL),
(5223,54,42,70,4,1,3,6,3,0,NULL,3,NULL),
(5224,51,42,70,4,1,2,7,1,NULL,NULL,3,NULL),
(5225,52,61,68,2,1,1,8,5,0,NULL,3,NULL),
(5226,52,42,70,4,1,7,6,1,NULL,NULL,3,NULL),
(5227,51,42,70,8,1,4,6,3,0,NULL,3,NULL),
(5228,54,42,68,2,0,NULL,NULL,15,0,NULL,3,NULL),
(5229,52,42,70,4,1,5,6,2,1,3,3,NULL),
(5230,145,42,68,4,0,NULL,NULL,2,1,2,3,NULL),
(5231,53,42,68,79,1,3,8,10,0,NULL,3,NULL),
(5232,53,42,69,NULL,1,3,9,2,0,NULL,3,NULL),
(5233,51,42,69,NULL,0,NULL,NULL,1,NULL,NULL,3,NULL),
(5234,51,44,70,4,1,5,8,3,0,NULL,3,NULL),
(5235,50,42,68,8,1,5,6,2,0,NULL,1,NULL),
(5236,50,97,70,17,0,NULL,NULL,20,0,NULL,3,NULL),
(5237,49,42,68,4,1,3,8,2,1,3,1,NULL),
(5238,53,42,68,4,0,NULL,NULL,8,0,NULL,3,NULL),
(5239,51,42,70,4,0,NULL,NULL,2,0,NULL,3,NULL),
(5240,51,58,70,2,0,NULL,NULL,5,0,NULL,2,NULL),
(5241,53,42,68,4,1,5,8,3,0,NULL,3,NULL),
(5242,51,42,70,4,1,3,6,2,0,NULL,3,NULL),
(5243,49,48,68,4,0,NULL,NULL,3,0,NULL,3,NULL),
(5244,54,42,68,4,1,0,6,2,0,NULL,3,NULL),
(5245,49,42,70,4,1,6,6,4,0,NULL,3,NULL),
(5246,49,42,68,4,1,0,10,3,0,NULL,3,NULL),
(5247,54,42,68,5,1,7,9,1,NULL,NULL,3,NULL),
(5248,51,42,68,4,1,5,10,10,0,NULL,3,NULL),
(5249,49,42,70,4,1,5,9,15,0,NULL,3,NULL),
(5250,51,42,70,4,1,1,8,2,0,NULL,3,NULL),
(5251,51,42,68,4,1,1,8,4,0,NULL,3,NULL),
(5252,55,44,69,NULL,1,5,6,20,1,3,3,NULL),
(5253,51,42,70,4,1,5,10,2,0,NULL,3,NULL),
(5254,51,64,68,2,0,NULL,NULL,1,NULL,NULL,3,NULL),
(5255,49,54,70,17,1,5,10,5,0,NULL,3,NULL),
(5256,50,58,69,NULL,1,1,6,1,NULL,NULL,2,NULL),
(5257,50,42,70,2,1,4,6,6,0,NULL,3,NULL),
(5258,49,42,70,5,1,5,6,10,0,NULL,3,NULL),
(5259,53,42,70,2,1,4,8,2,1,NULL,NULL,NULL),
(5260,53,42,68,4,1,2,7,1,NULL,NULL,3,NULL),
(5261,143,43,68,4,0,NULL,NULL,2,0,NULL,3,NULL),
(5262,52,42,69,NULL,1,5,6,1,NULL,NULL,1,NULL),
(5263,50,42,70,2,1,2,8,3,0,NULL,2,NULL),
(5264,50,54,68,4,1,3,8,6,0,NULL,1,NULL),
(5265,51,42,70,4,0,NULL,NULL,5,0,NULL,3,NULL),
(5266,55,77,68,4,0,NULL,NULL,2,0,NULL,2,'I work for a Managed Service Provider in IT, so my homeserver is some sort of playground for kind of work related stuff'),
(5267,50,54,68,17,0,NULL,NULL,2,0,NULL,3,NULL),
(5268,55,77,69,NULL,1,4,6,10,0,NULL,2,'For the survay i Consolidated a single cluster of  8physical servers all on esxi and over 40 vms for various purposes, many are redundant copies on additional hosts.'),
(5269,49,43,70,NULL,0,NULL,NULL,3,0,NULL,3,NULL),
(5270,49,47,68,3,0,NULL,NULL,2,0,NULL,3,NULL),
(5271,51,42,68,4,0,NULL,NULL,2,0,NULL,3,NULL),
(5272,50,52,70,4,0,NULL,NULL,2,0,NULL,3,NULL),
(5273,50,42,70,4,1,4,10,NULL,0,NULL,3,NULL),
(5274,50,64,70,5,1,5,10,2,0,NULL,3,NULL),
(5275,51,42,68,4,1,1,9,1,NULL,NULL,3,NULL),
(5276,52,42,68,2,0,NULL,NULL,3,0,NULL,3,NULL),
(5277,50,54,70,4,1,2,10,5,0,NULL,3,NULL),
(5278,51,42,70,4,1,5,8,1,NULL,NULL,3,NULL),
(5279,53,42,70,4,1,7,10,2,0,NULL,1,NULL),
(5280,54,42,70,3,1,3,9,10,1,3,1,NULL),
(5281,49,42,68,4,0,NULL,NULL,2,0,NULL,3,NULL),
(5282,51,42,69,NULL,1,0,8,3,0,NULL,3,NULL),
(5283,51,42,70,2,0,NULL,NULL,20,0,NULL,3,NULL),
(5284,51,42,68,4,1,3,9,3,1,2,3,NULL),
(5285,54,42,68,4,1,1,7,4,0,NULL,3,NULL),
(5286,51,42,70,2,0,NULL,NULL,1,NULL,NULL,3,NULL),
(5287,49,42,68,4,1,2,10,3,0,NULL,3,NULL),
(5288,52,42,70,3,1,6,8,4,1,3,2,NULL),
(5289,52,42,68,4,1,5,7,4,0,NULL,3,NULL),
(5290,51,42,68,4,1,6,6,1,NULL,NULL,1,NULL),
(5291,55,42,68,4,0,NULL,NULL,25,0,NULL,2,NULL),
(5292,50,42,68,2,0,NULL,NULL,3,0,NULL,3,NULL),
(5293,50,42,68,NULL,1,1,7,2,0,NULL,2,NULL),
(5294,51,44,70,3,1,7,6,17,0,NULL,3,NULL),
(5295,50,42,68,4,1,0,6,10,1,2,3,NULL),
(5296,52,61,68,35,0,NULL,NULL,5,0,NULL,3,NULL),
(5297,53,42,70,4,1,1,8,1,NULL,NULL,3,NULL),
(5298,50,77,68,3,1,3,6,5,0,NULL,1,NULL),
(5299,55,42,68,4,1,1,6,5,0,NULL,3,NULL),
(5300,55,44,68,3,1,5,9,15,1,3,1,NULL),
(5301,55,52,68,3,1,3,6,8,1,3,2,'A major component of self hosting is having a dedicated environment to learn and test new technologies/skills for my own personal development '),
(5302,49,42,70,4,1,0,10,2,0,NULL,3,NULL),
(5303,50,42,70,2,0,NULL,NULL,20,0,NULL,2,NULL),
(5304,51,42,68,5,1,1,8,2,0,NULL,3,NULL),
(5305,49,42,70,3,1,3,9,NULL,1,3,2,NULL),
(5306,49,64,68,4,1,1,8,2,0,NULL,3,NULL),
(5307,50,42,68,4,1,4,9,6,1,3,3,NULL),
(5308,53,42,70,4,1,6,7,3,0,NULL,3,NULL),
(5309,51,42,68,4,0,NULL,NULL,4,0,NULL,3,NULL),
(5310,53,42,68,4,1,1,6,4,1,3,3,NULL),
(5311,52,42,68,4,1,1,6,5,1,2,3,NULL),
(5312,50,64,69,NULL,1,5,6,17,1,1,1,NULL),
(5313,52,44,70,2,1,5,6,7,1,2,3,NULL),
(5314,54,42,70,4,1,7,7,6,1,2,3,NULL),
(5315,53,42,69,NULL,1,5,6,3,0,NULL,3,NULL),
(5316,53,42,69,NULL,0,NULL,NULL,4,0,NULL,3,NULL),
(5317,51,42,70,5,0,NULL,NULL,5,0,NULL,3,NULL),
(5318,50,42,68,NULL,1,1,6,1,NULL,NULL,3,NULL),
(5319,54,42,70,5,0,NULL,NULL,1,NULL,NULL,3,NULL),
(5320,52,42,68,4,1,5,8,2,0,NULL,3,NULL),
(5321,52,82,68,79,1,2,8,3,0,NULL,3,NULL),
(5322,51,64,70,4,1,5,10,1,NULL,NULL,3,NULL),
(5323,51,42,70,4,0,NULL,NULL,2,0,NULL,3,NULL),
(5324,49,42,68,4,0,NULL,NULL,2,0,NULL,3,NULL),
(5325,50,42,70,3,1,7,9,5,0,NULL,2,'If you\'re gonna make something, please please please make it modular, if you look at the community there are lots of different people using less and more complicated systems, dont fixate on a single solution (which is a headache for scope, but modularity on it self is not...)'),
(5326,50,42,68,4,1,1,6,1,NULL,NULL,3,NULL),
(5327,53,42,69,NULL,1,6,6,8,0,NULL,3,NULL),
(5328,50,42,70,4,1,2,8,4,0,NULL,3,NULL),
(5329,51,42,70,4,1,3,6,2,0,NULL,3,NULL),
(5330,49,42,68,10,0,NULL,NULL,10,0,NULL,2,NULL),
(5331,53,64,68,5,1,1,9,1,NULL,NULL,3,NULL),
(5332,55,42,68,2,1,1,7,15,1,2,2,NULL),
(5333,51,42,68,4,1,1,8,4,0,NULL,3,NULL),
(5334,49,64,68,4,1,5,10,1,NULL,NULL,3,NULL),
(5335,51,42,68,2,1,5,8,5,0,NULL,3,NULL),
(5336,54,64,68,5,1,1,9,5,0,NULL,3,NULL),
(5337,51,42,70,4,1,7,10,5,1,3,3,NULL),
(5338,49,42,68,4,0,NULL,NULL,2,0,NULL,3,NULL),
(5339,52,42,70,4,0,NULL,NULL,6,0,NULL,3,NULL),
(5340,49,57,69,NULL,1,6,8,1,NULL,NULL,3,NULL),
(5341,50,42,70,NULL,1,1,10,2,0,NULL,3,NULL),
(5342,50,42,68,5,0,NULL,NULL,4,0,NULL,2,NULL),
(5343,143,169,68,79,1,NULL,8,6,0,NULL,3,NULL),
(5344,52,42,70,4,0,NULL,NULL,4,0,NULL,3,NULL),
(5345,49,42,68,4,1,2,8,5,0,NULL,3,NULL),
(5346,50,57,70,3,1,7,7,3,1,2,2,NULL),
(5347,55,44,68,3,1,1,8,4,0,NULL,3,NULL),
(5348,51,42,70,4,1,7,10,5,0,NULL,1,NULL),
(5349,50,42,68,4,0,NULL,NULL,2,0,NULL,2,NULL),
(5350,51,42,68,2,1,1,10,2,1,1,2,NULL),
(5351,49,44,68,4,1,5,6,2,0,NULL,1,NULL),
(5352,50,64,68,2,1,5,9,1,NULL,NULL,3,NULL),
(5353,55,42,70,5,1,5,10,10,0,NULL,2,NULL),
(5354,50,42,70,17,1,5,6,4,0,NULL,3,NULL),
(5355,52,42,70,NULL,1,5,10,1,NULL,NULL,3,NULL),
(5356,51,42,70,4,1,5,7,1,NULL,NULL,3,NULL),
(5357,54,42,68,4,1,4,8,1,NULL,NULL,3,NULL),
(5358,51,42,70,4,1,5,10,NULL,NULL,NULL,3,NULL),
(5359,51,42,70,5,1,6,10,1,NULL,NULL,3,NULL),
(5360,49,43,68,4,0,NULL,NULL,3,0,NULL,3,NULL),
(5361,52,47,70,4,1,2,9,4,1,2,3,NULL),
(5362,49,42,68,4,1,1,6,2,0,NULL,3,NULL),
(5363,49,77,68,4,1,5,8,9,0,NULL,3,NULL),
(5364,49,77,68,4,1,7,6,7,0,NULL,2,NULL),
(5365,52,42,68,4,0,NULL,NULL,20,0,NULL,3,NULL),
(5366,55,42,68,4,1,2,7,1,NULL,NULL,3,NULL),
(5367,55,42,70,3,1,1,6,10,1,1,1,NULL),
(5368,53,42,68,13,1,6,7,1,NULL,NULL,3,NULL),
(5369,54,42,68,5,1,6,8,2,1,2,3,NULL),
(5370,49,42,68,4,1,2,6,5,1,3,1,NULL),
(5371,50,42,70,4,0,NULL,NULL,4,1,3,2,'Check out my password manager @ warden.networknonsense.org '),
(5372,51,58,70,2,1,6,6,4,0,NULL,3,NULL),
(5373,50,42,69,NULL,1,1,6,8,1,1,1,NULL),
(5374,53,42,70,4,1,3,8,1,NULL,NULL,3,NULL),
(5375,50,42,68,2,1,2,9,2,0,NULL,3,NULL),
(5376,51,42,70,5,1,1,6,4,0,NULL,2,NULL),
(5377,51,42,68,8,0,NULL,NULL,6,1,2,3,NULL),
(5378,53,42,68,4,1,0,10,1,NULL,NULL,3,NULL),
(5379,50,52,69,NULL,0,NULL,NULL,1,NULL,NULL,3,NULL),
(5380,55,48,68,2,1,2,8,1,NULL,NULL,3,NULL),
(5381,49,42,70,4,1,5,10,2,0,NULL,3,NULL),
(5382,53,42,69,NULL,1,2,6,1,NULL,NULL,1,NULL),
(5383,53,42,68,4,1,NULL,8,3,1,2,3,NULL),
(5384,52,42,70,4,0,NULL,NULL,1,NULL,NULL,3,NULL),
(5385,54,64,69,NULL,1,5,7,1,NULL,NULL,3,NULL),
(5386,49,48,68,4,0,NULL,NULL,10,0,NULL,3,NULL),
(5387,53,42,70,3,0,NULL,NULL,10,0,NULL,3,NULL),
(5388,53,42,68,4,1,5,8,6,0,NULL,3,NULL),
(5389,54,42,68,80,1,5,9,2,1,2,1,NULL),
(5390,55,42,68,2,1,2,6,4,0,NULL,3,NULL),
(5391,51,58,69,NULL,1,1,6,2,0,NULL,3,NULL),
(5392,51,42,68,13,0,NULL,NULL,4,0,NULL,3,NULL),
(5393,54,42,69,NULL,1,2,9,70,0,NULL,1,NULL),
(5394,52,44,70,6,1,7,8,6,0,NULL,1,NULL),
(5395,50,52,68,4,1,0,10,2,0,NULL,3,NULL),
(5396,50,42,68,2,0,NULL,NULL,3,0,NULL,3,NULL),
(5397,54,44,70,4,1,2,8,1,NULL,NULL,3,NULL),
(5398,52,121,69,NULL,1,5,10,3,0,NULL,3,NULL),
(5399,50,82,69,NULL,1,7,6,1,NULL,NULL,3,NULL),
(5400,143,48,69,NULL,0,NULL,NULL,3,0,NULL,3,NULL),
(5401,49,77,68,2,0,NULL,NULL,2,1,2,2,NULL),
(5402,50,64,70,4,1,7,8,8,1,2,3,NULL),
(5403,55,42,70,4,1,7,10,3,0,NULL,3,NULL),
(5404,51,42,70,2,0,NULL,NULL,1,NULL,NULL,3,NULL),
(5405,49,48,70,4,1,5,8,4,0,NULL,3,NULL),
(5406,50,48,68,4,1,1,6,6,0,NULL,3,NULL),
(5407,52,42,68,4,1,5,8,2,1,1,3,NULL),
(5408,50,44,68,4,0,NULL,NULL,7,0,NULL,3,NULL),
(5409,51,42,70,4,1,1,8,1,NULL,NULL,3,NULL),
(5410,51,42,70,4,1,2,10,4,0,NULL,3,NULL),
(5411,51,42,70,4,1,5,10,3,0,NULL,3,NULL),
(5412,50,42,70,2,1,2,7,10,0,NULL,3,NULL),
(5413,49,42,70,4,0,NULL,NULL,4,0,NULL,3,NULL),
(5414,55,42,68,4,1,4,6,4,0,NULL,1,NULL),
(5415,52,42,69,NULL,1,2,6,11,1,3,3,NULL),
(5416,49,43,68,4,1,1,8,4,0,NULL,3,NULL),
(5417,49,64,70,4,1,3,9,5,1,3,1,NULL),
(5418,51,42,70,4,1,3,9,1,NULL,NULL,3,NULL),
(5419,51,42,68,4,0,NULL,NULL,1,NULL,NULL,NULL,NULL),
(5420,49,42,70,5,1,1,6,7,0,NULL,3,NULL),
(5421,51,42,68,4,1,1,9,5,0,NULL,3,NULL),
(5422,50,54,68,4,0,NULL,NULL,4,0,NULL,3,NULL),
(5423,51,54,70,4,1,0,10,2,0,NULL,3,NULL),
(5424,55,43,68,NULL,0,NULL,NULL,2,0,NULL,3,NULL),
(5425,51,42,69,NULL,0,NULL,NULL,10,1,2,1,NULL),
(5426,49,42,68,4,1,1,6,20,0,NULL,3,NULL),
(5427,53,42,70,4,1,3,7,2,0,NULL,3,NULL),
(5428,54,42,70,4,1,5,10,1,NULL,NULL,3,NULL),
(5429,51,42,70,4,0,NULL,NULL,2,0,NULL,2,NULL),
(5430,51,64,70,4,0,NULL,NULL,1,NULL,NULL,3,NULL),
(5431,55,77,68,4,1,3,9,5,0,NULL,3,NULL),
(5432,54,42,70,4,1,3,7,5,1,2,3,NULL),
(5433,50,42,70,NULL,1,2,9,7,0,NULL,3,NULL),
(5434,49,42,68,3,1,5,6,5,0,NULL,3,NULL),
(5435,49,42,68,4,1,2,6,2,1,2,3,NULL),
(5436,55,54,68,17,1,1,6,1,NULL,NULL,3,NULL),
(5437,50,44,69,NULL,0,NULL,NULL,4,1,2,3,NULL),
(5438,143,42,68,4,0,NULL,NULL,30,1,NULL,1,NULL),
(5439,51,169,69,NULL,1,6,8,1,NULL,NULL,3,NULL),
(5440,49,77,68,2,0,NULL,NULL,8,1,3,1,NULL),
(5441,51,44,68,4,1,6,7,2,0,NULL,3,NULL),
(5442,50,42,68,4,1,5,9,1,NULL,NULL,3,NULL),
(5443,55,43,68,4,0,NULL,NULL,20,1,3,2,NULL),
(5444,143,42,69,NULL,1,3,8,1,NULL,NULL,3,NULL),
(5445,50,52,68,4,1,5,6,10,0,NULL,3,NULL),
(5446,143,48,68,2,1,2,7,8,1,3,1,NULL),
(5447,50,42,69,NULL,1,2,8,8,0,NULL,3,NULL),
(5448,55,42,68,3,1,6,8,2,0,NULL,1,NULL),
(5449,49,42,68,4,1,1,8,10,1,3,1,'I hope you share your findings from this data on r/selfhosted. Best of luck in your future endeavors!'),
(5450,49,44,68,4,1,1,9,10,1,3,1,NULL),
(5451,49,42,70,4,1,2,6,8,0,NULL,3,NULL),
(5452,49,42,68,2,0,NULL,NULL,5,0,NULL,1,NULL),
(5453,52,42,68,4,1,2,6,3,0,NULL,NULL,NULL),
(5454,49,42,70,4,0,NULL,NULL,10,0,NULL,3,NULL),
(5455,52,42,70,4,1,2,6,15,0,NULL,1,'Yes, intel nuc with 6c/12t 32GB ram is capable of running all those things quite smoothly'),
(5456,53,42,68,10,0,NULL,NULL,5,0,NULL,3,NULL),
(5457,50,42,68,4,0,NULL,NULL,4,0,NULL,3,NULL),
(5458,49,42,68,4,0,NULL,NULL,4,0,NULL,3,NULL),
(5459,55,42,68,17,0,NULL,NULL,2,0,NULL,3,NULL),
(5460,50,42,68,4,0,NULL,NULL,15,0,NULL,3,NULL),
(5461,50,44,68,4,1,6,9,11,1,3,2,'We &lt;3 self hosting'),
(5462,52,42,68,111,1,4,6,5,0,NULL,2,NULL),
(5463,51,121,70,3,1,5,9,224,1,3,1,NULL),
(5464,50,54,70,17,0,NULL,NULL,1,NULL,NULL,3,NULL),
(5465,49,44,68,4,1,1,9,5,0,NULL,1,NULL),
(5466,53,42,68,2,1,2,10,1,NULL,NULL,3,NULL),
(5467,51,64,69,NULL,1,5,9,1,NULL,NULL,3,NULL),
(5468,50,42,68,4,1,7,10,10,0,NULL,3,NULL),
(5469,52,42,68,4,1,7,6,3,0,NULL,1,NULL),
(5470,49,54,68,4,0,NULL,NULL,6,0,NULL,3,NULL),
(5471,143,169,68,4,1,1,6,4,0,NULL,3,NULL),
(5472,53,42,70,3,1,6,6,14,0,NULL,2,NULL),
(5473,53,42,68,4,0,NULL,NULL,2,0,NULL,3,NULL),
(5474,51,42,68,4,1,7,7,5,0,NULL,3,NULL),
(5475,51,42,70,4,0,NULL,NULL,1,NULL,NULL,3,NULL),
(5476,49,42,68,4,1,5,7,1,NULL,NULL,3,NULL),
(5477,51,42,70,4,0,NULL,NULL,2,0,NULL,1,NULL),
(5478,49,43,69,NULL,0,NULL,NULL,3,0,NULL,3,NULL),
(5479,52,42,70,2,0,NULL,NULL,5,0,NULL,3,NULL),
(5480,49,42,68,3,0,NULL,NULL,1,NULL,NULL,3,NULL),
(5481,50,61,68,4,0,NULL,NULL,7,0,NULL,1,NULL),
(5482,51,42,68,3,0,NULL,NULL,3,0,NULL,3,NULL),
(5483,54,42,68,4,1,1,8,1,NULL,NULL,3,NULL),
(5484,50,42,70,4,0,NULL,NULL,1,NULL,NULL,3,NULL),
(5485,51,42,69,NULL,1,1,7,4,0,NULL,3,NULL),
(5486,51,42,68,2,0,NULL,NULL,5,0,NULL,3,NULL),
(5487,51,42,68,4,1,7,8,1,NULL,NULL,3,NULL),
(5488,51,42,70,4,1,2,10,9,0,NULL,3,NULL),
(5489,51,42,70,NULL,1,6,8,4,0,NULL,3,NULL),
(5490,51,42,68,4,0,NULL,NULL,7,0,NULL,3,NULL),
(5491,49,52,68,2,1,2,6,6,1,2,3,NULL),
(5492,51,42,68,4,1,7,8,1,NULL,NULL,1,NULL),
(5493,50,42,70,4,0,NULL,NULL,3,0,NULL,2,NULL),
(5494,49,62,68,2,0,NULL,NULL,10,1,3,2,NULL),
(5495,49,44,68,4,1,6,10,5,0,NULL,3,NULL),
(5496,49,42,68,4,1,6,7,88,1,3,3,NULL),
(5497,49,89,69,NULL,1,1,6,5,1,3,1,NULL),
(5498,53,42,70,10,1,5,8,3,0,NULL,3,NULL),
(5499,50,52,69,NULL,0,NULL,NULL,4,0,NULL,3,NULL),
(5500,143,42,68,2,0,NULL,NULL,10,0,NULL,3,NULL),
(5501,50,54,68,4,1,5,9,NULL,1,1,1,NULL),
(5502,55,44,70,3,1,3,6,2,1,1,3,NULL),
(5503,49,42,70,4,1,6,8,3,0,NULL,3,NULL),
(5504,50,42,68,4,1,1,6,4,1,2,3,NULL),
(5505,50,51,70,5,1,5,9,2,0,NULL,3,NULL),
(5506,51,42,70,4,1,2,6,2,0,NULL,3,NULL),
(5507,54,42,70,4,1,5,7,1,NULL,NULL,2,NULL),
(5508,145,61,68,79,1,NULL,8,4,0,NULL,3,NULL),
(5509,52,121,68,4,0,NULL,NULL,1,NULL,NULL,3,NULL),
(5510,53,42,69,NULL,1,1,8,1,NULL,NULL,3,NULL),
(5511,51,54,68,17,0,NULL,NULL,4,0,NULL,3,NULL),
(5512,50,42,68,2,1,6,6,5,0,NULL,3,NULL),
(5513,51,42,68,4,1,0,6,2,0,NULL,3,NULL),
(5514,53,42,70,5,1,2,6,3,0,NULL,1,NULL),
(5515,51,42,68,4,1,3,6,3,0,NULL,3,NULL),
(5516,52,42,70,4,0,NULL,NULL,2,0,NULL,3,NULL),
(5517,53,42,70,2,0,NULL,NULL,1,NULL,NULL,3,NULL),
(5518,49,42,69,NULL,1,3,6,7,0,NULL,2,NULL),
(5519,53,42,68,3,1,3,6,5,0,NULL,3,NULL),
(5520,53,42,70,2,1,3,8,5,0,NULL,3,NULL),
(5521,51,42,68,3,1,1,7,3,1,3,1,NULL),
(5522,49,42,70,3,1,2,8,2,1,1,3,NULL),
(5523,50,42,68,3,1,6,6,5,0,NULL,1,NULL),
(5524,143,42,68,4,1,6,7,10,1,1,3,NULL),
(5525,51,44,68,2,1,5,7,4,0,NULL,3,NULL),
(5526,53,42,68,4,1,1,8,4,0,NULL,1,NULL),
(5527,49,44,68,4,0,NULL,NULL,10,1,2,3,NULL),
(5528,49,169,68,3,1,6,9,1,NULL,NULL,3,NULL),
(5529,55,44,70,4,1,5,8,1,NULL,NULL,3,NULL),
(5530,51,42,68,4,1,4,6,8,0,NULL,3,NULL),
(5531,49,58,70,4,1,5,8,2,0,NULL,1,NULL),
(5532,51,42,70,4,1,7,6,5,0,NULL,3,NULL),
(5533,49,54,70,4,1,6,10,5,1,2,3,NULL),
(5534,51,52,69,NULL,1,6,10,1,NULL,NULL,3,NULL),
(5535,51,44,70,4,0,NULL,NULL,2,0,NULL,3,NULL),
(5536,49,42,70,4,1,1,10,2,1,2,3,NULL),
(5537,51,42,70,4,1,6,8,4,0,NULL,1,'You should maybe ask what technologies I use in creating the self-hosted services. Versus asking what my users use'),
(5538,54,44,70,3,1,4,6,10,0,NULL,2,NULL),
(5539,49,42,68,4,1,6,8,4,0,NULL,3,NULL),
(5540,50,42,68,4,1,7,6,15,0,NULL,3,NULL),
(5541,54,42,70,4,1,6,7,4,0,NULL,1,NULL),
(5542,51,42,70,4,1,6,7,4,0,NULL,1,NULL),
(5543,50,64,68,4,1,5,8,1,NULL,NULL,3,NULL),
(5544,52,42,68,4,0,NULL,NULL,2,0,NULL,3,NULL),
(5545,49,42,68,4,1,2,8,1,NULL,NULL,3,NULL),
(5546,50,42,68,2,0,NULL,NULL,1,NULL,NULL,3,NULL),
(5547,53,170,70,3,1,5,6,2,1,1,1,NULL),
(5548,55,54,70,17,0,NULL,NULL,1,NULL,NULL,3,NULL),
(5549,52,42,68,4,1,5,8,1,NULL,NULL,3,NULL),
(5550,49,42,68,4,1,0,6,1,NULL,NULL,3,NULL),
(5551,54,42,70,4,1,6,6,1,NULL,NULL,2,NULL),
(5552,54,42,70,4,1,1,9,5,0,NULL,3,NULL),
(5553,55,42,70,4,1,7,8,25,0,NULL,3,NULL),
(5554,51,52,69,NULL,1,5,10,2,0,NULL,3,NULL),
(5555,51,42,68,4,0,NULL,NULL,4,0,NULL,3,NULL),
(5556,54,42,70,4,1,2,7,2,0,NULL,2,NULL),
(5557,53,51,68,4,0,NULL,NULL,2,0,NULL,3,NULL),
(5558,51,42,68,4,1,5,6,3,0,NULL,3,NULL),
(5559,54,170,69,NULL,1,1,8,2,0,NULL,3,NULL),
(5560,49,61,68,4,0,NULL,NULL,2,0,NULL,3,NULL),
(5561,50,42,68,5,1,6,7,1,NULL,NULL,3,NULL),
(5562,51,169,70,116,1,7,6,15,1,3,2,NULL),
(5563,143,42,68,4,1,5,6,10,0,NULL,1,NULL),
(5564,55,42,68,4,0,NULL,NULL,4,0,NULL,2,NULL),
(5565,49,42,70,8,1,5,7,4,0,NULL,3,NULL),
(5566,51,42,69,NULL,1,5,6,8,1,3,3,NULL),
(5567,144,42,70,4,1,6,8,2,1,3,3,NULL),
(5568,51,42,69,NULL,1,2,6,2,0,NULL,3,NULL),
(5569,52,42,70,4,1,5,10,4,0,NULL,2,NULL),
(5570,52,42,70,4,1,2,10,1,NULL,NULL,3,NULL),
(5571,51,42,70,4,1,5,8,4,1,2,3,NULL),
(5572,145,47,68,4,0,NULL,NULL,3,0,NULL,3,NULL),
(5573,50,42,70,4,1,5,9,4,1,3,1,NULL),
(5574,143,64,70,13,1,5,10,4,0,NULL,3,NULL),
(5575,51,42,68,4,1,3,8,1,NULL,NULL,3,NULL),
(5576,49,48,68,4,0,NULL,NULL,30,0,NULL,3,NULL),
(5577,53,42,70,13,1,5,7,2,0,NULL,3,NULL),
(5578,143,42,68,4,1,5,6,1,NULL,NULL,3,NULL),
(5579,50,42,69,NULL,1,2,9,50,0,NULL,3,NULL),
(5580,50,42,70,10,1,3,9,1,NULL,NULL,3,NULL),
(5581,51,42,68,4,1,1,6,2,0,NULL,3,NULL),
(5582,50,42,68,4,1,7,7,2,0,NULL,3,NULL),
(5583,50,42,68,4,1,7,7,2,0,NULL,3,NULL),
(5584,53,42,68,2,1,2,6,1,NULL,NULL,2,NULL),
(5585,52,48,68,4,1,3,6,5,0,NULL,3,NULL),
(5586,49,42,68,4,0,NULL,NULL,3,0,NULL,3,NULL),
(5587,50,52,69,NULL,1,6,10,1,NULL,NULL,2,NULL),
(5588,50,42,68,4,1,1,8,1,NULL,NULL,3,NULL),
(5589,49,42,68,2,1,3,9,1,NULL,NULL,3,NULL),
(5590,51,52,69,NULL,1,6,10,4,0,NULL,1,NULL),
(5591,51,42,68,3,1,2,6,4,0,NULL,2,NULL),
(5592,54,42,69,NULL,1,5,8,1,NULL,NULL,3,NULL),
(5593,55,42,68,4,0,NULL,NULL,3,0,NULL,3,NULL),
(5594,53,42,68,4,1,5,8,1,NULL,NULL,3,NULL),
(5595,49,42,68,4,1,3,7,4,0,NULL,3,NULL),
(5596,49,42,70,4,1,5,6,2,0,NULL,2,NULL),
(5597,50,64,68,3,0,NULL,NULL,12,1,3,1,NULL),
(5598,50,54,68,4,0,NULL,NULL,10,0,NULL,3,NULL),
(5599,51,64,70,5,1,5,8,5,0,NULL,3,NULL),
(5600,50,54,68,17,1,1,7,20,0,NULL,3,NULL),
(5601,54,42,68,2,0,NULL,NULL,10,0,NULL,3,NULL),
(5602,53,42,68,4,1,7,6,15,1,3,3,NULL),
(5603,49,52,68,4,0,NULL,NULL,1,NULL,NULL,3,NULL),
(5604,51,64,69,NULL,1,7,6,10,0,NULL,3,NULL),
(5605,51,58,70,4,0,NULL,NULL,3,0,NULL,1,'I actually dont have real knowledge on how to program anything. If you asked me to create a table on MySQL Id have to search for half an hour to figure it out To me self-hosting is a hobby that started when I got curious on Linux and everything that Im able to do, is it because someone shared that knowledge before. I use cloudflare because my ISP blocks the 80/443 ports but apart from that, without open source I would never have got the opportunity to get interest on this topic.'),
(5606,143,169,68,13,1,1,9,10,0,NULL,3,NULL),
(5607,51,42,68,4,1,6,6,4,1,1,3,NULL),
(5608,50,42,70,4,0,NULL,NULL,20,0,NULL,3,NULL),
(5609,49,42,68,3,1,6,6,10,1,3,3,NULL),
(5610,50,42,68,2,0,NULL,NULL,4,0,NULL,3,NULL),
(5611,51,42,68,4,1,2,6,5,0,NULL,3,NULL),
(5612,51,42,70,2,1,6,8,3,0,NULL,3,NULL),
(5613,54,42,70,4,1,6,7,4,0,NULL,3,NULL),
(5614,50,42,70,4,1,5,8,2,0,NULL,2,NULL),
(5615,50,43,68,4,1,6,7,6,0,NULL,3,NULL),
(5616,50,44,68,17,0,NULL,NULL,1,NULL,NULL,2,NULL),
(5617,53,64,70,5,1,5,6,3,0,NULL,2,NULL),
(5618,NULL,NULL,NULL,NULL,NULL,NULL,NULL,NULL,NULL,NULL,NULL,NULL),
(5619,51,52,68,4,1,1,8,1,NULL,NULL,3,NULL),
(5620,51,52,68,4,0,NULL,NULL,3,0,NULL,3,NULL),
(5621,55,42,70,4,1,7,6,5,0,NULL,2,NULL),
(5622,53,42,68,2,1,1,9,100,0,NULL,3,NULL),
(5623,54,42,70,4,0,NULL,NULL,6,0,NULL,3,NULL),
(5624,52,42,68,4,1,3,8,3,0,NULL,3,NULL),
(5625,54,42,69,NULL,1,5,8,10,0,NULL,3,NULL),
(5626,51,42,68,8,1,5,7,3,0,NULL,3,NULL),
(5627,51,44,70,4,0,NULL,NULL,2,0,NULL,3,NULL),
(5628,52,64,69,NULL,0,NULL,NULL,1,NULL,NULL,3,NULL),
(5629,50,42,70,4,1,5,9,100,1,2,3,NULL),
(5630,50,42,68,4,0,NULL,NULL,2,1,2,3,NULL),
(5631,53,42,68,4,1,1,6,1,NULL,NULL,2,NULL),
(5632,51,42,70,4,0,NULL,NULL,1,NULL,NULL,3,NULL),
(5633,52,64,68,4,1,1,6,2,0,NULL,3,NULL),
(5634,52,64,68,4,1,1,6,4,0,NULL,3,NULL),
(5635,144,52,69,NULL,0,NULL,NULL,1,NULL,NULL,3,NULL),
(5636,52,77,70,3,0,NULL,NULL,2,0,NULL,3,NULL),
(5637,55,42,68,4,1,1,8,1,NULL,NULL,3,NULL),
(5638,50,42,70,4,1,7,7,5,0,NULL,3,NULL),
(5639,50,54,68,4,0,NULL,NULL,10,0,NULL,3,NULL),
(5640,53,42,69,NULL,0,NULL,NULL,1,NULL,NULL,3,NULL),
(5641,51,42,70,4,0,NULL,NULL,1,NULL,NULL,3,NULL),
(5642,52,42,70,4,0,NULL,NULL,2,0,NULL,3,NULL),
(5643,53,42,68,4,1,1,6,2,0,NULL,3,NULL),
(5644,143,42,68,4,0,NULL,NULL,4,0,NULL,3,NULL),
(5645,51,42,69,NULL,0,NULL,NULL,2,0,NULL,3,NULL),
(5646,51,52,68,4,0,NULL,NULL,4,0,NULL,1,NULL),
(5647,50,42,70,2,1,4,8,50,1,3,1,NULL),
(5648,50,51,70,4,1,3,6,1,NULL,NULL,2,NULL),
(5649,53,42,68,4,0,NULL,NULL,1,NULL,NULL,3,NULL),
(5650,53,42,70,2,1,2,8,4,0,NULL,3,NULL),
(5651,NULL,NULL,NULL,NULL,NULL,NULL,NULL,NULL,NULL,NULL,NULL,NULL),
(5652,143,169,68,3,1,5,6,4,0,NULL,2,NULL),
(5653,49,42,68,2,0,NULL,NULL,6,1,1,3,NULL),
(5654,55,169,69,NULL,1,5,6,3,0,NULL,2,NULL),
(5655,50,64,70,4,1,2,6,3,0,NULL,3,NULL),
(5656,50,42,68,4,1,1,8,2,0,NULL,3,NULL),
(5657,54,42,70,4,0,NULL,NULL,1,NULL,NULL,3,NULL),
(5658,51,42,68,2,1,5,8,4,0,NULL,3,NULL),
(5659,51,42,70,4,0,NULL,NULL,5,0,NULL,3,NULL),
(5660,49,42,68,4,1,0,8,2,0,NULL,3,NULL),
(5661,52,52,69,NULL,0,NULL,NULL,4,0,NULL,3,NULL),
(5662,52,42,70,4,1,1,6,1,NULL,NULL,3,NULL),
(5663,51,42,70,4,1,2,10,2,0,NULL,1,NULL),
(5664,51,42,68,4,1,7,6,15,1,3,2,NULL),
(5665,51,52,68,4,0,NULL,NULL,2,0,NULL,3,NULL),
(5666,51,42,70,2,0,NULL,NULL,1,NULL,NULL,3,NULL),
(5667,52,42,70,4,1,1,9,2,0,NULL,2,NULL),
(5668,143,42,68,2,1,2,9,20,0,NULL,2,NULL),
(5669,52,42,68,4,1,1,7,1,NULL,NULL,3,NULL),
(5670,51,44,68,4,0,NULL,NULL,5,0,NULL,3,NULL),
(5671,54,42,68,4,1,5,6,6,0,NULL,3,NULL),
(5672,53,42,68,2,1,2,6,3,0,NULL,3,NULL),
(5673,53,42,68,4,1,3,8,5,0,NULL,3,NULL),
(5674,49,43,69,NULL,1,5,6,5,0,NULL,3,NULL),
(5675,50,42,70,4,0,NULL,NULL,10,0,NULL,3,NULL),
(5676,50,64,70,5,1,5,8,10,0,NULL,3,NULL),
(5677,53,42,70,4,1,5,8,2,0,NULL,3,NULL),
(5678,51,42,70,4,1,NULL,8,7,0,NULL,3,NULL),
(5679,49,77,69,NULL,0,NULL,NULL,7,0,NULL,3,NULL),
(5680,50,42,68,4,1,6,7,3,0,NULL,3,NULL),
(5681,50,42,68,4,1,6,10,1,NULL,NULL,3,NULL),
(5682,51,42,70,4,0,NULL,NULL,2,0,NULL,3,NULL),
(5683,52,44,68,50,1,5,10,2,0,NULL,2,NULL),
(5684,54,42,70,5,1,1,9,5,1,3,1,NULL),
(5685,50,44,70,5,1,5,9,5,0,NULL,3,NULL),
(5686,145,61,68,2,0,NULL,NULL,5,0,NULL,2,NULL),
(5687,50,54,70,17,1,5,10,8,0,NULL,3,NULL),
(5688,51,48,68,4,1,3,6,2,0,NULL,3,NULL),
(5689,49,42,70,4,0,NULL,NULL,2,0,NULL,3,NULL),
(5690,50,42,68,4,1,2,6,2,0,NULL,3,NULL),
(5691,53,42,68,4,0,NULL,NULL,4,0,NULL,2,NULL),
(5692,53,42,68,2,0,NULL,NULL,2,0,NULL,3,NULL),
(5693,49,77,68,2,0,NULL,NULL,1,NULL,NULL,3,NULL),
(5694,53,42,68,4,1,7,8,2,0,NULL,3,NULL),
(5695,50,42,68,2,0,NULL,NULL,4,0,NULL,2,NULL),
(5696,52,64,68,13,1,5,6,9,0,NULL,3,NULL),
(5697,52,42,68,2,1,1,9,1,NULL,NULL,3,NULL),
(5698,49,42,68,4,1,0,8,3,0,NULL,2,NULL),
(5699,143,169,68,4,0,NULL,NULL,3,0,NULL,3,NULL),
(5700,49,42,70,2,1,5,9,1,NULL,NULL,3,NULL),
(5701,143,42,70,4,0,NULL,NULL,3,0,NULL,2,NULL),
(5702,51,42,70,2,1,3,6,5,0,NULL,3,NULL),
(5703,52,42,70,3,1,5,6,2,0,NULL,3,NULL),
(5704,50,42,68,4,0,NULL,NULL,3,0,NULL,3,NULL),
(5705,50,43,70,4,1,1,6,4,0,NULL,3,NULL),
(5706,51,42,68,4,1,7,10,5,0,NULL,2,NULL),
(5707,49,52,68,4,1,3,6,5,0,NULL,2,NULL),
(5708,51,64,68,3,1,5,6,2,0,NULL,2,'Professional software developer, being on the bleeding edge is important and so is flexibility'),
(5709,49,52,69,NULL,0,NULL,NULL,3,0,NULL,3,NULL),
(5710,54,64,70,4,1,4,8,2,0,NULL,3,NULL),
(5711,54,42,68,4,1,5,8,2,0,NULL,3,NULL),
(5712,49,169,68,3,1,1,6,1,NULL,NULL,1,NULL),
(5713,55,42,70,4,1,5,10,8,1,2,3,NULL),
(5714,143,169,69,NULL,0,NULL,NULL,4,0,NULL,3,NULL),
(5715,53,42,70,4,1,5,7,1,NULL,NULL,3,NULL),
(5716,49,42,68,4,1,6,8,4,0,NULL,3,NULL),
(5717,49,42,68,4,0,NULL,NULL,3,0,NULL,3,NULL),
(5718,49,42,68,3,0,NULL,NULL,4,0,NULL,1,NULL),
(5719,51,42,70,4,1,5,6,3,0,NULL,3,NULL),
(5720,49,48,68,4,1,7,6,11,0,NULL,3,NULL),
(5721,51,42,70,5,1,2,9,2,0,NULL,1,NULL),
(5722,143,169,68,4,0,NULL,NULL,6,1,2,2,NULL),
(5723,51,42,68,2,0,NULL,NULL,3,0,NULL,3,NULL),
(5724,55,42,68,4,1,5,8,10,0,NULL,3,NULL),
(5725,52,42,68,8,1,1,10,1,NULL,NULL,3,NULL),
(5726,54,42,70,4,1,3,8,1,NULL,NULL,3,NULL),
(5727,50,42,68,79,0,NULL,NULL,10,1,2,1,NULL),
(5728,50,42,70,5,1,6,6,5,0,NULL,3,NULL),
(5729,49,42,68,2,1,NULL,10,3,0,NULL,2,NULL),
(5730,49,42,68,4,1,2,10,3,0,NULL,3,NULL),
(5731,53,42,68,2,1,2,8,3,0,NULL,3,NULL),
(5732,52,42,68,4,1,5,6,1,NULL,NULL,2,NULL),
(5733,51,42,70,4,0,NULL,NULL,6,0,NULL,3,NULL),
(5734,52,42,70,4,0,NULL,NULL,1,NULL,NULL,3,NULL),
(5735,51,64,68,4,0,NULL,NULL,4,0,NULL,2,NULL),
(5736,50,43,68,4,1,2,9,2,0,NULL,3,NULL),
(5737,54,44,68,4,1,4,8,3,0,NULL,3,NULL),
(5738,51,42,70,2,0,NULL,NULL,1,NULL,NULL,3,NULL),
(5739,54,42,70,4,1,4,9,1,NULL,NULL,3,NULL),
(5740,55,42,68,NULL,1,4,6,12,1,3,3,NULL),
(5741,53,42,70,2,0,NULL,NULL,2,0,NULL,3,NULL),
(5742,50,42,68,4,0,NULL,NULL,10,0,NULL,3,NULL),
(5743,54,42,69,NULL,1,6,8,1,NULL,NULL,3,NULL),
(5744,54,42,70,5,1,6,7,1,NULL,NULL,3,NULL),
(5745,54,42,68,4,1,5,6,10,0,NULL,NULL,NULL),
(5746,143,42,70,4,0,NULL,NULL,3,0,NULL,3,NULL),
(5747,54,44,68,4,1,5,9,1,NULL,NULL,3,NULL),
(5748,50,42,68,4,0,NULL,NULL,3,0,NULL,3,NULL),
(5749,51,42,68,4,1,5,8,3,1,3,3,NULL),
(5750,55,42,68,4,1,1,6,3,0,NULL,3,NULL),
(5751,51,42,68,4,1,4,6,2,0,NULL,1,NULL),
(5752,50,42,68,4,1,5,8,3,0,NULL,3,NULL),
(5753,143,77,68,4,1,5,6,4,0,NULL,2,NULL),
(5754,49,42,68,8,1,2,7,5,1,2,2,NULL),
(5755,53,42,70,3,1,5,8,2,0,NULL,3,NULL),
(5756,143,169,68,4,0,NULL,NULL,3,0,NULL,3,NULL),
(5757,49,44,68,4,1,2,6,1,NULL,NULL,2,NULL),
(5758,53,42,68,3,0,NULL,NULL,4,0,NULL,2,NULL),
(5760,49,77,68,3,1,4,9,2,0,NULL,1,NULL),
(5761,55,43,68,4,1,5,8,3,0,NULL,3,NULL),
(5762,50,42,68,2,1,5,8,6,0,NULL,3,NULL),
(5763,50,54,70,4,0,NULL,NULL,6,1,NULL,3,NULL),
(5764,49,52,68,3,1,3,6,30,0,NULL,1,NULL),
(5765,49,54,70,17,1,6,8,4,1,3,3,NULL),
(5766,55,44,68,3,1,5,6,1,NULL,NULL,3,NULL),
(5767,52,42,70,NULL,1,5,8,4,0,NULL,3,NULL),
(5768,51,48,68,4,0,NULL,NULL,NULL,NULL,NULL,NULL,NULL),
(5769,49,42,68,4,1,7,8,3,0,NULL,3,NULL),
(5770,51,62,69,NULL,1,1,7,5,0,NULL,3,NULL),
(5771,54,42,69,NULL,1,7,8,1,NULL,NULL,3,NULL),
(5772,49,52,69,NULL,1,1,6,2,0,NULL,3,NULL),
(5773,49,77,68,4,0,NULL,NULL,1,NULL,NULL,3,NULL),
(5774,50,54,70,4,1,1,9,5,0,NULL,2,NULL),
(5775,143,169,68,55,1,1,7,5,0,NULL,3,NULL),
(5776,49,52,69,NULL,1,NULL,8,4,1,2,2,NULL),
(5777,55,77,68,3,1,NULL,6,3,0,NULL,2,NULL),
(5778,51,42,69,NULL,1,1,8,1,NULL,NULL,3,NULL),
(5779,49,42,69,NULL,1,1,8,1,NULL,NULL,3,NULL),
(5780,53,42,70,4,1,2,10,1,NULL,NULL,3,NULL),
(5781,49,42,68,50,1,7,7,25,1,3,3,NULL),
(5782,53,42,69,NULL,1,1,8,1,NULL,NULL,3,NULL),
(5783,51,54,70,4,1,3,8,8,0,NULL,1,'It would be nice if you could make this information public, would be fun to see what others do'),
(5784,52,42,70,4,0,NULL,NULL,1,NULL,NULL,3,NULL),
(5785,52,42,68,4,1,5,7,4,0,NULL,3,NULL),
(5786,49,42,68,4,1,7,8,6,0,NULL,2,NULL),
(5787,50,42,70,4,1,6,6,2,0,NULL,3,NULL),
(5788,50,42,70,NULL,0,NULL,NULL,2,0,NULL,3,NULL),
(5789,54,42,70,2,1,5,6,6,1,3,3,NULL),
(5790,55,52,69,NULL,1,1,8,3,0,NULL,2,NULL),
(5791,49,48,70,5,1,5,10,4,0,NULL,3,NULL),
(5792,51,42,70,2,1,NULL,9,3,0,NULL,3,NULL),
(5793,49,77,69,NULL,0,NULL,NULL,7,1,3,1,NULL),
(5794,54,42,70,116,1,2,7,NULL,0,NULL,3,NULL),
(5795,55,77,69,NULL,1,0,6,1,NULL,NULL,3,NULL),
(5796,51,42,68,4,1,5,10,6,0,NULL,3,NULL),
(5797,53,42,68,4,1,1,6,5,0,NULL,3,NULL),
(5798,50,42,69,NULL,1,6,7,3,0,NULL,3,NULL),
(5799,54,64,70,4,1,3,8,1,NULL,NULL,3,NULL),
(5800,51,42,70,5,0,NULL,NULL,6,0,NULL,3,NULL),
(5801,49,89,68,4,0,NULL,NULL,1,NULL,NULL,3,NULL),
(5802,52,43,69,NULL,1,1,8,2,1,3,3,NULL),
(5803,51,42,68,4,1,1,8,10,0,NULL,1,NULL),
(5804,51,48,68,4,1,2,9,2,0,NULL,3,NULL),
(5805,52,54,68,4,0,NULL,NULL,5,0,NULL,1,NULL),
(5806,50,42,68,4,0,NULL,NULL,8,0,NULL,3,NULL),
(5807,49,42,68,4,NULL,0,10,7,0,NULL,3,NULL),
(5808,NULL,42,68,4,0,NULL,NULL,1,NULL,NULL,3,NULL),
(5809,52,48,68,8,1,0,8,1,NULL,NULL,3,NULL),
(5810,51,42,69,NULL,1,3,6,3,0,NULL,3,NULL),
(5811,55,43,68,3,1,3,9,1,NULL,NULL,1,NULL),
(5812,53,42,69,NULL,0,NULL,NULL,1,NULL,NULL,3,NULL),
(5813,49,42,68,4,1,4,8,5,1,3,2,NULL),
(5814,55,42,69,NULL,0,NULL,NULL,6,NULL,3,1,NULL),
(5815,NULL,NULL,NULL,NULL,NULL,NULL,NULL,NULL,NULL,NULL,NULL,NULL),
(5816,51,42,70,4,0,NULL,NULL,5,0,NULL,3,NULL),
(5817,53,42,70,4,1,3,7,3,0,NULL,3,NULL),
(5818,53,42,70,3,1,5,7,1,NULL,NULL,3,NULL),
(5819,50,42,68,2,1,3,10,5,0,NULL,3,NULL),
(5820,50,54,68,17,1,1,10,4,0,NULL,3,NULL),
(5821,50,54,68,17,0,NULL,NULL,7,0,NULL,3,NULL),
(5822,53,42,68,3,1,4,7,5,0,NULL,2,NULL),
(5823,52,77,68,3,1,1,6,NULL,NULL,NULL,NULL,NULL),
(5824,49,44,69,NULL,1,3,6,1,NULL,NULL,3,NULL),
(5825,144,54,68,4,0,NULL,NULL,4,1,3,3,NULL),
(5826,55,52,68,4,0,NULL,NULL,NULL,0,NULL,1,NULL),
(5827,49,42,68,4,0,NULL,NULL,1,NULL,NULL,3,NULL),
(5828,143,58,69,NULL,0,NULL,NULL,4,0,NULL,3,NULL),
(5829,55,82,70,80,1,7,6,2,0,NULL,2,NULL),
(5830,55,52,69,NULL,0,NULL,NULL,NULL,0,NULL,1,NULL),
(5831,50,42,69,NULL,0,NULL,NULL,2,0,NULL,3,NULL),
(5832,49,42,69,NULL,0,NULL,NULL,2,0,NULL,3,NULL),
(5833,55,42,69,NULL,0,NULL,NULL,2,0,NULL,3,NULL),
(5834,49,43,69,NULL,0,NULL,NULL,2,0,NULL,2,NULL),
(5835,51,44,69,NULL,1,2,8,3,0,NULL,3,NULL),
(5836,55,44,70,3,1,4,7,1,NULL,NULL,3,NULL),
(5837,49,42,69,NULL,1,3,10,4,0,NULL,3,NULL),
(5838,143,169,68,4,0,NULL,NULL,1,NULL,NULL,3,NULL),
(5839,50,44,68,4,1,5,8,5,0,NULL,3,NULL),
(5840,51,52,69,NULL,0,NULL,NULL,5,0,NULL,3,NULL),
(5841,50,42,70,4,1,4,6,1,NULL,NULL,3,NULL),
(5842,55,61,68,35,1,1,9,5,1,2,2,NULL),
(5843,49,44,68,2,0,NULL,NULL,7,0,NULL,3,NULL),
(5844,49,42,70,4,1,4,10,1,NULL,NULL,3,NULL),
(5845,53,42,70,4,1,4,6,2,0,NULL,2,NULL),
(5846,55,42,68,5,1,4,6,5,0,NULL,3,NULL),
(5847,51,42,68,2,0,NULL,NULL,7,1,2,3,NULL),
(5848,145,61,69,NULL,1,5,10,4,1,2,1,NULL),
(5849,NULL,NULL,69,NULL,0,NULL,NULL,10,0,NULL,3,NULL),
(5850,49,77,68,4,0,NULL,NULL,5,1,3,1,NULL),
(5851,53,42,68,4,1,5,8,4,0,NULL,3,NULL),
(5852,53,42,70,2,0,NULL,NULL,1,NULL,NULL,3,NULL),
(5853,49,170,68,4,1,1,9,50,0,NULL,1,NULL),
(5854,54,42,70,4,1,5,8,12,0,NULL,3,NULL),
(5855,51,77,68,2,0,NULL,NULL,1,NULL,NULL,3,NULL),
(5856,49,42,68,3,1,5,7,3,0,NULL,3,NULL),
(5857,NULL,NULL,NULL,NULL,NULL,NULL,NULL,NULL,NULL,NULL,NULL,NULL),
(5858,49,52,69,NULL,1,2,6,8,1,3,3,NULL),
(5859,52,61,68,4,0,NULL,NULL,5,0,NULL,3,NULL),
(5860,49,48,68,4,0,NULL,NULL,2,0,NULL,3,NULL),
(5861,49,42,70,8,1,3,6,2,1,1,1,NULL),
(5862,50,42,68,10,1,2,8,6,0,NULL,2,NULL),
(5863,NULL,NULL,NULL,NULL,NULL,NULL,NULL,NULL,NULL,NULL,NULL,NULL),
(5864,52,42,70,4,0,NULL,NULL,10,0,NULL,NULL,NULL),
(5865,51,54,68,4,1,3,6,3,0,NULL,2,NULL),
(5866,51,42,70,4,1,3,9,1,NULL,NULL,2,NULL),
(5867,51,54,68,4,1,1,6,8,0,NULL,2,NULL),
(5868,51,57,70,4,1,3,8,8,1,3,2,'A new linux distro probably isn\'t needed but rather a script or ansible playbook that installs a full stack of software, similar to github:soverign but with apps as rich as Yunohost, on a KISS distro like Alpine :D Cheers and best of luck!'),
(5869,51,64,68,4,1,2,9,4,0,NULL,3,NULL),
(5870,51,42,70,4,1,6,6,1,NULL,NULL,3,NULL),
(5871,51,42,68,4,1,7,9,1,NULL,NULL,2,NULL),
(5872,50,48,68,4,1,1,9,2,0,NULL,3,NULL),
(5873,50,42,68,2,1,6,7,5,1,3,3,NULL),
(5874,52,44,68,4,1,2,10,2,0,NULL,1,NULL),
(5875,50,42,68,4,1,1,9,1,NULL,NULL,2,NULL),
(5876,52,42,70,NULL,1,6,6,5,0,NULL,1,NULL),
(5877,50,42,70,4,1,5,8,5,0,NULL,3,NULL),
(5878,49,42,68,4,1,5,10,NULL,0,NULL,3,NULL),
(5879,50,42,70,4,1,1,9,3,0,NULL,3,NULL),
(5880,55,42,68,4,1,5,6,6,1,3,1,NULL),
(5881,49,42,68,3,1,5,8,3,0,NULL,3,NULL),
(5882,49,52,69,NULL,1,5,6,10,0,NULL,3,NULL),
(5883,143,42,68,5,1,1,9,2,0,NULL,3,NULL),
(5884,54,42,70,4,1,5,7,20,0,NULL,3,NULL),
(5885,50,42,68,4,1,2,8,2,0,NULL,3,NULL),
(5886,50,42,68,8,1,1,9,5,0,NULL,3,NULL),
(5887,55,42,70,4,1,5,6,7,0,NULL,3,NULL),
(5888,54,42,69,NULL,1,5,8,5,0,NULL,3,NULL),
(5889,55,169,70,3,1,6,7,8,1,3,1,'I '),
(5890,55,43,68,NULL,0,NULL,NULL,8,0,NULL,2,NULL),
(5891,144,52,69,NULL,0,NULL,NULL,15,0,NULL,3,NULL),
(5892,55,44,68,4,1,2,7,5,1,3,1,NULL),
(5893,52,42,70,3,1,4,8,8,0,NULL,2,NULL),
(5894,49,42,70,4,1,5,7,6,0,NULL,3,NULL),
(5895,52,42,68,4,1,5,8,8,1,2,3,NULL),
(5896,49,48,68,4,1,1,10,2,0,NULL,3,NULL),
(5897,52,77,68,2,0,NULL,NULL,6,0,NULL,3,NULL),
(5898,55,43,68,63,1,5,8,4,0,NULL,3,NULL),
(5899,144,43,68,55,1,5,8,4,0,NULL,3,NULL),
(5900,51,54,70,4,1,0,10,2,0,NULL,3,NULL),
(5901,144,77,69,NULL,0,NULL,NULL,4,0,NULL,3,NULL),
(5902,NULL,NULL,68,4,1,NULL,8,1,NULL,NULL,3,NULL),
(5903,49,54,68,4,0,NULL,NULL,3,0,NULL,3,NULL),
(5904,49,42,68,4,1,6,6,4,0,NULL,3,NULL),
(5905,49,42,68,4,1,1,10,3,0,NULL,3,NULL),
(5906,51,42,70,4,1,5,6,2,0,NULL,3,NULL),
(5907,54,44,69,NULL,1,2,7,8,0,NULL,3,NULL),
(5908,49,42,69,NULL,1,5,8,4,0,NULL,3,NULL),
(5909,55,48,68,3,1,5,8,1,NULL,NULL,3,NULL),
(5910,NULL,NULL,NULL,NULL,NULL,NULL,NULL,NULL,NULL,NULL,NULL,NULL),
(5911,49,43,68,4,1,5,10,1,NULL,NULL,3,NULL),
(5912,50,43,69,NULL,1,5,10,1,NULL,NULL,3,NULL),
(5913,49,77,68,4,1,5,8,3,0,NULL,3,NULL),
(5914,52,42,70,4,1,5,7,1,NULL,NULL,3,NULL),
(5915,50,97,70,17,1,1,6,1,NULL,NULL,3,NULL),
(5916,49,42,70,4,1,3,7,3,0,NULL,3,NULL),
(5917,49,170,70,4,1,7,6,12,1,3,3,NULL),
(5918,55,42,68,NULL,0,NULL,NULL,4,0,NULL,1,NULL),
(5919,54,42,68,NULL,0,NULL,NULL,NULL,NULL,NULL,NULL,NULL),
(5920,49,44,68,3,1,7,9,1,NULL,NULL,1,NULL),
(5921,53,42,68,4,1,3,6,10,0,NULL,3,NULL),
(5922,52,42,68,3,1,2,9,2,0,NULL,1,NULL),
(5923,50,54,68,17,1,1,6,2,0,NULL,3,NULL),
(5924,52,64,70,5,0,NULL,NULL,1,NULL,NULL,3,NULL),
(5925,49,54,70,4,0,NULL,NULL,3,0,NULL,3,NULL),
(5926,51,42,69,NULL,0,NULL,NULL,3,0,NULL,3,NULL),
(5927,NULL,NULL,NULL,NULL,NULL,NULL,NULL,NULL,NULL,NULL,NULL,NULL),
(5928,NULL,NULL,NULL,NULL,NULL,NULL,NULL,NULL,NULL,NULL,NULL,NULL),
(5929,51,42,69,NULL,1,7,9,1,NULL,NULL,3,NULL),
(5930,49,42,68,4,0,NULL,NULL,9,0,NULL,3,NULL),
(5931,50,43,70,4,1,5,7,2,0,NULL,3,NULL),
(5932,49,42,68,10,1,7,7,5,1,2,2,NULL),
(5933,53,42,68,4,1,3,9,2,0,NULL,3,NULL),
(5934,51,42,69,NULL,1,5,8,2,0,NULL,3,NULL),
(5935,53,42,70,4,1,3,8,1,NULL,NULL,3,NULL),
(5936,50,42,69,NULL,0,NULL,NULL,2,0,NULL,3,NULL),
(5937,50,54,68,4,0,NULL,NULL,10,1,3,2,NULL),
(5938,54,44,69,NULL,1,6,6,1,NULL,NULL,2,NULL),
(5939,54,42,69,NULL,1,2,8,3,1,3,3,NULL),
(5940,145,61,70,4,0,NULL,NULL,3,1,3,3,NULL),
(5941,51,42,70,5,1,6,8,5,0,NULL,3,NULL),
(5942,50,42,68,2,0,NULL,NULL,1,NULL,NULL,3,NULL),
(5943,50,42,70,4,0,NULL,NULL,4,0,NULL,3,NULL),
(5944,50,52,68,2,1,4,6,5,0,NULL,3,NULL),
(5945,50,42,69,NULL,0,NULL,NULL,9,0,NULL,3,NULL),
(5946,49,58,69,NULL,1,5,9,25,0,NULL,3,NULL),
(5947,49,42,68,4,1,1,6,1,NULL,NULL,1,NULL),
(5948,52,42,70,NULL,1,5,10,1,NULL,NULL,3,NULL),
(5949,51,43,70,2,1,6,9,4,1,2,3,NULL),
(5950,50,52,68,4,1,4,6,10,0,NULL,3,NULL),
(5951,143,169,68,2,1,1,6,2,0,NULL,3,NULL),
(5952,51,77,68,4,0,NULL,NULL,3,0,NULL,3,NULL),
(5953,NULL,NULL,NULL,NULL,NULL,NULL,NULL,NULL,NULL,NULL,NULL,NULL),
(5954,49,43,68,4,1,4,6,20,0,NULL,3,NULL),
(5955,53,42,70,4,1,5,6,1,NULL,NULL,3,NULL),
(5956,53,44,68,3,0,NULL,NULL,2,0,NULL,1,NULL),
(5957,51,77,69,NULL,0,NULL,NULL,1,NULL,NULL,3,NULL),
(5958,50,42,69,NULL,0,NULL,NULL,2,0,NULL,3,NULL),
(5959,50,42,68,3,1,7,6,30,0,NULL,1,NULL),
(5960,NULL,NULL,NULL,NULL,NULL,NULL,NULL,NULL,NULL,NULL,NULL,NULL),
(5961,NULL,NULL,NULL,NULL,NULL,NULL,NULL,NULL,NULL,NULL,NULL,NULL),
(5962,51,44,70,4,0,NULL,NULL,2,NULL,NULL,NULL,NULL),
(5963,NULL,NULL,NULL,NULL,NULL,NULL,NULL,NULL,NULL,NULL,NULL,NULL),
(5964,54,42,68,4,1,4,6,3,NULL,NULL,NULL,NULL),
(5965,51,52,69,NULL,1,2,6,1,NULL,NULL,NULL,NULL),
(5966,53,42,68,4,0,NULL,NULL,1,NULL,NULL,3,NULL),
(5967,49,169,69,NULL,0,NULL,NULL,NULL,NULL,NULL,NULL,NULL),
(5968,50,42,69,NULL,0,NULL,NULL,1,NULL,NULL,NULL,NULL),
(5969,53,42,70,4,1,6,7,2,0,NULL,NULL,NULL),
(5970,49,44,69,NULL,0,NULL,NULL,2,0,NULL,NULL,NULL),
(5971,51,42,68,4,1,4,8,4,0,NULL,NULL,NULL),
(5972,NULL,NULL,NULL,NULL,NULL,NULL,NULL,NULL,NULL,NULL,NULL,NULL),
(5973,NULL,NULL,NULL,NULL,NULL,NULL,NULL,NULL,NULL,NULL,NULL,NULL),
(5974,NULL,NULL,NULL,NULL,NULL,NULL,NULL,NULL,NULL,NULL,NULL,NULL),
(5975,50,64,68,5,1,5,8,1,NULL,NULL,NULL,NULL),
(5976,50,42,70,4,1,NULL,6,2,1,2,3,NULL),
(5977,49,42,NULL,NULL,NULL,NULL,NULL,NULL,NULL,NULL,NULL,NULL),
(5978,NULL,NULL,NULL,NULL,NULL,NULL,NULL,NULL,NULL,NULL,NULL,NULL),
(5979,51,42,69,NULL,0,NULL,NULL,NULL,NULL,NULL,NULL,NULL),
(5980,NULL,NULL,NULL,NULL,NULL,NULL,NULL,NULL,NULL,NULL,NULL,NULL),
(5981,49,48,68,2,0,NULL,NULL,1,NULL,NULL,NULL,NULL),
(5982,51,42,68,2,1,1,8,10,0,NULL,NULL,NULL),
(5983,NULL,NULL,NULL,NULL,NULL,NULL,NULL,NULL,NULL,NULL,NULL,NULL),
(5984,NULL,NULL,NULL,NULL,NULL,NULL,NULL,NULL,NULL,NULL,NULL,NULL),
(5985,55,42,68,4,1,7,6,1,NULL,NULL,NULL,NULL),
(5986,52,42,70,2,0,NULL,NULL,2,0,NULL,NULL,NULL),
(5987,NULL,NULL,NULL,NULL,NULL,NULL,NULL,NULL,NULL,NULL,NULL,NULL),
(5988,50,42,70,4,1,6,9,5,0,NULL,NULL,NULL),
(5989,51,52,68,NULL,NULL,NULL,NULL,NULL,NULL,NULL,NULL,NULL),
(5990,NULL,NULL,NULL,NULL,NULL,NULL,NULL,NULL,NULL,NULL,NULL,NULL),
(5991,NULL,NULL,NULL,NULL,NULL,NULL,NULL,NULL,NULL,NULL,NULL,NULL),
(5992,54,42,69,NULL,1,5,10,NULL,NULL,NULL,NULL,NULL),
(5993,53,42,69,NULL,1,NULL,NULL,NULL,NULL,NULL,NULL,NULL),
(5994,49,42,68,4,1,2,9,5,1,2,NULL,NULL),
(5995,NULL,NULL,NULL,NULL,NULL,NULL,NULL,NULL,NULL,NULL,NULL,NULL),
(5996,49,42,68,3,1,5,9,5,0,NULL,NULL,NULL),
(5997,NULL,NULL,NULL,NULL,NULL,NULL,NULL,NULL,NULL,NULL,NULL,NULL),
(5998,52,61,70,4,0,NULL,NULL,1,NULL,NULL,NULL,NULL),
(5999,143,42,68,4,1,3,6,2,0,NULL,NULL,NULL),
(6000,50,52,69,NULL,1,2,6,NULL,NULL,NULL,NULL,NULL),
(6001,50,54,68,17,0,NULL,NULL,NULL,NULL,NULL,NULL,NULL),
(6002,51,42,68,4,1,NULL,NULL,NULL,NULL,NULL,NULL,NULL),
(6003,50,42,68,4,1,0,9,1,NULL,NULL,NULL,NULL),
(6004,NULL,NULL,NULL,NULL,NULL,NULL,NULL,NULL,NULL,NULL,NULL,NULL),
(6005,52,42,68,4,1,0,8,1,NULL,NULL,NULL,NULL),
(6006,49,42,70,10,1,6,8,5,0,NULL,NULL,NULL),
(6007,49,42,69,NULL,1,NULL,NULL,NULL,NULL,NULL,NULL,NULL),
(6008,49,42,70,4,1,0,8,1,NULL,NULL,NULL,NULL),
(6009,55,42,68,4,0,NULL,NULL,4,0,NULL,NULL,NULL),
(6010,53,42,70,4,1,1,6,2,0,NULL,NULL,NULL),
(6011,NULL,NULL,NULL,NULL,NULL,NULL,NULL,NULL,NULL,NULL,NULL,NULL),
(6012,NULL,NULL,NULL,NULL,NULL,NULL,NULL,NULL,NULL,NULL,NULL,NULL),
(6013,NULL,NULL,NULL,NULL,NULL,NULL,NULL,NULL,NULL,NULL,NULL,NULL),
(6014,NULL,NULL,NULL,NULL,NULL,NULL,NULL,NULL,NULL,NULL,NULL,NULL),
(6015,NULL,NULL,NULL,NULL,NULL,NULL,NULL,NULL,NULL,NULL,NULL,NULL),
(6016,54,42,70,134,1,6,7,2,0,NULL,NULL,NULL),
(6017,51,42,69,NULL,1,7,9,2,0,NULL,NULL,NULL),
(6018,54,42,68,4,1,NULL,9,1,NULL,NULL,NULL,NULL),
(6019,NULL,NULL,NULL,NULL,NULL,NULL,NULL,NULL,NULL,NULL,NULL,NULL),
(6020,52,42,68,4,1,NULL,NULL,NULL,NULL,NULL,NULL,NULL),
(6021,49,42,68,4,1,2,7,1,NULL,NULL,NULL,NULL),
(6022,NULL,NULL,NULL,NULL,NULL,NULL,NULL,NULL,NULL,NULL,NULL,NULL),
(6023,49,42,68,3,0,NULL,NULL,10,1,3,NULL,NULL),
(6024,50,54,68,NULL,0,NULL,NULL,5,0,NULL,NULL,NULL),
(6025,49,48,68,4,1,NULL,NULL,NULL,NULL,NULL,NULL,NULL),
(6026,54,42,68,4,1,2,9,1,NULL,NULL,NULL,NULL),
(6027,49,42,70,4,0,NULL,NULL,15,0,NULL,NULL,NULL),
(6028,NULL,NULL,NULL,NULL,NULL,NULL,NULL,NULL,NULL,NULL,NULL,NULL),
(6029,NULL,NULL,NULL,NULL,NULL,NULL,NULL,NULL,NULL,NULL,NULL,NULL),
(6030,51,42,70,4,0,NULL,NULL,2,0,NULL,NULL,NULL),
(6031,NULL,NULL,NULL,NULL,NULL,NULL,NULL,NULL,NULL,NULL,NULL,NULL),
(6032,51,42,68,5,1,1,8,3,0,NULL,NULL,NULL),
(6033,53,102,70,NULL,NULL,NULL,NULL,NULL,NULL,NULL,NULL,NULL),
(6034,51,42,70,4,1,NULL,NULL,NULL,NULL,NULL,NULL,NULL),
(6035,50,52,69,NULL,0,NULL,NULL,NULL,NULL,NULL,NULL,NULL),
(6036,51,42,68,4,0,NULL,NULL,5,0,NULL,NULL,NULL),
(6037,54,64,69,NULL,1,7,7,5,NULL,NULL,NULL,NULL),
(6038,NULL,NULL,NULL,NULL,NULL,NULL,NULL,NULL,NULL,NULL,NULL,NULL),
(6039,52,42,68,4,1,5,8,2,0,NULL,NULL,NULL),
(6040,NULL,NULL,NULL,NULL,NULL,NULL,NULL,NULL,NULL,NULL,NULL,NULL),
(6041,50,42,70,5,1,1,6,1,NULL,NULL,NULL,NULL),
(6042,51,42,70,2,0,NULL,NULL,2,0,NULL,NULL,NULL),
(6043,NULL,NULL,NULL,NULL,NULL,NULL,NULL,NULL,NULL,NULL,NULL,NULL),
(6044,50,42,70,5,1,1,10,1,NULL,NULL,NULL,NULL),
(6045,54,42,69,NULL,0,NULL,NULL,3,1,3,NULL,NULL),
(6046,NULL,NULL,NULL,NULL,NULL,NULL,NULL,NULL,NULL,NULL,NULL,NULL),
(6047,NULL,NULL,NULL,NULL,NULL,NULL,NULL,NULL,NULL,NULL,NULL,NULL),
(6048,NULL,NULL,NULL,NULL,NULL,NULL,NULL,NULL,NULL,NULL,NULL,NULL),
(6049,55,54,68,4,1,3,6,5,1,NULL,NULL,NULL),
(6050,50,42,70,3,1,2,9,1,NULL,NULL,NULL,NULL),
(6051,50,42,69,NULL,0,NULL,NULL,5,0,NULL,NULL,NULL),
(6052,50,42,68,4,0,NULL,NULL,1,NULL,NULL,NULL,NULL),
(6053,50,42,70,4,1,4,6,1,NULL,NULL,NULL,NULL),
(6054,51,54,70,4,0,NULL,NULL,1,NULL,NULL,NULL,NULL),
(6055,51,42,68,4,1,NULL,NULL,NULL,NULL,NULL,NULL,NULL),
(6056,NULL,NULL,NULL,NULL,NULL,NULL,NULL,NULL,NULL,NULL,NULL,NULL),
(6057,52,42,70,4,1,NULL,NULL,NULL,NULL,NULL,NULL,NULL),
(6058,NULL,NULL,NULL,NULL,NULL,NULL,NULL,NULL,NULL,NULL,NULL,NULL),
(6059,NULL,NULL,NULL,NULL,NULL,NULL,NULL,NULL,NULL,NULL,NULL,NULL),
(6060,51,42,70,2,1,1,10,2,0,NULL,NULL,NULL),
(6061,53,42,69,NULL,1,1,7,1,NULL,NULL,NULL,NULL),
(6062,NULL,NULL,NULL,NULL,NULL,NULL,NULL,NULL,NULL,NULL,NULL,NULL),
(6063,143,169,68,NULL,NULL,NULL,NULL,NULL,NULL,NULL,NULL,NULL),
(6064,51,44,68,4,1,5,8,1,NULL,NULL,NULL,NULL),
(6065,NULL,NULL,NULL,NULL,NULL,NULL,NULL,NULL,NULL,NULL,NULL,NULL),
(6066,52,42,70,6,1,NULL,NULL,NULL,NULL,NULL,NULL,NULL),
(6067,50,42,68,NULL,NULL,NULL,NULL,NULL,NULL,NULL,NULL,NULL),
(6068,55,42,68,4,1,3,6,4,0,NULL,NULL,NULL),
(6069,50,52,69,NULL,1,5,10,1,NULL,NULL,NULL,NULL),
(6070,NULL,NULL,NULL,NULL,NULL,NULL,NULL,NULL,NULL,NULL,NULL,NULL),
(6071,50,54,70,4,1,5,6,1,NULL,NULL,NULL,NULL),
(6072,50,58,68,4,1,5,6,4,0,NULL,NULL,NULL),
(6073,49,42,NULL,NULL,NULL,NULL,NULL,NULL,NULL,NULL,NULL,NULL),
(6074,53,42,69,NULL,1,3,8,3,0,NULL,NULL,NULL),
(6075,145,42,68,2,0,NULL,NULL,4,0,NULL,NULL,NULL),
(6076,NULL,NULL,NULL,NULL,NULL,NULL,NULL,NULL,NULL,NULL,NULL,NULL),
(6077,50,42,68,4,0,NULL,NULL,NULL,NULL,NULL,NULL,NULL),
(6078,51,42,69,NULL,0,NULL,NULL,1,NULL,NULL,NULL,NULL),
(6079,49,42,68,4,1,NULL,NULL,NULL,NULL,NULL,NULL,NULL),
(6080,NULL,NULL,NULL,NULL,NULL,NULL,NULL,NULL,NULL,NULL,NULL,NULL),
(6081,49,42,68,3,0,NULL,NULL,1,NULL,NULL,NULL,NULL),
(6082,NULL,NULL,NULL,NULL,NULL,NULL,NULL,NULL,NULL,NULL,NULL,NULL),
(6083,NULL,NULL,NULL,NULL,NULL,NULL,NULL,NULL,NULL,NULL,NULL,NULL),
(6084,NULL,NULL,NULL,NULL,NULL,NULL,NULL,NULL,NULL,NULL,NULL,NULL),
(6085,NULL,NULL,NULL,NULL,NULL,NULL,NULL,NULL,NULL,NULL,NULL,NULL),
(6086,51,42,68,NULL,NULL,NULL,NULL,NULL,NULL,NULL,NULL,NULL),
(6087,NULL,NULL,NULL,NULL,NULL,NULL,NULL,NULL,NULL,NULL,NULL,NULL),
(6088,50,42,68,4,0,NULL,NULL,3,0,NULL,NULL,NULL),
(6089,NULL,NULL,NULL,NULL,NULL,NULL,NULL,NULL,NULL,NULL,NULL,NULL),
(6090,49,77,68,2,1,7,6,4,0,NULL,NULL,NULL),
(6091,50,52,68,4,0,NULL,NULL,1,NULL,NULL,NULL,NULL),
(6092,53,42,69,NULL,0,NULL,NULL,NULL,NULL,NULL,NULL,NULL),
(6093,NULL,NULL,NULL,NULL,NULL,NULL,NULL,NULL,NULL,NULL,NULL,NULL),
(6094,51,42,68,4,0,NULL,NULL,5,0,NULL,NULL,NULL),
(6095,NULL,NULL,NULL,NULL,NULL,NULL,NULL,NULL,NULL,NULL,NULL,NULL),
(6096,50,42,68,4,1,5,6,NULL,0,NULL,NULL,NULL),
(6097,NULL,NULL,NULL,NULL,NULL,NULL,NULL,NULL,NULL,NULL,NULL,NULL),
(6098,NULL,NULL,NULL,NULL,NULL,NULL,NULL,NULL,NULL,NULL,NULL,NULL),
(6099,50,54,70,4,1,6,7,5,0,NULL,NULL,NULL),
(6100,NULL,NULL,NULL,NULL,NULL,NULL,NULL,NULL,NULL,NULL,NULL,NULL),
(6101,55,42,68,4,0,NULL,NULL,2,0,NULL,NULL,NULL),
(6102,NULL,NULL,NULL,NULL,NULL,NULL,NULL,NULL,NULL,NULL,NULL,NULL),
(6103,NULL,NULL,NULL,NULL,NULL,NULL,NULL,NULL,NULL,NULL,NULL,NULL),
(6104,52,42,68,79,0,NULL,NULL,1,NULL,NULL,NULL,NULL),
(6105,49,42,68,4,0,NULL,NULL,10,0,NULL,NULL,NULL),
(6106,53,42,69,NULL,1,7,8,1,NULL,NULL,NULL,NULL),
(6107,50,48,70,4,1,0,6,1,NULL,NULL,NULL,NULL),
(6108,NULL,NULL,NULL,NULL,NULL,NULL,NULL,NULL,NULL,NULL,NULL,NULL),
(6109,NULL,NULL,NULL,NULL,NULL,NULL,NULL,NULL,NULL,NULL,NULL,NULL),
(6110,50,48,68,4,1,0,7,1,NULL,NULL,NULL,NULL),
(6111,49,42,68,2,1,NULL,7,4,0,NULL,NULL,NULL),
(6112,NULL,NULL,NULL,NULL,NULL,NULL,NULL,NULL,NULL,NULL,NULL,NULL),
(6113,NULL,NULL,NULL,NULL,NULL,NULL,NULL,NULL,NULL,NULL,NULL,NULL),
(6114,51,42,68,4,1,4,6,5,0,NULL,NULL,NULL),
(6115,NULL,NULL,NULL,NULL,NULL,NULL,NULL,NULL,NULL,NULL,NULL,NULL),
(6116,50,47,68,4,1,5,8,NULL,NULL,NULL,NULL,NULL),
(6117,NULL,NULL,NULL,NULL,NULL,NULL,NULL,NULL,NULL,NULL,NULL,NULL),
(6118,NULL,NULL,NULL,NULL,NULL,NULL,NULL,NULL,NULL,NULL,NULL,NULL),
(6119,50,77,68,4,1,NULL,NULL,NULL,NULL,NULL,NULL,NULL),
(6120,NULL,NULL,NULL,NULL,NULL,NULL,NULL,NULL,NULL,NULL,NULL,NULL),
(6121,143,169,68,8,1,6,6,1,NULL,NULL,NULL,NULL),
(6122,49,42,68,5,1,1,10,5,0,NULL,NULL,NULL),
(6123,51,42,70,3,1,NULL,NULL,NULL,NULL,NULL,NULL,NULL),
(6124,49,64,70,NULL,NULL,NULL,NULL,NULL,NULL,NULL,NULL,NULL),
(6125,52,42,70,70,0,NULL,NULL,1,NULL,NULL,NULL,NULL),
(6126,NULL,NULL,NULL,NULL,NULL,NULL,NULL,NULL,NULL,NULL,NULL,NULL),
(6127,51,42,70,NULL,1,7,8,3,0,NULL,NULL,NULL),
(6128,54,42,70,4,1,2,8,1,NULL,NULL,NULL,NULL),
(6129,52,42,68,4,1,1,6,2,0,NULL,NULL,NULL),
(6130,49,54,70,17,0,NULL,NULL,NULL,NULL,NULL,NULL,NULL),
(6131,54,42,70,4,0,NULL,NULL,1,NULL,NULL,NULL,NULL),
(6132,NULL,NULL,NULL,NULL,NULL,NULL,NULL,NULL,NULL,NULL,NULL,NULL),
(6133,NULL,NULL,NULL,NULL,NULL,NULL,NULL,NULL,NULL,NULL,NULL,NULL),
(6134,NULL,NULL,NULL,NULL,NULL,NULL,NULL,NULL,NULL,NULL,NULL,NULL),
(6135,NULL,NULL,NULL,NULL,NULL,NULL,NULL,NULL,NULL,NULL,NULL,NULL),
(6136,49,42,68,4,1,1,6,NULL,NULL,NULL,NULL,NULL),
(6137,55,44,68,4,1,2,6,5,0,NULL,NULL,NULL),
(6138,53,42,70,79,1,NULL,NULL,NULL,NULL,NULL,NULL,NULL),
(6139,NULL,NULL,NULL,NULL,NULL,NULL,NULL,NULL,NULL,NULL,NULL,NULL),
(6140,NULL,NULL,NULL,NULL,NULL,NULL,NULL,NULL,NULL,NULL,NULL,NULL),
(6141,50,64,68,138,1,7,6,NULL,NULL,NULL,NULL,NULL),
(6142,51,44,68,4,1,5,9,3,0,NULL,NULL,NULL),
(6143,54,42,70,NULL,1,5,7,3,NULL,NULL,NULL,NULL),
(6144,NULL,NULL,NULL,NULL,NULL,NULL,NULL,NULL,NULL,NULL,NULL,NULL),
(6145,50,42,70,4,0,NULL,NULL,10,0,NULL,NULL,NULL),
(6146,49,42,70,5,1,5,6,10,0,NULL,NULL,NULL),
(6147,52,42,70,4,1,5,7,5,NULL,2,NULL,NULL),
(6148,49,42,70,5,1,5,6,2,0,NULL,NULL,NULL),
(6149,51,42,70,5,1,5,10,1,NULL,NULL,NULL,NULL),
(6150,51,54,68,4,1,NULL,NULL,NULL,NULL,NULL,NULL,NULL),
(6151,49,54,70,17,0,NULL,NULL,2,0,NULL,NULL,NULL),
(6152,51,42,70,5,1,5,7,15,0,NULL,NULL,NULL),
(6153,50,42,68,3,1,NULL,NULL,NULL,NULL,NULL,NULL,NULL),
(6154,53,42,68,4,1,2,6,NULL,0,NULL,NULL,NULL),
(6155,49,42,68,4,1,NULL,NULL,NULL,NULL,NULL,NULL,NULL),
(6156,NULL,NULL,NULL,NULL,NULL,NULL,NULL,NULL,NULL,NULL,NULL,NULL),
(6157,55,42,68,4,1,6,10,2,0,NULL,NULL,NULL),
(6158,NULL,NULL,NULL,NULL,NULL,NULL,NULL,NULL,NULL,NULL,NULL,NULL),
(6159,NULL,NULL,NULL,NULL,NULL,NULL,NULL,NULL,NULL,NULL,NULL,NULL),
(6160,NULL,NULL,NULL,NULL,NULL,NULL,NULL,NULL,NULL,NULL,NULL,NULL),
(6161,53,42,70,4,0,NULL,NULL,2,0,NULL,NULL,NULL),
(6162,NULL,NULL,NULL,NULL,NULL,NULL,NULL,NULL,NULL,NULL,NULL,NULL),
(6163,51,42,70,2,1,1,7,NULL,NULL,NULL,NULL,NULL),
(6164,54,42,68,4,0,NULL,NULL,1,NULL,NULL,NULL,NULL),
(6165,51,42,70,4,1,4,8,2,1,2,NULL,NULL),
(6166,49,52,69,NULL,0,NULL,NULL,3,0,NULL,NULL,NULL),
(6167,49,42,68,2,0,NULL,NULL,2,0,NULL,NULL,NULL),
(6168,50,82,69,NULL,1,4,9,1,NULL,NULL,NULL,NULL),
(6169,49,42,68,4,0,NULL,NULL,1,NULL,NULL,NULL,NULL),
(6170,NULL,NULL,NULL,NULL,NULL,NULL,NULL,NULL,NULL,NULL,NULL,NULL),
(6171,NULL,NULL,NULL,NULL,NULL,NULL,NULL,NULL,NULL,NULL,NULL,NULL),
(6172,NULL,NULL,NULL,NULL,NULL,NULL,NULL,NULL,NULL,NULL,NULL,NULL),
(6173,NULL,NULL,NULL,NULL,NULL,NULL,NULL,NULL,NULL,NULL,NULL,NULL),
(6174,NULL,NULL,NULL,NULL,NULL,NULL,NULL,NULL,NULL,NULL,NULL,NULL),
(6175,50,42,68,2,1,3,8,4,0,NULL,NULL,NULL),
(6176,49,42,68,4,0,NULL,NULL,4,0,NULL,NULL,NULL),
(6177,49,48,68,4,0,NULL,NULL,10,0,NULL,NULL,NULL),
(6178,51,52,68,4,1,1,6,12,0,NULL,NULL,NULL),
(6179,49,42,NULL,NULL,NULL,NULL,NULL,NULL,NULL,NULL,NULL,NULL),
(6180,NULL,NULL,NULL,NULL,NULL,NULL,NULL,NULL,NULL,NULL,NULL,NULL),
(6181,50,48,68,4,1,7,6,5,0,NULL,NULL,NULL),
(6182,NULL,NULL,NULL,NULL,NULL,NULL,NULL,NULL,NULL,NULL,NULL,NULL),
(6183,NULL,NULL,NULL,NULL,NULL,NULL,NULL,NULL,NULL,NULL,NULL,NULL),
(6184,NULL,NULL,NULL,NULL,NULL,NULL,NULL,NULL,NULL,NULL,NULL,NULL),
(6185,53,42,69,NULL,0,NULL,NULL,1,NULL,NULL,NULL,NULL),
(6186,NULL,NULL,NULL,NULL,NULL,NULL,NULL,NULL,NULL,NULL,NULL,NULL),
(6187,NULL,NULL,NULL,NULL,NULL,NULL,NULL,NULL,NULL,NULL,NULL,NULL),
(6188,NULL,NULL,NULL,NULL,NULL,NULL,NULL,NULL,NULL,NULL,NULL,NULL),
(6189,NULL,NULL,NULL,NULL,NULL,NULL,NULL,NULL,NULL,NULL,NULL,NULL),
(6190,NULL,NULL,NULL,NULL,NULL,NULL,NULL,NULL,NULL,NULL,NULL,NULL),
(6191,50,42,70,79,1,1,9,1,NULL,NULL,NULL,NULL),
(6192,49,42,68,2,0,NULL,NULL,3,0,NULL,NULL,NULL),
(6193,55,52,68,4,1,1,10,15,0,NULL,NULL,NULL),
(6194,49,77,68,3,0,NULL,NULL,NULL,NULL,NULL,NULL,NULL),
(6195,51,42,68,10,1,1,8,1,NULL,NULL,NULL,NULL),
(6196,NULL,NULL,NULL,NULL,NULL,NULL,NULL,NULL,NULL,NULL,NULL,NULL),
(6197,NULL,NULL,NULL,NULL,NULL,NULL,NULL,NULL,NULL,NULL,NULL,NULL),
(6198,55,42,69,NULL,0,NULL,NULL,2,1,2,NULL,NULL),
(6199,NULL,NULL,NULL,NULL,NULL,NULL,NULL,NULL,NULL,NULL,NULL,NULL),
(6200,49,64,70,4,1,5,8,3,1,1,NULL,NULL),
(6201,NULL,NULL,NULL,NULL,NULL,NULL,NULL,NULL,NULL,NULL,NULL,NULL),
(6202,NULL,NULL,NULL,NULL,NULL,NULL,NULL,NULL,NULL,NULL,NULL,NULL),
(6203,NULL,NULL,NULL,NULL,NULL,NULL,NULL,NULL,NULL,NULL,NULL,NULL),
(6204,50,42,70,4,0,NULL,NULL,NULL,NULL,NULL,NULL,NULL),
(6205,50,42,68,4,0,NULL,NULL,3,0,NULL,NULL,NULL),
(6206,54,42,NULL,NULL,NULL,NULL,NULL,NULL,NULL,NULL,NULL,NULL),
(6207,NULL,NULL,NULL,NULL,NULL,NULL,NULL,NULL,NULL,NULL,NULL,NULL),
(6208,143,169,68,4,0,NULL,NULL,20,0,NULL,NULL,NULL),
(6209,NULL,NULL,NULL,NULL,NULL,NULL,NULL,NULL,NULL,NULL,NULL,NULL),
(6210,NULL,NULL,NULL,NULL,NULL,NULL,NULL,NULL,NULL,NULL,NULL,NULL),
(6211,51,42,68,4,1,2,6,5,0,NULL,NULL,NULL),
(6212,NULL,NULL,NULL,NULL,NULL,NULL,NULL,NULL,NULL,NULL,NULL,NULL),
(6213,NULL,NULL,NULL,NULL,NULL,NULL,NULL,NULL,NULL,NULL,NULL,NULL),
(6214,52,42,70,4,1,5,6,2,1,3,NULL,NULL),
(6215,50,43,70,4,1,6,9,1,NULL,NULL,NULL,NULL),
(6216,53,42,68,4,1,NULL,NULL,NULL,NULL,NULL,NULL,NULL),
(6217,53,42,68,2,0,NULL,NULL,3,0,NULL,NULL,NULL),
(6218,NULL,NULL,NULL,NULL,NULL,NULL,NULL,NULL,NULL,NULL,NULL,NULL),
(6219,51,42,70,3,1,5,9,2,1,1,NULL,NULL),
(6220,NULL,NULL,NULL,NULL,NULL,NULL,NULL,NULL,NULL,NULL,NULL,NULL),
(6221,NULL,NULL,NULL,NULL,NULL,NULL,NULL,NULL,NULL,NULL,NULL,NULL),
(6222,49,47,68,4,1,NULL,NULL,NULL,NULL,NULL,NULL,NULL),
(6223,50,54,70,NULL,1,5,6,4,0,NULL,NULL,NULL),
(6224,NULL,NULL,NULL,NULL,NULL,NULL,NULL,NULL,NULL,NULL,NULL,NULL),
(6225,NULL,NULL,NULL,NULL,NULL,NULL,NULL,NULL,NULL,NULL,NULL,NULL),
(6226,49,44,70,4,0,NULL,NULL,3,1,3,NULL,NULL),
(6227,49,43,68,4,1,7,7,3,1,3,NULL,NULL),
(6228,NULL,NULL,NULL,NULL,NULL,NULL,NULL,NULL,NULL,NULL,NULL,NULL),
(6229,143,42,69,NULL,0,NULL,NULL,NULL,NULL,NULL,NULL,NULL),
(6230,49,54,68,4,1,6,9,6,0,NULL,NULL,NULL),
(6231,50,42,68,4,1,5,7,8,0,NULL,NULL,NULL),
(6232,55,42,68,4,0,NULL,NULL,13,0,NULL,NULL,NULL),
(6233,55,42,70,NULL,1,NULL,8,1,NULL,NULL,NULL,NULL),
(6234,51,42,68,4,1,5,9,5,0,NULL,NULL,NULL),
(6235,49,44,68,4,1,1,8,2,0,NULL,NULL,NULL),
(6236,NULL,NULL,NULL,NULL,NULL,NULL,NULL,NULL,NULL,NULL,NULL,NULL),
(6237,53,64,70,4,0,NULL,NULL,1,NULL,NULL,NULL,NULL),
(6238,NULL,NULL,NULL,NULL,NULL,NULL,NULL,NULL,NULL,NULL,NULL,NULL),
(6239,NULL,NULL,NULL,NULL,NULL,NULL,NULL,NULL,NULL,NULL,NULL,NULL),
(6240,NULL,NULL,NULL,NULL,NULL,NULL,NULL,NULL,NULL,NULL,NULL,NULL),
(6241,NULL,NULL,NULL,NULL,NULL,NULL,NULL,NULL,NULL,NULL,NULL,NULL),
(6242,53,42,68,4,1,2,10,1,NULL,NULL,NULL,NULL),
(6243,50,42,69,NULL,1,NULL,NULL,NULL,NULL,NULL,NULL,NULL),
(6244,NULL,NULL,NULL,NULL,NULL,NULL,NULL,NULL,NULL,NULL,NULL,NULL),
(6245,50,42,68,2,0,NULL,NULL,1,NULL,NULL,NULL,NULL),
(6246,54,42,68,4,1,5,10,2,0,NULL,NULL,NULL),
(6247,NULL,NULL,NULL,NULL,NULL,NULL,NULL,NULL,NULL,NULL,NULL,NULL),
(6248,NULL,NULL,NULL,NULL,NULL,NULL,NULL,NULL,NULL,NULL,NULL,NULL),
(6249,49,52,70,4,0,NULL,NULL,5,0,NULL,NULL,NULL),
(6250,NULL,NULL,NULL,NULL,NULL,NULL,NULL,NULL,NULL,NULL,NULL,NULL),
(6251,49,42,68,10,1,NULL,8,5,1,3,NULL,NULL),
(6252,143,42,69,NULL,1,5,8,3,0,NULL,NULL,NULL),
(6253,50,42,68,4,0,NULL,NULL,NULL,NULL,NULL,NULL,NULL),
(6254,51,64,70,2,1,0,10,1,NULL,NULL,NULL,NULL),
(6255,NULL,NULL,NULL,NULL,NULL,NULL,NULL,NULL,NULL,NULL,NULL,NULL),
(6256,49,44,68,4,1,3,6,2,1,2,NULL,NULL),
(6257,NULL,NULL,NULL,NULL,NULL,NULL,NULL,NULL,NULL,NULL,NULL,NULL),
(6258,51,42,NULL,NULL,NULL,NULL,NULL,NULL,NULL,NULL,NULL,NULL),
(6259,NULL,NULL,NULL,NULL,NULL,NULL,NULL,NULL,NULL,NULL,NULL,NULL),
(6260,NULL,NULL,NULL,NULL,NULL,NULL,NULL,NULL,NULL,NULL,NULL,NULL),
(6261,55,42,68,4,1,3,6,NULL,NULL,NULL,NULL,NULL),
(6262,NULL,NULL,NULL,NULL,NULL,NULL,NULL,NULL,NULL,NULL,NULL,NULL),
(6263,51,42,68,4,1,5,6,NULL,NULL,NULL,NULL,NULL),
(6264,50,42,68,2,1,7,9,8,0,NULL,NULL,NULL),
(6265,NULL,NULL,NULL,NULL,NULL,NULL,NULL,NULL,NULL,NULL,NULL,NULL),
(6266,NULL,NULL,NULL,NULL,NULL,NULL,NULL,NULL,NULL,NULL,NULL,NULL),
(6267,50,64,68,4,0,NULL,NULL,NULL,NULL,NULL,NULL,NULL),
(6268,49,42,68,NULL,0,NULL,NULL,NULL,NULL,NULL,NULL,NULL),
(6269,51,42,69,NULL,1,NULL,7,3,0,NULL,NULL,NULL),
(6270,NULL,NULL,NULL,NULL,NULL,NULL,NULL,NULL,NULL,NULL,NULL,NULL),
(6271,50,43,68,4,0,NULL,NULL,NULL,NULL,NULL,NULL,NULL),
(6272,NULL,NULL,NULL,NULL,NULL,NULL,NULL,NULL,NULL,NULL,NULL,NULL),
(6273,50,42,70,4,0,NULL,NULL,1,NULL,NULL,NULL,NULL),
(6274,51,43,69,NULL,1,NULL,NULL,NULL,NULL,NULL,NULL,NULL),
(6275,54,42,70,5,0,NULL,NULL,1,NULL,NULL,NULL,NULL),
(6276,NULL,NULL,NULL,NULL,NULL,NULL,NULL,NULL,NULL,NULL,NULL,NULL),
(6277,NULL,NULL,NULL,NULL,NULL,NULL,NULL,NULL,NULL,NULL,NULL,NULL),
(6278,NULL,NULL,NULL,NULL,NULL,NULL,NULL,NULL,NULL,NULL,NULL,NULL),
(6279,NULL,NULL,NULL,NULL,NULL,NULL,NULL,NULL,NULL,NULL,NULL,NULL),
(6280,NULL,NULL,NULL,NULL,NULL,NULL,NULL,NULL,NULL,NULL,NULL,NULL),
(6281,55,42,68,4,1,3,9,16,0,NULL,NULL,NULL),
(6282,53,44,68,4,1,5,6,5,0,NULL,NULL,NULL),
(6283,49,77,69,NULL,0,NULL,NULL,1,NULL,NULL,NULL,NULL),
(6284,52,42,68,2,1,4,8,3,0,NULL,NULL,NULL),
(6285,NULL,NULL,NULL,NULL,NULL,NULL,NULL,NULL,NULL,NULL,NULL,NULL),
(6286,53,102,69,NULL,1,NULL,NULL,NULL,NULL,NULL,NULL,NULL),
(6287,NULL,NULL,NULL,NULL,NULL,NULL,NULL,NULL,NULL,NULL,NULL,NULL),
(6288,49,42,68,5,0,NULL,NULL,1,NULL,NULL,NULL,NULL),
(6289,50,42,68,4,1,5,6,20,1,2,NULL,NULL),
(6290,55,54,68,4,1,1,10,3,0,NULL,NULL,NULL),
(6291,51,52,68,3,1,2,8,5,0,NULL,NULL,NULL),
(6292,143,169,70,5,1,7,6,5,0,NULL,2,'this is very software focussed. hardware, storage, etc are important here.  and many of the options need to be multiple choice.  also nothing about virtualization, only containers.'),
(6293,NULL,42,70,4,1,NULL,NULL,NULL,NULL,NULL,NULL,NULL),
(6294,49,42,68,4,1,5,6,1,NULL,NULL,NULL,NULL),
(6295,51,42,70,2,0,NULL,NULL,3,1,3,NULL,NULL),
(6296,52,42,68,4,0,NULL,NULL,6,0,NULL,NULL,NULL),
(6297,NULL,NULL,NULL,NULL,NULL,NULL,NULL,NULL,NULL,NULL,NULL,NULL),
(6298,NULL,NULL,NULL,NULL,NULL,NULL,NULL,NULL,NULL,NULL,NULL,NULL),
(6299,50,54,70,4,0,NULL,NULL,1,NULL,NULL,NULL,NULL),
(6300,NULL,NULL,NULL,NULL,NULL,NULL,NULL,NULL,NULL,NULL,NULL,NULL),
(6301,51,42,68,4,0,NULL,NULL,1,NULL,NULL,NULL,NULL),
(6302,NULL,NULL,NULL,NULL,NULL,NULL,NULL,NULL,NULL,NULL,NULL,NULL),
(6303,NULL,NULL,NULL,NULL,NULL,NULL,NULL,NULL,NULL,NULL,NULL,NULL),
(6304,NULL,NULL,NULL,NULL,NULL,NULL,NULL,NULL,NULL,NULL,NULL,NULL),
(6305,51,42,70,4,1,3,8,6,0,NULL,NULL,NULL),
(6306,50,42,69,NULL,1,6,8,5,1,3,NULL,NULL),
(6307,NULL,NULL,NULL,NULL,NULL,NULL,NULL,NULL,NULL,NULL,NULL,NULL),
(6308,NULL,NULL,NULL,NULL,NULL,NULL,NULL,NULL,NULL,NULL,NULL,NULL),
(6309,NULL,NULL,NULL,NULL,NULL,NULL,NULL,NULL,NULL,NULL,NULL,NULL),
(6310,NULL,NULL,NULL,NULL,NULL,NULL,NULL,NULL,NULL,NULL,NULL,NULL),
(6311,NULL,NULL,NULL,NULL,NULL,NULL,NULL,NULL,NULL,NULL,NULL,NULL),
(6312,54,42,68,4,1,NULL,8,NULL,1,2,NULL,NULL),
(6313,51,42,68,NULL,1,NULL,NULL,NULL,NULL,NULL,NULL,NULL),
(6314,NULL,NULL,NULL,NULL,NULL,NULL,NULL,NULL,NULL,NULL,NULL,NULL),
(6315,49,42,68,NULL,NULL,NULL,NULL,NULL,NULL,NULL,NULL,NULL),
(6316,NULL,NULL,NULL,NULL,NULL,NULL,NULL,NULL,NULL,NULL,NULL,NULL),
(6317,53,42,70,2,1,3,10,1,NULL,NULL,NULL,NULL),
(6318,NULL,NULL,NULL,NULL,NULL,NULL,NULL,NULL,NULL,NULL,NULL,NULL),
(6319,50,NULL,NULL,NULL,NULL,NULL,NULL,NULL,NULL,NULL,NULL,NULL),
(6320,54,42,70,NULL,NULL,NULL,NULL,NULL,NULL,NULL,NULL,NULL),
(6321,50,42,68,4,0,NULL,NULL,1,NULL,NULL,NULL,NULL),
(6322,50,42,70,5,0,NULL,NULL,7,0,NULL,NULL,NULL),
(6323,52,42,70,4,1,5,10,4,0,NULL,NULL,NULL),
(6324,NULL,NULL,NULL,NULL,NULL,NULL,NULL,NULL,NULL,NULL,NULL,NULL),
(6325,49,77,69,NULL,1,5,6,5,0,NULL,NULL,NULL),
(6326,50,47,68,NULL,1,0,10,2,0,NULL,NULL,NULL),
(6327,50,42,68,4,1,NULL,8,10,0,NULL,NULL,NULL),
(6328,49,42,70,4,1,5,8,2,0,NULL,NULL,NULL),
(6329,50,54,70,17,1,NULL,NULL,NULL,NULL,NULL,NULL,NULL),
(6330,NULL,NULL,NULL,NULL,NULL,NULL,NULL,NULL,NULL,NULL,NULL,NULL),
(6331,53,42,68,4,1,5,10,3,0,NULL,NULL,NULL),
(6332,NULL,NULL,NULL,NULL,NULL,NULL,NULL,NULL,NULL,NULL,NULL,NULL),
(6333,NULL,NULL,NULL,NULL,NULL,NULL,NULL,NULL,NULL,NULL,NULL,NULL),
(6334,55,43,68,4,1,5,10,5,0,NULL,NULL,NULL),
(6335,NULL,NULL,NULL,NULL,NULL,NULL,NULL,NULL,NULL,NULL,NULL,NULL),
(6336,NULL,NULL,NULL,NULL,NULL,NULL,NULL,NULL,NULL,NULL,NULL,NULL),
(6337,50,42,70,4,1,0,8,3,0,NULL,NULL,NULL),
(6338,50,42,70,4,0,NULL,NULL,16,0,NULL,NULL,NULL),
(6339,53,87,68,4,1,NULL,NULL,NULL,NULL,NULL,NULL,NULL),
(6340,54,44,68,4,0,NULL,NULL,3,1,2,NULL,NULL),
(6341,51,64,68,4,1,5,6,1,NULL,NULL,NULL,NULL),
(6342,NULL,NULL,NULL,NULL,NULL,NULL,NULL,NULL,NULL,NULL,NULL,NULL),
(6343,49,42,68,3,1,6,6,8,0,NULL,NULL,NULL),
(6344,49,42,70,17,0,NULL,NULL,1,NULL,NULL,NULL,NULL),
(6345,54,42,69,NULL,NULL,NULL,NULL,NULL,NULL,NULL,NULL,NULL),
(6346,NULL,NULL,NULL,NULL,NULL,NULL,NULL,NULL,NULL,NULL,NULL,NULL),
(6347,NULL,NULL,NULL,NULL,NULL,NULL,NULL,NULL,NULL,NULL,NULL,NULL),
(6348,NULL,NULL,NULL,NULL,NULL,NULL,NULL,NULL,NULL,NULL,NULL,NULL),
(6349,NULL,NULL,NULL,NULL,NULL,NULL,NULL,NULL,NULL,NULL,NULL,NULL),
(6350,NULL,NULL,NULL,NULL,NULL,NULL,NULL,NULL,NULL,NULL,NULL,NULL),
(6351,NULL,NULL,NULL,NULL,NULL,NULL,NULL,NULL,NULL,NULL,NULL,NULL),
(6352,53,42,68,4,1,6,7,1,NULL,NULL,NULL,NULL),
(6353,50,54,70,NULL,NULL,NULL,NULL,NULL,NULL,NULL,NULL,NULL),
(6354,52,42,68,4,NULL,NULL,NULL,NULL,NULL,NULL,NULL,NULL),
(6355,50,64,68,10,1,6,10,2,1,1,NULL,NULL),
(6356,NULL,NULL,NULL,NULL,NULL,NULL,NULL,NULL,NULL,NULL,NULL,NULL),
(6357,50,42,68,4,1,6,6,1,NULL,NULL,NULL,NULL),
(6358,NULL,NULL,NULL,NULL,NULL,NULL,NULL,NULL,NULL,NULL,NULL,NULL),
(6359,NULL,NULL,NULL,NULL,NULL,NULL,NULL,NULL,NULL,NULL,NULL,NULL),
(6360,50,58,68,4,1,5,10,3,0,NULL,NULL,NULL),
(6361,55,52,68,2,0,NULL,NULL,4,1,3,NULL,NULL),
(6362,NULL,NULL,NULL,NULL,NULL,NULL,NULL,NULL,NULL,NULL,NULL,NULL),
(6363,49,77,68,4,0,NULL,NULL,4,0,NULL,NULL,NULL),
(6364,49,62,70,4,1,3,6,5,0,NULL,NULL,NULL),
(6365,51,42,70,3,1,4,6,2,0,NULL,NULL,NULL),
(6366,51,54,70,4,0,NULL,NULL,3,0,NULL,NULL,NULL),
(6367,50,54,70,4,1,2,7,NULL,NULL,NULL,NULL,NULL),
(6368,50,64,NULL,NULL,NULL,NULL,NULL,NULL,NULL,NULL,NULL,NULL),
(6369,53,42,68,2,0,NULL,NULL,1,NULL,NULL,NULL,NULL),
(6370,NULL,NULL,NULL,NULL,NULL,NULL,NULL,NULL,NULL,NULL,NULL,NULL),
(6371,51,42,70,5,0,NULL,NULL,5,0,NULL,NULL,NULL),
(6372,52,61,68,4,1,1,8,3,0,NULL,NULL,NULL),
(6373,53,42,68,3,1,4,6,1,NULL,NULL,NULL,NULL),
(6374,49,42,70,3,1,7,8,1,NULL,NULL,NULL,NULL),
(6375,55,42,69,NULL,0,NULL,NULL,NULL,NULL,NULL,NULL,NULL),
(6376,NULL,NULL,NULL,NULL,NULL,NULL,NULL,NULL,NULL,NULL,NULL,NULL),
(6377,50,54,68,17,0,NULL,NULL,1,NULL,NULL,NULL,NULL),
(6378,49,42,68,2,1,5,10,1,NULL,NULL,NULL,NULL),
(6379,53,42,68,2,0,NULL,NULL,5,0,NULL,NULL,NULL),
(6380,NULL,NULL,NULL,NULL,NULL,NULL,NULL,NULL,NULL,NULL,NULL,NULL),
(6381,NULL,NULL,NULL,NULL,NULL,NULL,NULL,NULL,NULL,NULL,NULL,NULL),
(6382,NULL,NULL,NULL,NULL,NULL,NULL,NULL,NULL,NULL,NULL,NULL,NULL),
(6383,NULL,NULL,NULL,NULL,NULL,NULL,NULL,NULL,NULL,NULL,NULL,NULL),
(6384,53,42,68,4,0,NULL,NULL,2,0,NULL,NULL,NULL),
(6385,49,42,69,NULL,1,5,8,NULL,NULL,NULL,NULL,NULL),
(6386,50,54,68,4,0,NULL,NULL,5,0,NULL,NULL,NULL),
(6387,NULL,NULL,NULL,NULL,NULL,NULL,NULL,NULL,NULL,NULL,NULL,NULL),
(6388,49,42,68,3,0,NULL,NULL,NULL,NULL,NULL,NULL,NULL),
(6389,51,42,68,4,1,5,8,4,0,NULL,NULL,NULL),
(6390,NULL,NULL,NULL,NULL,NULL,NULL,NULL,NULL,NULL,NULL,NULL,NULL),
(6391,51,48,68,2,0,NULL,NULL,2,0,NULL,NULL,NULL),
(6392,NULL,NULL,NULL,NULL,NULL,NULL,NULL,NULL,NULL,NULL,NULL,NULL),
(6393,54,42,69,NULL,1,3,6,NULL,NULL,NULL,NULL,NULL),
(6394,NULL,NULL,NULL,NULL,NULL,NULL,NULL,NULL,NULL,NULL,NULL,NULL),
(6395,NULL,NULL,NULL,NULL,NULL,NULL,NULL,NULL,NULL,NULL,NULL,NULL),
(6396,NULL,NULL,NULL,NULL,NULL,NULL,NULL,NULL,NULL,NULL,NULL,NULL),
(6397,NULL,NULL,NULL,NULL,NULL,NULL,NULL,NULL,NULL,NULL,NULL,NULL),
(6398,53,42,69,NULL,0,NULL,NULL,1,NULL,NULL,NULL,NULL),
(6399,49,52,68,142,1,NULL,NULL,NULL,NULL,NULL,NULL,NULL),
(6400,52,42,70,4,1,NULL,NULL,NULL,NULL,NULL,NULL,NULL),
(6401,NULL,NULL,NULL,NULL,NULL,NULL,NULL,NULL,NULL,NULL,NULL,NULL),
(6402,53,42,69,NULL,1,5,6,3,0,NULL,NULL,NULL),
(6403,NULL,NULL,NULL,NULL,NULL,NULL,NULL,NULL,NULL,NULL,NULL,NULL),
(6404,NULL,NULL,NULL,NULL,NULL,NULL,NULL,NULL,NULL,NULL,NULL,NULL),
(6405,NULL,NULL,NULL,NULL,NULL,NULL,NULL,NULL,NULL,NULL,NULL,NULL),
(6406,NULL,44,NULL,NULL,NULL,NULL,NULL,NULL,NULL,NULL,NULL,NULL),
(6407,49,47,70,NULL,NULL,NULL,NULL,NULL,NULL,NULL,NULL,NULL),
(6408,49,54,68,17,1,2,9,1,NULL,NULL,NULL,NULL),
(6409,NULL,NULL,NULL,NULL,NULL,NULL,NULL,NULL,NULL,NULL,NULL,NULL),
(6410,49,42,68,4,0,NULL,NULL,3,0,NULL,NULL,NULL),
(6411,NULL,NULL,NULL,NULL,NULL,NULL,NULL,NULL,NULL,NULL,NULL,NULL),
(6412,51,64,69,NULL,0,NULL,NULL,6,0,NULL,NULL,NULL),
(6413,51,42,70,4,1,5,6,2,0,NULL,NULL,NULL),
(6414,49,42,68,2,0,NULL,NULL,2,1,3,NULL,NULL),
(6415,NULL,NULL,NULL,NULL,NULL,NULL,NULL,NULL,NULL,NULL,NULL,NULL),
(6416,50,52,69,NULL,1,6,8,1,NULL,NULL,NULL,NULL),
(6417,54,82,69,NULL,1,7,6,NULL,NULL,NULL,NULL,NULL),
(6418,51,42,70,4,1,2,6,4,1,2,NULL,NULL),
(6419,53,42,70,2,0,NULL,NULL,NULL,NULL,NULL,NULL,NULL),
(6420,NULL,NULL,NULL,NULL,NULL,NULL,NULL,NULL,NULL,NULL,NULL,NULL),
(6421,52,42,70,134,0,NULL,NULL,2,0,NULL,NULL,NULL),
(6422,NULL,NULL,NULL,NULL,NULL,NULL,NULL,NULL,NULL,NULL,NULL,NULL),
(6423,143,64,68,4,1,2,6,3,0,NULL,NULL,NULL),
(6424,52,43,68,4,1,4,6,3,0,NULL,NULL,NULL),
(6425,NULL,NULL,NULL,NULL,NULL,NULL,NULL,NULL,NULL,NULL,NULL,NULL),
(6426,50,42,69,NULL,0,NULL,NULL,20,0,NULL,NULL,NULL),
(6427,51,64,70,4,1,NULL,NULL,NULL,NULL,NULL,NULL,NULL),
(6428,53,42,68,2,1,1,10,2,1,2,NULL,NULL),
(6429,55,42,68,4,1,4,6,1,NULL,NULL,NULL,NULL),
(6430,49,97,70,17,0,NULL,NULL,5,0,NULL,NULL,NULL),
(6431,NULL,NULL,NULL,NULL,NULL,NULL,NULL,NULL,NULL,NULL,NULL,NULL),
(6432,NULL,NULL,NULL,NULL,NULL,NULL,NULL,NULL,NULL,NULL,NULL,NULL),
(6433,52,61,69,NULL,1,1,7,3,0,NULL,NULL,NULL),
(6434,NULL,NULL,NULL,NULL,NULL,NULL,NULL,NULL,NULL,NULL,NULL,NULL),
(6435,NULL,NULL,NULL,NULL,NULL,NULL,NULL,NULL,NULL,NULL,NULL,NULL),
(6436,NULL,NULL,NULL,NULL,NULL,NULL,NULL,NULL,NULL,NULL,NULL,NULL),
(6437,51,54,70,3,0,NULL,NULL,3,0,NULL,NULL,NULL),
(6438,50,52,69,NULL,0,NULL,NULL,7,0,NULL,NULL,NULL),
(6439,51,58,68,4,0,NULL,NULL,2,0,NULL,NULL,NULL),
(6440,54,64,68,4,1,4,9,4,1,2,NULL,NULL),
(6441,NULL,NULL,NULL,NULL,NULL,NULL,NULL,NULL,NULL,NULL,NULL,NULL),
(6442,49,42,70,3,1,6,6,2,0,NULL,NULL,NULL),
(6443,NULL,NULL,NULL,NULL,NULL,NULL,NULL,NULL,NULL,NULL,NULL,NULL),
(6444,NULL,NULL,NULL,NULL,NULL,NULL,NULL,NULL,NULL,NULL,NULL,NULL),
(6445,51,43,68,NULL,1,NULL,NULL,NULL,NULL,NULL,NULL,NULL),
(6446,NULL,NULL,NULL,NULL,NULL,NULL,NULL,NULL,NULL,NULL,NULL,NULL),
(6447,54,42,68,4,1,5,6,20,0,NULL,NULL,NULL),
(6448,49,44,68,8,1,NULL,NULL,NULL,NULL,NULL,NULL,NULL),
(6449,51,42,70,4,0,NULL,NULL,12,0,NULL,NULL,NULL),
(6450,NULL,NULL,NULL,NULL,NULL,NULL,NULL,NULL,NULL,NULL,NULL,NULL),
(6451,NULL,NULL,NULL,NULL,NULL,NULL,NULL,NULL,NULL,NULL,NULL,NULL),
(6452,NULL,NULL,NULL,NULL,NULL,NULL,NULL,NULL,NULL,NULL,NULL,NULL),
(6453,49,54,68,3,1,4,6,1,NULL,NULL,NULL,NULL),
(6454,50,43,68,4,0,NULL,NULL,4,0,NULL,NULL,NULL),
(6455,49,44,69,NULL,1,NULL,NULL,NULL,NULL,NULL,NULL,NULL),
(6456,NULL,NULL,NULL,NULL,NULL,NULL,NULL,NULL,NULL,NULL,NULL,NULL),
(6457,NULL,NULL,NULL,NULL,NULL,NULL,NULL,NULL,NULL,NULL,NULL,NULL),
(6458,55,54,70,4,1,3,8,1,NULL,NULL,NULL,NULL),
(6459,NULL,NULL,NULL,NULL,NULL,NULL,NULL,NULL,NULL,NULL,NULL,NULL),
(6460,NULL,NULL,NULL,NULL,NULL,NULL,NULL,NULL,NULL,NULL,NULL,NULL),
(6461,53,42,69,NULL,1,5,7,2,0,NULL,NULL,NULL),
(6462,NULL,NULL,NULL,NULL,NULL,NULL,NULL,NULL,NULL,NULL,NULL,NULL),
(6463,53,42,69,NULL,1,3,7,1,NULL,NULL,NULL,NULL),
(6464,NULL,NULL,NULL,NULL,NULL,NULL,NULL,NULL,NULL,NULL,NULL,NULL),
(6465,49,42,70,4,1,3,6,2,0,NULL,NULL,NULL),
(6466,NULL,NULL,NULL,NULL,NULL,NULL,NULL,NULL,NULL,NULL,NULL,NULL),
(6467,49,77,68,4,1,1,7,8,0,NULL,NULL,NULL),
(6468,51,42,68,4,1,2,6,1,NULL,NULL,NULL,NULL),
(6469,52,42,68,4,1,5,8,3,0,NULL,NULL,NULL),
(6470,NULL,NULL,NULL,NULL,NULL,NULL,NULL,NULL,NULL,NULL,NULL,NULL),
(6471,51,48,68,3,1,1,8,1,NULL,NULL,NULL,NULL),
(6472,52,64,70,4,0,NULL,NULL,3,0,NULL,NULL,NULL),
(6473,49,77,68,4,1,NULL,NULL,NULL,NULL,NULL,NULL,NULL),
(6474,NULL,NULL,NULL,NULL,NULL,NULL,NULL,NULL,NULL,NULL,NULL,NULL),
(6475,NULL,NULL,NULL,NULL,NULL,NULL,NULL,NULL,NULL,NULL,NULL,NULL),
(6476,NULL,NULL,NULL,NULL,NULL,NULL,NULL,NULL,NULL,NULL,NULL,NULL),
(6477,50,42,70,5,0,NULL,NULL,1,NULL,NULL,NULL,NULL),
(6478,55,52,68,2,1,2,9,1,NULL,NULL,NULL,NULL),
(6479,51,52,NULL,NULL,NULL,NULL,NULL,NULL,NULL,NULL,NULL,NULL),
(6480,49,44,68,5,1,2,8,NULL,NULL,NULL,NULL,NULL),
(6481,49,42,68,8,1,NULL,NULL,NULL,NULL,NULL,NULL,NULL),
(6482,NULL,NULL,NULL,NULL,NULL,NULL,NULL,NULL,NULL,NULL,NULL,NULL),
(6483,52,44,70,4,0,NULL,NULL,1,NULL,NULL,NULL,NULL),
(6484,49,47,70,4,1,NULL,NULL,NULL,NULL,NULL,NULL,NULL),
(6485,51,54,68,4,1,NULL,NULL,NULL,NULL,NULL,NULL,NULL),
(6486,51,42,70,3,0,NULL,NULL,NULL,NULL,NULL,NULL,NULL),
(6487,53,42,69,NULL,0,NULL,NULL,2,1,1,NULL,NULL),
(6488,53,42,70,3,1,6,10,1,NULL,NULL,NULL,NULL),
(6489,51,42,70,5,1,4,6,5,0,NULL,NULL,NULL),
(6490,53,42,69,NULL,1,NULL,NULL,NULL,NULL,NULL,NULL,NULL),
(6491,50,54,68,4,1,4,6,7,1,3,NULL,NULL),
(6492,50,42,70,4,0,NULL,NULL,1,NULL,NULL,NULL,NULL),
(6493,54,42,70,3,1,6,6,NULL,NULL,NULL,NULL,NULL),
(6494,51,42,68,5,1,2,6,5,0,NULL,NULL,NULL),
(6495,49,42,68,6,1,3,8,5,NULL,NULL,NULL,NULL),
(6496,NULL,NULL,NULL,NULL,NULL,NULL,NULL,NULL,NULL,NULL,NULL,NULL),
(6497,NULL,NULL,NULL,NULL,NULL,NULL,NULL,NULL,NULL,NULL,NULL,NULL),
(6498,NULL,NULL,NULL,NULL,NULL,NULL,NULL,NULL,NULL,NULL,NULL,NULL),
(6499,NULL,NULL,NULL,NULL,NULL,NULL,NULL,NULL,NULL,NULL,NULL,NULL),
(6500,52,42,68,3,1,0,6,3,0,NULL,NULL,NULL),
(6501,NULL,NULL,NULL,NULL,NULL,NULL,NULL,NULL,NULL,NULL,NULL,NULL),
(6502,53,42,68,4,NULL,NULL,NULL,NULL,NULL,NULL,NULL,NULL),
(6503,NULL,NULL,NULL,NULL,NULL,NULL,NULL,NULL,NULL,NULL,NULL,NULL),
(6504,NULL,NULL,NULL,NULL,NULL,NULL,NULL,NULL,NULL,NULL,NULL,NULL),
(6505,NULL,NULL,NULL,NULL,NULL,NULL,NULL,NULL,NULL,NULL,NULL,NULL),
(6506,NULL,NULL,NULL,NULL,NULL,NULL,NULL,NULL,NULL,NULL,NULL,NULL),
(6507,51,42,69,NULL,1,5,10,NULL,NULL,NULL,NULL,NULL),
(6508,50,42,70,4,1,NULL,NULL,NULL,NULL,NULL,NULL,NULL),
(6509,53,42,68,3,1,2,8,4,0,NULL,NULL,NULL),
(6510,50,44,70,NULL,NULL,NULL,NULL,NULL,NULL,NULL,NULL,NULL),
(6511,143,169,68,3,0,NULL,NULL,50,1,3,NULL,NULL),
(6512,53,42,70,4,0,NULL,NULL,1,NULL,NULL,NULL,NULL),
(6513,49,42,70,4,1,2,8,NULL,NULL,NULL,NULL,NULL),
(6514,55,42,69,NULL,1,2,6,3,0,NULL,NULL,NULL),
(6515,49,42,68,3,1,6,6,2,0,NULL,NULL,NULL),
(6516,NULL,NULL,NULL,NULL,NULL,NULL,NULL,NULL,NULL,NULL,NULL,NULL),
(6517,NULL,NULL,NULL,NULL,NULL,NULL,NULL,NULL,NULL,NULL,NULL,NULL),
(6518,52,54,70,4,1,5,9,2,0,NULL,NULL,NULL),
(6519,51,52,68,4,1,4,8,10,0,NULL,NULL,NULL),
(6520,NULL,NULL,NULL,NULL,NULL,NULL,NULL,NULL,NULL,NULL,NULL,NULL),
(6521,52,42,70,4,1,5,8,1,NULL,NULL,NULL,NULL),
(6522,53,42,70,4,0,NULL,NULL,1,NULL,NULL,NULL,NULL),
(6523,55,42,68,4,1,3,9,NULL,NULL,NULL,NULL,NULL),
(6524,51,170,69,NULL,1,7,7,1,NULL,NULL,NULL,NULL),
(6525,52,42,70,5,1,NULL,NULL,NULL,NULL,NULL,NULL,NULL),
(6526,53,42,70,4,0,NULL,NULL,1,NULL,NULL,NULL,NULL),
(6527,NULL,NULL,NULL,NULL,NULL,NULL,NULL,NULL,NULL,NULL,NULL,NULL),
(6528,54,42,68,4,1,7,6,30,1,3,NULL,NULL),
(6529,NULL,NULL,NULL,NULL,NULL,NULL,NULL,NULL,NULL,NULL,NULL,NULL),
(6530,49,42,69,NULL,0,NULL,NULL,1,NULL,NULL,NULL,NULL),
(6531,51,42,70,4,1,2,6,8,0,NULL,NULL,NULL),
(6532,NULL,NULL,NULL,NULL,NULL,NULL,NULL,NULL,NULL,NULL,NULL,NULL),
(6533,51,42,68,4,0,NULL,NULL,2,0,NULL,NULL,NULL),
(6534,NULL,NULL,NULL,NULL,NULL,NULL,NULL,NULL,NULL,NULL,NULL,NULL),
(6535,144,57,70,4,1,1,6,4,0,NULL,NULL,NULL),
(6536,50,42,69,NULL,1,4,7,1,NULL,NULL,NULL,NULL),
(6537,NULL,NULL,NULL,NULL,NULL,NULL,NULL,NULL,NULL,NULL,NULL,NULL),
(6538,NULL,NULL,NULL,NULL,NULL,NULL,NULL,NULL,NULL,NULL,NULL,NULL),
(6539,49,42,68,8,1,1,8,NULL,NULL,NULL,NULL,NULL),
(6540,51,42,68,4,1,3,8,1,NULL,NULL,NULL,NULL),
(6541,NULL,NULL,NULL,NULL,NULL,NULL,NULL,NULL,NULL,NULL,NULL,NULL),
(6542,54,42,70,4,0,NULL,NULL,1,NULL,NULL,NULL,NULL),
(6543,53,42,70,4,1,4,10,1,NULL,NULL,NULL,NULL),
(6544,49,54,68,4,1,5,10,NULL,NULL,NULL,NULL,NULL),
(6545,49,42,70,4,0,NULL,NULL,NULL,NULL,NULL,NULL,NULL),
(6546,49,42,68,4,1,7,8,3,0,NULL,NULL,NULL),
(6547,49,64,70,4,1,2,10,1,NULL,NULL,NULL,NULL),
(6548,50,42,68,3,1,0,9,5,0,NULL,NULL,NULL),
(6549,NULL,NULL,NULL,NULL,NULL,NULL,NULL,NULL,NULL,NULL,NULL,NULL),
(6550,NULL,NULL,NULL,NULL,NULL,NULL,NULL,NULL,NULL,NULL,NULL,NULL),
(6551,54,42,NULL,NULL,NULL,NULL,NULL,NULL,NULL,NULL,NULL,NULL),
(6552,52,61,68,4,1,3,7,5,0,NULL,NULL,NULL),
(6553,51,64,69,NULL,0,NULL,NULL,2,0,NULL,NULL,NULL),
(6554,NULL,NULL,NULL,NULL,NULL,NULL,NULL,NULL,NULL,NULL,NULL,NULL),
(6555,49,42,68,NULL,1,5,6,5,0,NULL,NULL,NULL),
(6556,49,42,68,4,0,NULL,NULL,15,1,3,1,NULL),
(6557,49,42,70,4,1,5,6,1,NULL,NULL,NULL,NULL),
(6558,NULL,NULL,NULL,NULL,NULL,NULL,NULL,NULL,NULL,NULL,NULL,NULL),
(6559,55,42,70,3,1,7,9,1,NULL,NULL,NULL,NULL),
(6560,NULL,NULL,NULL,NULL,NULL,NULL,NULL,NULL,NULL,NULL,NULL,NULL),
(6561,52,42,70,5,1,5,6,4,0,NULL,NULL,NULL),
(6562,NULL,NULL,NULL,NULL,NULL,NULL,NULL,NULL,NULL,NULL,NULL,NULL),
(6563,49,54,70,17,1,2,7,NULL,NULL,NULL,NULL,NULL),
(6564,51,43,69,NULL,1,NULL,NULL,NULL,NULL,NULL,NULL,NULL),
(6565,53,42,68,4,1,2,8,5,0,NULL,NULL,NULL),
(6566,52,42,70,4,0,NULL,NULL,NULL,NULL,NULL,NULL,NULL),
(6567,51,42,70,4,0,NULL,NULL,1,NULL,NULL,NULL,NULL),
(6568,49,52,68,2,0,NULL,NULL,1,NULL,NULL,NULL,NULL),
(6569,49,42,68,4,1,5,6,NULL,NULL,NULL,NULL,NULL),
(6570,51,52,68,2,1,1,10,3,0,NULL,NULL,NULL),
(6571,53,42,68,4,1,1,8,1,NULL,NULL,NULL,NULL),
(6572,51,42,69,NULL,0,NULL,NULL,2,0,NULL,NULL,NULL),
(6573,51,42,68,4,1,5,10,2,0,NULL,NULL,NULL),
(6574,NULL,NULL,NULL,NULL,NULL,NULL,NULL,NULL,NULL,NULL,NULL,NULL),
(6575,51,52,69,NULL,0,NULL,NULL,1,NULL,NULL,NULL,NULL),
(6576,51,42,68,3,1,4,8,1,NULL,NULL,NULL,NULL),
(6577,50,47,70,4,0,NULL,NULL,6,0,NULL,NULL,NULL),
(6578,50,42,70,4,1,2,10,1,NULL,NULL,NULL,NULL),
(6579,50,42,68,4,0,NULL,NULL,1,NULL,NULL,NULL,NULL),
(6580,51,42,70,4,1,2,6,5,0,NULL,NULL,NULL),
(6581,51,42,68,2,1,3,6,1,NULL,NULL,NULL,NULL),
(6582,NULL,NULL,NULL,NULL,NULL,NULL,NULL,NULL,NULL,NULL,NULL,NULL),
(6583,NULL,NULL,NULL,NULL,NULL,NULL,NULL,NULL,NULL,NULL,NULL,NULL),
(6584,52,77,68,4,0,NULL,NULL,4,0,NULL,NULL,NULL),
(6585,49,42,68,4,0,NULL,NULL,4,NULL,NULL,NULL,NULL),
(6586,53,42,70,4,0,NULL,NULL,5,1,2,1,NULL),
(6587,53,42,70,4,1,NULL,NULL,NULL,NULL,NULL,NULL,NULL),
(6588,50,42,68,4,0,NULL,NULL,4,0,NULL,NULL,NULL),
(6589,50,48,68,3,0,NULL,NULL,5,0,NULL,NULL,NULL),
(6590,NULL,NULL,NULL,NULL,NULL,NULL,NULL,NULL,NULL,NULL,NULL,NULL),
(6591,50,42,68,4,0,NULL,NULL,NULL,NULL,NULL,NULL,NULL),
(6592,51,42,70,2,0,NULL,NULL,1,NULL,NULL,NULL,NULL),
(6593,50,42,68,4,1,2,7,1,NULL,NULL,NULL,NULL),
(6594,NULL,NULL,NULL,NULL,NULL,NULL,NULL,NULL,NULL,NULL,NULL,NULL),
(6595,NULL,NULL,NULL,NULL,NULL,NULL,NULL,NULL,NULL,NULL,NULL,NULL),
(6596,NULL,NULL,NULL,NULL,NULL,NULL,NULL,NULL,NULL,NULL,NULL,NULL),
(6597,49,42,68,4,0,NULL,NULL,1,NULL,NULL,NULL,NULL),
(6598,52,42,70,4,1,7,7,2,0,NULL,NULL,NULL),
(6599,49,43,69,NULL,1,NULL,NULL,NULL,NULL,NULL,NULL,NULL),
(6600,50,54,68,4,1,5,8,NULL,NULL,NULL,NULL,NULL),
(6601,NULL,NULL,NULL,NULL,NULL,NULL,NULL,NULL,NULL,NULL,NULL,NULL),
(6602,54,42,70,4,1,4,8,1,NULL,NULL,NULL,NULL),
(6603,NULL,NULL,NULL,NULL,NULL,NULL,NULL,NULL,NULL,NULL,NULL,NULL),
(6604,51,42,70,4,0,NULL,NULL,1,NULL,NULL,NULL,NULL),
(6605,NULL,NULL,NULL,NULL,NULL,NULL,NULL,NULL,NULL,NULL,NULL,NULL),
(6606,52,NULL,NULL,NULL,NULL,NULL,NULL,NULL,NULL,NULL,NULL,NULL),
(6607,54,42,68,4,1,4,6,10,0,NULL,NULL,NULL),
(6608,NULL,NULL,NULL,NULL,NULL,NULL,NULL,NULL,NULL,NULL,NULL,NULL),
(6609,54,64,70,5,1,3,6,6,0,NULL,NULL,NULL),
(6610,49,42,70,4,1,4,9,1,NULL,NULL,NULL,NULL),
(6611,50,82,69,NULL,1,2,8,1,NULL,NULL,NULL,NULL),
(6612,NULL,NULL,NULL,NULL,NULL,NULL,NULL,NULL,NULL,NULL,NULL,NULL),
(6613,49,44,68,2,0,NULL,NULL,3,0,NULL,NULL,NULL),
(6614,NULL,NULL,NULL,NULL,NULL,NULL,NULL,NULL,NULL,NULL,NULL,NULL),
(6615,52,42,70,3,1,2,8,10,0,NULL,NULL,NULL),
(6616,52,42,68,4,1,NULL,NULL,NULL,NULL,NULL,NULL,NULL),
(6617,53,42,70,2,1,NULL,NULL,NULL,NULL,NULL,NULL,NULL),
(6618,53,42,68,4,1,0,8,1,NULL,NULL,NULL,NULL),
(6619,50,42,68,4,1,1,8,4,1,3,NULL,NULL),
(6620,50,42,70,4,1,5,10,2,NULL,NULL,NULL,NULL),
(6621,NULL,NULL,NULL,NULL,NULL,NULL,NULL,NULL,NULL,NULL,NULL,NULL),
(6622,55,42,68,3,1,NULL,NULL,NULL,NULL,NULL,NULL,NULL),
(6623,NULL,NULL,NULL,NULL,NULL,NULL,NULL,NULL,NULL,NULL,NULL,NULL),
(6624,143,169,69,NULL,1,1,7,2,0,NULL,NULL,NULL),
(6625,NULL,NULL,NULL,NULL,NULL,NULL,NULL,NULL,NULL,NULL,NULL,NULL),
(6626,NULL,NULL,NULL,NULL,NULL,NULL,NULL,NULL,NULL,NULL,NULL,NULL),
(6627,NULL,NULL,NULL,NULL,NULL,NULL,NULL,NULL,NULL,NULL,NULL,NULL),
(6628,53,42,68,4,1,1,8,3,0,NULL,NULL,NULL),
(6629,143,42,68,4,1,2,8,3,0,NULL,NULL,NULL),
(6630,NULL,NULL,NULL,NULL,NULL,NULL,NULL,NULL,NULL,NULL,NULL,NULL),
(6631,52,42,68,4,1,1,8,3,1,2,NULL,NULL),
(6632,NULL,NULL,NULL,NULL,NULL,NULL,NULL,NULL,NULL,NULL,NULL,NULL),
(6633,49,42,70,4,1,2,8,20,0,NULL,NULL,NULL),
(6634,NULL,NULL,NULL,NULL,NULL,NULL,NULL,NULL,NULL,NULL,NULL,NULL),
(6635,NULL,NULL,NULL,NULL,NULL,NULL,NULL,NULL,NULL,NULL,NULL,NULL),
(6636,50,42,69,NULL,1,7,7,NULL,0,NULL,NULL,NULL),
(6637,NULL,NULL,NULL,NULL,NULL,NULL,NULL,NULL,NULL,NULL,NULL,NULL),
(6638,51,42,NULL,NULL,NULL,NULL,NULL,NULL,NULL,NULL,NULL,NULL),
(6639,NULL,NULL,NULL,NULL,NULL,NULL,NULL,NULL,NULL,NULL,NULL,NULL),
(6640,55,42,69,NULL,1,NULL,NULL,NULL,NULL,NULL,NULL,NULL),
(6641,51,42,68,4,1,2,6,2,0,NULL,NULL,NULL),
(6642,NULL,NULL,NULL,NULL,NULL,NULL,NULL,NULL,NULL,NULL,NULL,NULL),
(6643,53,42,70,4,1,5,8,5,NULL,NULL,NULL,NULL),
(6644,NULL,NULL,NULL,NULL,NULL,NULL,NULL,NULL,NULL,NULL,NULL,NULL),
(6645,50,42,68,4,0,NULL,NULL,1,NULL,NULL,NULL,NULL),
(6646,52,64,70,4,1,4,8,5,0,NULL,NULL,NULL),
(6647,53,43,69,NULL,1,3,6,20,1,3,NULL,NULL),
(6648,52,42,69,NULL,1,5,10,NULL,NULL,NULL,NULL,NULL),
(6649,49,52,68,4,0,NULL,NULL,1,NULL,NULL,NULL,NULL),
(6650,50,42,70,4,1,5,6,40,0,NULL,3,NULL),
(6651,NULL,NULL,NULL,NULL,NULL,NULL,NULL,NULL,NULL,NULL,NULL,NULL),
(6652,54,42,68,4,1,6,8,4,0,NULL,NULL,NULL),
(6653,53,42,68,4,1,NULL,NULL,NULL,NULL,NULL,NULL,NULL),
(6654,51,42,68,4,0,NULL,NULL,NULL,0,NULL,NULL,NULL),
(6655,49,42,68,3,1,1,7,NULL,NULL,NULL,NULL,NULL),
(6656,49,89,68,4,1,NULL,NULL,NULL,NULL,NULL,NULL,NULL),
(6657,50,44,68,2,0,NULL,NULL,NULL,NULL,NULL,NULL,NULL),
(6658,49,42,70,4,0,NULL,NULL,NULL,NULL,NULL,NULL,NULL),
(6659,55,42,70,3,1,5,6,40,1,3,NULL,NULL),
(6660,NULL,NULL,NULL,NULL,NULL,NULL,NULL,NULL,NULL,NULL,NULL,NULL),
(6661,55,42,68,4,1,NULL,NULL,NULL,NULL,NULL,NULL,NULL),
(6662,NULL,NULL,NULL,NULL,NULL,NULL,NULL,NULL,NULL,NULL,NULL,NULL),
(6663,NULL,NULL,NULL,NULL,NULL,NULL,NULL,NULL,NULL,NULL,NULL,NULL),
(6664,NULL,NULL,NULL,NULL,NULL,NULL,NULL,NULL,NULL,NULL,NULL,NULL),
(6665,NULL,NULL,NULL,NULL,NULL,NULL,NULL,NULL,NULL,NULL,NULL,NULL),
(6666,50,42,68,4,1,NULL,NULL,NULL,NULL,NULL,NULL,NULL),
(6667,53,42,68,4,0,NULL,NULL,1,NULL,NULL,NULL,NULL),
(6668,49,169,68,2,1,6,7,12,0,NULL,NULL,NULL),
(6669,NULL,NULL,NULL,NULL,NULL,NULL,NULL,NULL,NULL,NULL,NULL,NULL),
(6670,NULL,NULL,NULL,NULL,NULL,NULL,NULL,NULL,NULL,NULL,NULL,NULL),
(6671,49,52,69,NULL,1,1,8,5,1,3,NULL,NULL),
(6672,NULL,NULL,NULL,NULL,NULL,NULL,NULL,NULL,NULL,NULL,NULL,NULL),
(6673,55,77,69,NULL,1,4,6,2,0,NULL,NULL,NULL),
(6674,49,42,68,8,0,NULL,NULL,1,NULL,NULL,NULL,NULL),
(6675,50,NULL,70,NULL,NULL,NULL,NULL,NULL,NULL,NULL,NULL,NULL),
(6676,51,43,69,NULL,1,NULL,NULL,NULL,NULL,NULL,NULL,NULL),
(6677,51,42,68,4,0,NULL,NULL,20,0,NULL,NULL,NULL),
(6678,143,169,68,2,0,NULL,NULL,5,0,NULL,NULL,NULL),
(6679,NULL,NULL,NULL,NULL,NULL,NULL,NULL,NULL,NULL,NULL,NULL,NULL),
(6680,NULL,NULL,NULL,NULL,NULL,NULL,NULL,NULL,NULL,NULL,NULL,NULL),
(6681,49,77,69,NULL,1,5,8,5,1,2,NULL,NULL),
(6682,49,52,68,4,0,NULL,NULL,2,0,NULL,NULL,NULL),
(6683,52,44,70,NULL,NULL,NULL,NULL,NULL,NULL,NULL,NULL,NULL),
(6684,55,77,68,2,0,NULL,NULL,NULL,NULL,NULL,NULL,NULL),
(6685,143,42,68,4,1,6,7,10,0,NULL,NULL,NULL),
(6686,52,43,69,NULL,1,NULL,NULL,NULL,NULL,NULL,NULL,NULL),
(6687,NULL,NULL,NULL,NULL,NULL,NULL,NULL,NULL,NULL,NULL,NULL,NULL),
(6688,NULL,NULL,NULL,NULL,NULL,NULL,NULL,NULL,NULL,NULL,NULL,NULL),
(6689,51,42,70,NULL,NULL,NULL,NULL,NULL,NULL,NULL,NULL,NULL),
(6690,NULL,NULL,NULL,NULL,NULL,NULL,NULL,NULL,NULL,NULL,NULL,NULL),
(6691,49,42,69,NULL,1,NULL,NULL,NULL,NULL,NULL,NULL,NULL),
(6692,NULL,NULL,NULL,NULL,NULL,NULL,NULL,NULL,NULL,NULL,NULL,NULL),
(6693,NULL,NULL,NULL,NULL,NULL,NULL,NULL,NULL,NULL,NULL,NULL,NULL),
(6694,49,42,70,2,1,5,10,1,NULL,NULL,NULL,NULL),
(6695,52,42,70,NULL,NULL,NULL,NULL,NULL,NULL,NULL,NULL,NULL),
(6696,49,51,68,NULL,NULL,NULL,NULL,NULL,NULL,NULL,NULL,NULL),
(6697,49,42,68,2,1,NULL,NULL,NULL,NULL,NULL,NULL,NULL),
(6698,53,42,68,5,1,3,6,25,0,NULL,NULL,NULL),
(6699,145,61,68,4,0,NULL,NULL,2,0,NULL,NULL,NULL),
(6700,49,169,69,NULL,1,1,10,4,0,NULL,NULL,NULL),
(6701,53,42,70,5,1,3,6,2,1,2,NULL,NULL),
(6702,NULL,NULL,NULL,NULL,NULL,NULL,NULL,NULL,NULL,NULL,NULL,NULL),
(6703,49,52,68,NULL,NULL,NULL,NULL,NULL,NULL,NULL,NULL,NULL),
(6704,52,43,NULL,NULL,NULL,NULL,NULL,NULL,NULL,NULL,NULL,NULL),
(6705,143,169,70,4,0,NULL,NULL,5,0,NULL,NULL,NULL),
(6706,NULL,NULL,NULL,NULL,NULL,NULL,NULL,NULL,NULL,NULL,NULL,NULL),
(6707,NULL,NULL,NULL,NULL,NULL,NULL,NULL,NULL,NULL,NULL,NULL,NULL),
(6708,49,42,69,NULL,1,7,10,15,0,NULL,NULL,NULL),
(6709,51,42,70,4,0,NULL,NULL,10,0,NULL,NULL,NULL),
(6710,49,52,68,3,1,5,7,2,0,NULL,NULL,NULL),
(6711,NULL,NULL,NULL,NULL,NULL,NULL,NULL,NULL,NULL,NULL,NULL,NULL),
(6712,NULL,NULL,NULL,NULL,NULL,NULL,NULL,NULL,NULL,NULL,NULL,NULL),
(6713,NULL,NULL,NULL,NULL,NULL,NULL,NULL,NULL,NULL,NULL,NULL,NULL),
(6714,NULL,NULL,NULL,NULL,NULL,NULL,NULL,NULL,NULL,NULL,NULL,NULL),
(6715,49,52,69,NULL,1,0,9,5,0,NULL,NULL,NULL),
(6716,55,89,68,4,1,2,6,1,NULL,NULL,NULL,NULL),
(6717,49,52,69,NULL,1,1,6,4,1,2,NULL,NULL),
(6718,52,42,70,4,0,NULL,NULL,2,1,1,NULL,NULL),
(6719,51,42,70,3,1,5,9,8,1,2,NULL,NULL),
(6720,50,42,68,4,0,NULL,NULL,1,NULL,NULL,NULL,NULL),
(6721,55,52,69,NULL,0,NULL,NULL,1,NULL,NULL,NULL,NULL),
(6722,51,42,68,4,0,NULL,NULL,4,0,NULL,NULL,NULL),
(6723,50,42,68,4,1,2,8,1,NULL,NULL,NULL,NULL),
(6724,50,42,69,NULL,1,7,8,NULL,0,NULL,NULL,NULL),
(6725,NULL,NULL,NULL,NULL,NULL,NULL,NULL,NULL,NULL,NULL,NULL,NULL),
(6726,50,42,68,4,1,3,8,5,NULL,NULL,NULL,NULL),
(6727,51,42,69,NULL,0,NULL,NULL,1,NULL,NULL,NULL,NULL),
(6728,49,42,69,NULL,0,NULL,NULL,4,0,NULL,NULL,NULL),
(6729,51,42,68,4,1,0,6,3,0,NULL,NULL,NULL),
(6730,53,42,69,NULL,1,2,7,5,0,NULL,NULL,NULL),
(6731,55,42,69,NULL,0,NULL,NULL,5,1,2,NULL,NULL),
(6732,49,64,70,3,1,NULL,NULL,NULL,NULL,NULL,NULL,NULL),
(6733,53,42,70,3,1,5,6,1,NULL,NULL,NULL,NULL),
(6734,NULL,NULL,NULL,NULL,NULL,NULL,NULL,NULL,NULL,NULL,NULL,NULL),
(6735,NULL,NULL,NULL,NULL,NULL,NULL,NULL,NULL,NULL,NULL,NULL,NULL),
(6736,NULL,NULL,NULL,NULL,NULL,NULL,NULL,NULL,NULL,NULL,NULL,NULL),
(6738,50,42,68,4,1,2,6,100,1,3,NULL,NULL),
(6739,144,77,68,4,0,NULL,NULL,6,0,NULL,NULL,NULL),
(6740,NULL,NULL,NULL,NULL,NULL,NULL,NULL,NULL,NULL,NULL,NULL,NULL),
(6741,52,51,70,2,0,NULL,NULL,NULL,NULL,NULL,NULL,NULL),
(6742,NULL,NULL,NULL,NULL,NULL,NULL,NULL,NULL,NULL,NULL,NULL,NULL),
(6743,NULL,NULL,NULL,NULL,NULL,NULL,NULL,NULL,NULL,NULL,NULL,NULL),
(6744,NULL,NULL,NULL,NULL,NULL,NULL,NULL,NULL,NULL,NULL,NULL,NULL),
(6745,52,169,68,2,1,7,9,1,NULL,NULL,NULL,NULL),
(6748,55,42,70,4,1,5,6,4,NULL,NULL,NULL,NULL),
(6749,NULL,NULL,NULL,NULL,NULL,NULL,NULL,NULL,NULL,NULL,NULL,NULL),
(6750,NULL,NULL,NULL,NULL,NULL,NULL,NULL,NULL,NULL,NULL,NULL,NULL),
(6751,NULL,NULL,NULL,NULL,NULL,NULL,NULL,NULL,NULL,NULL,NULL,NULL),
(6752,52,64,70,3,1,5,8,3,0,NULL,NULL,NULL),
(6753,49,42,69,NULL,1,5,8,NULL,NULL,NULL,NULL,NULL),
(6754,55,42,69,NULL,0,NULL,NULL,NULL,NULL,NULL,NULL,NULL),
(6755,NULL,NULL,NULL,NULL,NULL,NULL,NULL,NULL,NULL,NULL,NULL,NULL),
(6756,49,48,69,NULL,0,NULL,NULL,3,0,NULL,NULL,NULL),
(6757,51,77,68,4,0,NULL,NULL,1,NULL,NULL,NULL,NULL),
(6758,49,77,68,3,1,5,8,NULL,NULL,NULL,NULL,NULL),
(6759,49,42,70,NULL,1,5,8,10,0,NULL,NULL,NULL),
(6760,55,43,69,NULL,0,NULL,NULL,1,NULL,NULL,NULL,NULL),
(6761,49,48,70,6,1,1,10,NULL,1,NULL,NULL,NULL),
(6762,NULL,NULL,NULL,NULL,NULL,NULL,NULL,NULL,NULL,NULL,NULL,NULL),
(6763,54,42,68,4,1,5,8,2,NULL,NULL,NULL,NULL),
(6764,NULL,NULL,NULL,NULL,NULL,NULL,NULL,NULL,NULL,NULL,NULL,NULL),
(6765,NULL,NULL,NULL,NULL,NULL,NULL,NULL,NULL,NULL,NULL,NULL,NULL),
(6766,49,43,68,4,0,NULL,NULL,3,0,NULL,NULL,NULL),
(6767,49,42,70,4,0,NULL,NULL,5,0,NULL,NULL,NULL),
(6768,51,42,68,4,0,NULL,NULL,2,0,NULL,NULL,NULL),
(6769,NULL,NULL,NULL,NULL,NULL,NULL,NULL,NULL,NULL,NULL,NULL,NULL),
(6770,55,77,68,4,0,NULL,NULL,14,0,NULL,NULL,NULL),
(6771,50,43,68,4,0,NULL,NULL,4,0,NULL,NULL,NULL),
(6772,51,42,69,NULL,1,NULL,NULL,NULL,NULL,NULL,NULL,NULL),
(6773,49,42,68,2,0,NULL,NULL,3,0,NULL,NULL,NULL),
(6774,51,42,68,4,1,5,7,1,NULL,NULL,3,NULL),
(6775,51,42,69,NULL,1,2,8,1,NULL,NULL,NULL,NULL),
(6776,NULL,NULL,NULL,NULL,NULL,NULL,NULL,NULL,NULL,NULL,NULL,NULL),
(6777,NULL,NULL,NULL,NULL,NULL,NULL,NULL,NULL,NULL,NULL,NULL,NULL),
(6778,49,42,69,NULL,1,5,6,1,NULL,NULL,3,NULL),
(6779,NULL,NULL,NULL,NULL,NULL,NULL,NULL,NULL,NULL,NULL,NULL,NULL),
(6780,NULL,NULL,NULL,NULL,NULL,NULL,NULL,NULL,NULL,NULL,NULL,NULL),
(6781,55,77,68,3,1,5,6,1,NULL,NULL,NULL,NULL),
(6782,49,42,68,4,1,NULL,NULL,NULL,NULL,NULL,NULL,NULL),
(6783,51,42,68,4,1,NULL,NULL,NULL,NULL,NULL,NULL,NULL),
(6784,50,42,68,4,0,NULL,NULL,1,NULL,NULL,NULL,NULL),
(6785,NULL,NULL,NULL,NULL,NULL,NULL,NULL,NULL,NULL,NULL,NULL,NULL),
(6786,50,54,70,4,0,NULL,NULL,4,0,NULL,NULL,NULL),
(6787,50,64,70,4,1,NULL,NULL,NULL,NULL,NULL,NULL,NULL),
(6788,NULL,NULL,NULL,NULL,NULL,NULL,NULL,NULL,NULL,NULL,NULL,NULL),
(6789,51,42,68,5,1,5,7,6,0,NULL,3,NULL),
(6790,NULL,NULL,NULL,NULL,NULL,NULL,NULL,NULL,NULL,NULL,NULL,NULL),
(6791,NULL,NULL,NULL,NULL,NULL,NULL,NULL,NULL,NULL,NULL,NULL,NULL),
(6792,53,42,70,3,1,5,6,2,0,NULL,NULL,NULL),
(6793,NULL,NULL,NULL,NULL,NULL,NULL,NULL,NULL,NULL,NULL,NULL,NULL),
(6794,50,42,70,4,1,NULL,NULL,NULL,NULL,NULL,NULL,NULL),
(6795,52,52,68,5,1,3,8,20,1,3,3,NULL),
(6796,NULL,NULL,NULL,NULL,NULL,NULL,NULL,NULL,NULL,NULL,NULL,NULL),
(6797,49,42,68,4,1,NULL,NULL,NULL,NULL,NULL,NULL,NULL),
(6798,NULL,NULL,NULL,NULL,NULL,NULL,NULL,NULL,NULL,NULL,NULL,NULL),
(6799,54,42,68,4,0,NULL,NULL,2,1,1,NULL,NULL),
(6800,53,42,68,NULL,1,4,7,20,1,NULL,NULL,NULL),
(6801,52,42,70,4,1,2,9,2,0,NULL,NULL,NULL),
(6802,NULL,NULL,NULL,NULL,NULL,NULL,NULL,NULL,NULL,NULL,NULL,NULL),
(6803,NULL,NULL,NULL,NULL,NULL,NULL,NULL,NULL,NULL,NULL,NULL,NULL),
(6804,50,42,70,4,1,1,6,3,0,NULL,NULL,NULL);
/*!40000 ALTER TABLE `responses` ENABLE KEYS */;
UNLOCK TABLES;

--
-- Table structure for table `services`
--

DROP TABLE IF EXISTS `services`;
/*!40101 SET @saved_cs_client     = @@character_set_client */;
/*!40101 SET character_set_client = utf8 */;
CREATE TABLE `services` (
  `id` int(11) NOT NULL AUTO_INCREMENT,
  `name` varchar(255) DEFAULT NULL,
  PRIMARY KEY (`id`)
) ENGINE=InnoDB AUTO_INCREMENT=1609 DEFAULT CHARSET=utf8mb4;
/*!40101 SET character_set_client = @saved_cs_client */;

--
-- Dumping data for table `services`
--

LOCK TABLES `services` WRITE;
/*!40000 ALTER TABLE `services` DISABLE KEYS */;
INSERT INTO `services` VALUES
(12,'nextcloud'),
(13,'syncthing'),
(14,'bookstack'),
(15,'freshrss'),
(16,'podgrab'),
(17,'jellyfin'),
(18,'gitea'),
(19,'paperless-ng'),
(20,'vaultwarden'),
(21,'samba'),
(22,'plex'),
(23,'transmission'),
(62,'email'),
(64,'ampache'),
(65,'lms'),
(66,'keycloak'),
(67,'icecast'),
(68,'jitsi'),
(69,'kanban'),
(70,'kimai'),
(71,'komga'),
(72,'yourls'),
(73,'bitwarden'),
(74,'mailcow'),
(75,'link shortener'),
(77,'photoprism'),
(78,'kopano'),
(79,'dovecot'),
(80,'rocketchat'),
(81,'prometheus'),
(82,'grafana'),
(83,'minio'),
(84,'valheim'),
(85,'minecraft'),
(86,'home assistant'),
(87,'ubooquity'),
(88,'sonarr'),
(89,'radarr'),
(90,'jackett'),
(91,'wireguard'),
(94,'sabnzbd'),
(95,'qbittorrent'),
(96,'archivebox'),
(97,'linkace'),
(99,'pterodactyl'),
(100,'uptime kuma'),
(101,'docspell'),
(102,'apache guacamole'),
(103,'caddy'),
(104,'grocy'),
(105,'pihole'),
(106,'cloudflare-ddns'),
(107,'windows server 2022 for email migrations for work'),
(108,'minecraft bedrock server'),
(109,'xmr miner'),
(111,'gitlab'),
(115,'bepasty                 '),
(117,'calibre'),
(118,'dokuwiki'),
(119,'emby'),
(123,'protonmail-bridge              '),
(127,'whoogle'),
(129,'caldav'),
(132,'webserver'),
(134,'dns'),
(136,'discourse'),
(139,'gotify'),
(140,'limesurvey'),
(142,'lancache'),
(143,'carddav'),
(145,'foundry vtt'),
(146,'heimdall'),
(148,'prowlarr'),
(149,'bazarr'),
(150,'ombi'),
(151,'tautulli'),
(155,'matrix'),
(159,'navidrome'),
(161,'joplin'),
(163,'traccar'),
(166,'wordpress'),
(167,'snapdrop'),
(168,'synology dsm'),
(169,'tt rss'),
(170,'ehjortberg/daikin-web'),
(173,'mealie'),
(175,'esphome'),
(179,'ftp'),
(180,'bucket storage for backups'),
(182,'chia'),
(183,'yadms'),
(184,'chart museum'),
(185,'duplicati'),
(186,'logitech media server'),
(187,'piwigo'),
(188,'unifi controller'),
(189,'subsonic'),
(190,'ubitquity'),
(192,'ansible awx'),
(193,'active directory'),
(194,'owncloud'),
(195,'unms'),
(196,'kiddo lullaby (on github)'),
(197,'email relay'),
(198,'nfs'),
(202,'homer'),
(203,'portainer'),
(204,'windows vm'),
(205,'planka'),
(212,'recipes'),
(213,'filebrowser'),
(217,'mattermost'),
(218,'mythtv'),
(219,'web'),
(220,'koel'),
(221,'usenet'),
(222,'etherpad'),
(231,'website'),
(232,'zoneminder'),
(233,'webdav'),
(234,'keeweb'),
(235,'convos'),
(236,'dlna'),
(237,'ssh'),
(238,'file server'),
(239,'wikiless'),
(240,'seafile'),
(241,'cryptpad'),
(242,'wallabag'),
(243,'standard notes'),
(245,'openvpn'),
(246,'backups'),
(247,'\"startpage\" (html shortcut page for browser startup)'),
(249,'munin'),
(250,'supysonic'),
(251,'kodi'),
(252,'rhasspi'),
(253,'teamspeak'),
(256,'taisun'),
(257,'onlyoffice'),
(258,'asterisk'),
(259,'motioneye'),
(261,'pgadmin'),
(262,'phpmyadmin'),
(263,'apache web server'),
(264,'proxmox'),
(265,'ldap'),
(268,'kasm'),
(269,'speedtest'),
(272,'mediawiki'),
(275,'tilt.pi'),
(276,'truenas'),
(278,'domaiod'),
(279,'azuracast'),
(280,'others'),
(282,'omada controller'),
(283,'audioserve'),
(284,'kavita'),
(285,'petio'),
(286,'overleaf'),
(289,'irc'),
(291,'rss'),
(295,'metube'),
(296,'netboot xyz'),
(299,'miniflux'),
(300,'huginn'),
(302,'moodle'),
(304,'ntp'),
(305,'friendica'),
(306,'hammond'),
(307,'ivatar'),
(308,'n8n'),
(309,'monica'),
(310,'invoiceninja'),
(312,'pyload'),
(314,'archisteamfarm'),
(315,'netboot'),
(317,'scrutiny'),
(318,'kitana'),
(319,'wekan'),
(320,'overseerr'),
(323,'lidarr'),
(325,'synology filestation'),
(327,'kanboard'),
(328,'gokapi'),
(330,'game servers'),
(332,'cloud storage'),
(334,'librenms'),
(335,'zabbix'),
(337,'netbox'),
(338,'rancher'),
(341,'mopidy'),
(342,'adguard'),
(343,'superset'),
(351,'synology photos'),
(352,'synology audio station'),
(355,'synology cloud drive'),
(356,'synology active backup'),
(357,'magic mirror'),
(358,'iobroker'),
(359,'privatebin'),
(361,'vnc'),
(364,'veeam'),
(366,'remote desktop'),
(367,'omv'),
(371,'authelia'),
(372,'openmediavault'),
(375,'photo gallery'),
(376,'nginx'),
(377,'nitter'),
(378,'traefik'),
(379,'frigate'),
(380,'ff send'),
(381,'ferdi'),
(382,'zammad'),
(383,'vikunja'),
(384,'snipe-it'),
(385,'media management portal'),
(386,'media request portal'),
(387,'wiki.js'),
(388,'jupyter'),
(389,'bind dns'),
(390,'openldap'),
(391,'certbot'),
(392,'sonatype nexus'),
(394,'beehive'),
(395,'openproject'),
(396,'changedetection'),
(397,'firefly'),
(398,'mta'),
(400,'vpn'),
(401,'dns-query'),
(402,'dns-master'),
(403,' iot'),
(405,'..'),
(406,'jenkins'),
(407,'hashicorp vault'),
(408,'searx'),
(409,'chronograf'),
(414,'ad uc'),
(415,'sql '),
(416,'adblock'),
(418,'amp'),
(419,'pxe'),
(421,'deluge'),
(422,'btcpay'),
(423,'cloudflared'),
(424,'nginx proxy manager'),
(427,'pfsense'),
(428,'roundcube'),
(429,'elasticsearch'),
(433,'pixel fed'),
(434,'him hub'),
(438,'gollum'),
(439,'tf-viewer'),
(440,'cockpit'),
(441,'radicale'),
(449,'pigallery'),
(450,'ackee'),
(451,'booksing'),
(452,'christmas community'),
(453,'factorio'),
(454,'git-ls-remote'),
(455,'h5ai'),
(456,'photonix'),
(457,'trilium notes'),
(458,'firefly iii'),
(459,'woodpecker'),
(460,'iredmail'),
(461,'authentik'),
(462,'sonarqube'),
(463,'minimalist-web-notepad'),
(464,'... '),
(466,'piped youtube'),
(468,'revolt chat'),
(469,'mozilla syncserver'),
(470,'mailtrain'),
(472,'erxes '),
(480,'and more'),
(482,'freepbx'),
(486,'libarr (docker)'),
(490,'mailhog'),
(491,'channels dvr'),
(492,'status monitoring'),
(493,'download manager'),
(494,'reddit bot'),
(495,'snapcast'),
(496,'smart home'),
(497,'umami analytics'),
(498,'planks'),
(499,'ghost'),
(500,'matomo'),
(501,'pleroma'),
(502,'polr'),
(504,'blue iris'),
(505,'filerun'),
(506,'hedgedoc'),
(507,'excalidraw'),
(510,'openbooks'),
(511,'draw.io'),
(513,'libreoffice'),
(514,'freenas'),
(515,'octoprint'),
(521,'docker-registry'),
(523,'littlelink'),
(524,'tasmoadmin'),
(528,'xmpp'),
(531,'telegram bots'),
(532,'blog'),
(533,'gemini capsule'),
(534,'password manager'),
(535,'airsonic'),
(537,'simpletask'),
(538,'mpd'),
(539,'tellico'),
(540,'pivpn'),
(541,'search engine'),
(542,'filestash'),
(543,'tiddlywiki'),
(544,'file'),
(548,'web hosting panel (centos web panel)'),
(550,'chevereto'),
(551,'nc'),
(554,'calendar'),
(556,'network controller'),
(557,'librespeed'),
(559,'sia (blockchain cloud storage)'),
(562,'openhab'),
(565,'cups'),
(566,'tvheadend'),
(570,'freeipa'),
(575,'netdata'),
(578,'peertube'),
(580,'kiwix'),
(582,'monitorss'),
(583,'poste.io'),
(585,'git'),
(587,'jmusicbot (for music on discord)'),
(589,'insurgency:sandstorm'),
(590,'spacedeck'),
(591,'storybookui'),
(592,'xeogl & model.viewer'),
(595,'calendso'),
(597,'vscode'),
(603,'collabora'),
(604,'xbvr'),
(605,'stash'),
(606,'invidious'),
(608,'gloomhaven companion'),
(609,'novnc'),
(610,'focalboard'),
(614,'custom applications'),
(616,'proxy server for other services'),
(617,'shadowsocks'),
(618,'rainloop'),
(620,'rclone'),
(621,'storage'),
(622,'media'),
(623,'rss reader'),
(624,'wiki'),
(625,'encodarr'),
(628,'mud'),
(629,'imap'),
(630,'dsmr reader'),
(631,'endlessh'),
(633,'papermc'),
(634,'sinusbot'),
(635,'h@h'),
(636,'organizr'),
(638,'papermerge'),
(640,'boinc'),
(643,'beets'),
(645,'vmware'),
(648,'event ticket system'),
(649,'cctv'),
(650,'sip'),
(651,'partkeepr'),
(652,'bittorrent'),
(653,'zulip'),
(654,'linuxgsm'),
(657,'ansible'),
(659,'ark'),
(660,'7 days to die'),
(661,'sickchill'),
(662,'code-server'),
(663,'pdf-toolbox'),
(664,'ubuntu-playground'),
(665,'pydio'),
(668,'podman'),
(669,'tubesync'),
(671,'octofarm'),
(672,'synology surveillance station'),
(674,'synology moments'),
(675,'photofield'),
(676,'services users interact with:'),
(677,'all current services:'),
(679,'duckdns'),
(682,'node-red'),
(685,'watchtower'),
(689,'minecraft paper'),
(690,'csgo server'),
(696,'backblaze-personal-wine'),
(697,'ddclient'),
(698,'diskspeed'),
(699,'goaccess'),
(700,'influxdb'),
(701,'lazylibrarian'),
(702,'mariadb'),
(703,'mongodb'),
(704,'multi-scrobbler'),
(705,'redis'),
(706,'swag '),
(708,'unifi-poller'),
(709,'vuegraf'),
(711,'authoritative dns'),
(712,'recursive dns'),
(714,'pbx'),
(715,'wifi'),
(716,'media player'),
(717,'music player'),
(718,'home automation'),
(719,'web cache'),
(720,'dhcp'),
(721,'tor'),
(722,'ups'),
(726,'konga'),
(727,'openspeedtest'),
(728,'teedy'),
(729,'babybuddy'),
(730,'router'),
(731,'internet access'),
(732,'wireless bridge'),
(734,'home server'),
(736,'ultrasonics'),
(741,'vigil'),
(746,'xbackboxe'),
(747,'plausible'),
(748,'rtorrent'),
(750,'nextcloud talk'),
(751,'owncast'),
(752,'too many to name'),
(753,'mycroft'),
(754,' amplipi'),
(760,'simply shorten (url shortener)'),
(764,'esxi'),
(765,'afp'),
(768,'eco server'),
(769,'adminer'),
(770,'postgresql'),
(771,'mysql'),
(772,'shiori'),
(773,'sismics reader'),
(774,'tandoor'),
(775,'dashy'),
(777,'nightscout'),
(779,'postfix'),
(780,'squid'),
(782,'elastic stack'),
(783,'storj node'),
(787,'database'),
(788,'visualization'),
(789,'urbit'),
(793,'libreddit'),
(794,'outline'),
(797,'dozzle'),
(798,'glances'),
(799,'kibana'),
(800,'redmine'),
(801,'channels-dvr-plex-xmltv-proxy'),
(802,'docker-aria2-with-webui'),
(804,'kutt'),
(805,'mylar3'),
(808,'pluto-for-channels'),
(810,'rss-bridge'),
(812,'samsung-tvplus-for-channels'),
(813,'stirr-for-channels'),
(815,'megatv '),
(816,'gogs'),
(818,'vsphere'),
(820,'graylog'),
(821,'citrix'),
(822,'readarr'),
(825,'xteve'),
(830,'quassel'),
(831,'windows fileserver'),
(832,'docker'),
(834,'unraid'),
(835,'mailinabox'),
(836,'wger'),
(837,'mango'),
(838,'drone ci'),
(840,'windows domain controller'),
(841,'media acquisition and management tools'),
(843,'iscsi'),
(845,'scanservjs'),
(846,'karaoke'),
(847,'discord bots'),
(849,'tdarr'),
(852,' suitecrm'),
(855,'sshwifty (web ssh)'),
(857,'nas'),
(858,'remotely'),
(860,'rutorrent'),
(868,'youtrack'),
(870,'melie'),
(871,'taiga'),
(873,'iot api backend'),
(874,'passbolt'),
(875,'shaarli'),
(876,'shlink'),
(877,'yaccy'),
(878,'webmin'),
(882,'handbrake'),
(883,'servarr'),
(884,'whiteboard'),
(885,'wol service'),
(888,'flask'),
(889,'serviio'),
(890,'bubbleupnp'),
(891,'webhosting'),
(892,'streaming media'),
(895,'requesterr'),
(896,'owntracks'),
(899,'prtg monitoring'),
(900,'3cx phonesystem'),
(902,'irc bots'),
(904,'hastebin'),
(905,'jabber'),
(906,'specialized database'),
(910,'openerp'),
(912,'cloud commander'),
(913,'housewrecker/gaps'),
(915,'squeezeserver'),
(918,'opnsense'),
(919,'media streaming services'),
(923,'satisfactory'),
(924,'terraria'),
(925,'ark:survival evolved'),
(927,'apprise'),
(928,'splunk'),
(929,'vcenter'),
(930,'confluence'),
(931,'omni'),
(933,'agario'),
(934,'avorion'),
(935,'call of duty: world at war'),
(936,'call of duty: united offensive'),
(937,'colony survival'),
(938,'don\'t starve together'),
(939,'artifactory'),
(940,'v1x1.tv'),
(941,'statping'),
(943,'restic'),
(944,'ipfs'),
(945,'nexus'),
(947,'diskover'),
(948,'zeronet'),
(950,'directus'),
(951,'dailynotes'),
(952,'psitransfer'),
(953,' document server'),
(956,'mastodon'),
(957,'xrdp'),
(958,'cocalc'),
(960,'cyberchef'),
(961,'tiddlyhost'),
(962,'coinbin'),
(963,'media collection'),
(965,'youtube dl'),
(966,'simplelogin'),
(968,'fathom'),
(969,'gossa'),
(970,'photoview'),
(971,'sharry'),
(973,'task manager (webact)'),
(974,'stringer'),
(977,'nzbhydra'),
(980,'penpot'),
(981,'phpvirtualbox (inside of a container)'),
(984,'two reverse proxies'),
(985,'spotweb'),
(986,'docker-mailserver'),
(988,'gyserver'),
(989,'rpi-nagyszoba'),
(990,'urbackup'),
(993,'rtmp on nginx'),
(997,'osticket'),
(1001,'element'),
(1002,'fileshelter'),
(1003,'monit'),
(1004,'piaware'),
(1005,'pinedocs'),
(1006,'sab'),
(1008,'bluecherry'),
(1010,'mqtt'),
(1011,'healthchecks'),
(1013,'ccujack'),
(1017,'traefik-forward-auth'),
(1018,'gotty'),
(1019,'gohugo'),
(1020,'sonnar'),
(1021,'application management panel'),
(1022,'mega_nz'),
(1023,'noip'),
(1024,'infrared proxy'),
(1028,'ajenti'),
(1029,'cachet'),
(1031,'speedtest tracker'),
(1033,'books'),
(1034,'diskstation '),
(1035,'moments'),
(1036,'resilio sync'),
(1039,'ghost blog'),
(1040,'ors'),
(1041,'prosody'),
(1042,'rds hosted apps'),
(1045,'starbound'),
(1046,'email backups'),
(1047,'(al)pine'),
(1048,'dnote'),
(1049,'d-note'),
(1050,'paperwork'),
(1051,'afs'),
(1053,'librephotos'),
(1054,'the lounge'),
(1056,'time machine'),
(1057,'mumble '),
(1064,'databases'),
(1065,'headphones'),
(1067,'mayan edms'),
(1068,'open eats'),
(1069,'securityspy'),
(1073,'smtp4dev'),
(1074,'omnidb'),
(1075,'qbit'),
(1076,'phpipam'),
(1077,'telegraf'),
(1078,'cryptofolio'),
(1079,'floccus'),
(1081,'nzbget'),
(1088,'minetest'),
(1090,'mailman'),
(1091,'sentry'),
(1095,'www'),
(1097,'teddit'),
(1098,'docassemble'),
(1099,'teslamate'),
(1102,'vdi'),
(1105,'rundeck'),
(1106,'backuppc'),
(1107,'orangesrum'),
(1110,'baikal'),
(1111,'baserow'),
(1112,'erpnext'),
(1113,'s3 backup endpoint'),
(1117,'distcc'),
(1119,'ztncui'),
(1127,'media server'),
(1129,'so are'),
(1131,'streaming services'),
(1132,'transcoding services'),
(1133,'moonlight'),
(1136,'ralph'),
(1138,'nexterp'),
(1140,'hassio'),
(1143,'chibisafe'),
(1144,'sichchill'),
(1145,'watcher'),
(1147,'couchpotato'),
(1153,'gentoo distcc container'),
(1154,'webmail'),
(1157,'hypervisor hosting'),
(1159,'smokeping'),
(1161,'download station'),
(1162,'dsm'),
(1163,'wireless printing'),
(1169,'reddiscordbot'),
(1171,'zigbee'),
(1172,'k3s'),
(1173,'too many to list'),
(1176,'none'),
(1177,'amcrest nvr'),
(1178,'matamo'),
(1179,'webtrees'),
(1180,'cronnit'),
(1182,'media management'),
(1183,'open rct2'),
(1185,'ignition automation'),
(1186,'forgery vtt'),
(1189,'pinry'),
(1192,'shinobi'),
(1193,'engenius ezmaster'),
(1194,'proxmox backup server'),
(1200,'jdownloader'),
(1202,'hauk'),
(1203,'linx'),
(1206,'milvus'),
(1208,'droppy'),
(1209,'qrls'),
(1217,'theia'),
(1221,'the subtitle one'),
(1224,'saas only'),
(1225,'taskwarrior'),
(1226,'snikket'),
(1228,'rstudio server'),
(1229,'shiny server'),
(1230,'ml-workspace'),
(1235,'jfrog'),
(1236,'dying'),
(1238,'drupal'),
(1239,'xpenology for surveillance'),
(1240,'homebridge'),
(1243,'monitoring'),
(1244,'bitcoind'),
(1245,'pelican'),
(1246,'checkmk'),
(1248,'smtp'),
(1249,'sniproxy'),
(1250,'thespaghettidetective'),
(1251,'urlshortener'),
(1254,'virtual desktops'),
(1257,'miscellany'),
(1259,'lineage-ota,'),
(1263,'minecraft overviewer'),
(1264,'odoo'),
(1266,'libre speedtest'),
(1268,'mesh central'),
(1270,'neko & neko-rooms'),
(1271,'freetube'),
(1275,'vimwiki'),
(1276,'linkding'),
(1278,'lanraragi'),
(1279,'hydrus'),
(1281,'nodebb'),
(1282,'blocky'),
(1285,'shell accounts'),
(1289,'terraforming mars'),
(1290,'iis web server'),
(1291,'prawlarr'),
(1295,'synology stack office drive'),
(1296,'funkwhale'),
(1299,'i librarian'),
(1301,'visual studio'),
(1302,'aria2ng'),
(1309,'photo slideshow'),
(1312,'borg backup'),
(1316,'weewx'),
(1319,'git (klaus + git user)'),
(1320,'buildbot'),
(1321,'keepass'),
(1327,'vault'),
(1328,'harbor'),
(1329,'pypi'),
(1330,'hoppscotch'),
(1331,'sensu'),
(1332,'jupyterhub'),
(1334,'cleanarr'),
(1335,'pasta'),
(1336,'posterr'),
(1337,'personal cloud'),
(1341,'media services'),
(1344,'simpletorrent'),
(1345,'pepperminty wiki'),
(1346,'several bgp daemons w/ full tables'),
(1347,'several mikrotik chr'),
(1348,'xowa'),
(1351,'rustdesk'),
(1353,'unbound'),
(1355,'named'),
(1356,'smallstep'),
(1357,'jira'),
(1359,'ulogger'),
(1361,'freeradius'),
(1364,'flaresolverr'),
(1366,'remmina (guacamole remote management server)'),
(1367,'netatalk'),
(1370,'nagios'),
(1371,'pistar'),
(1372,'zerotier'),
(1376,'perforce'),
(1378,'openstreetmap'),
(1379,'open source routing machine'),
(1381,'wazuh '),
(1382,'ntop'),
(1383,'subversion'),
(1384,'cifs'),
(1386,'blender'),
(1388,'torrserver'),
(1392,'softwarr (auto media downloader)'),
(1394,'imessage'),
(1395,'dns (next dns + knot)'),
(1396,'dyndns'),
(1404,' pwm'),
(1408,'manager accounting'),
(1409,'makemkv'),
(1416,'mstream'),
(1419,'lan streaming'),
(1421,'krusader'),
(1426,'photo server'),
(1430,'docker-cura'),
(1434,'iperf-server'),
(1436,'static-site'),
(1437,'radius-wifi auth'),
(1441,'hdhomerun'),
(1445,'plesk'),
(1446,'vps'),
(1448,'letsencrypt-companion'),
(1451,'croc'),
(1452,'ubnt controller'),
(1455,'chronos'),
(1456,'clarkson'),
(1459,'jami'),
(1460,'cowyo'),
(1461,'ete server'),
(1462,'myflix'),
(1463,'julia'),
(1464,'docusaurus'),
(1465,'booksonic-air'),
(1468,'dashmachine'),
(1469,'qnap nas'),
(1470,'teamcity'),
(1471,'caprover'),
(1477,'development environment'),
(1478,'wsus'),
(1479,'pufferpanel'),
(1481,'iscsi targets'),
(1483,'virtualized pc systems '),
(1487,'dsmr-mariadb'),
(1489,'sonos-api'),
(1492,'clarkson-mysql'),
(1493,'github-action-runner'),
(1510,'tachidesk'),
(1512,'voip'),
(1514,'bots/automation scripts'),
(1517,'rsync (fallback for when replicating data from a non-zfs enabled peer)'),
(1520,'metabase'),
(1521,'roon'),
(1527,'website-portfolio'),
(1530,'http'),
(1531,'phabricator'),
(1532,'msgsync'),
(1533,'znc'),
(1534,'cops'),
(1535,'simpleid'),
(1538,'torrent'),
(1548,'libretranslate'),
(1549,'horahora'),
(1550,'arkime'),
(1551,'flood'),
(1554,'web hosting panel'),
(1556,'virtual workstations'),
(1563,'wolfenstein enemy territory server'),
(1565,'dns sinkhole'),
(1566,'phoscon'),
(1567,'slurm'),
(1568,'shairport (airplay)'),
(1569,'sharex server'),
(1570,'a variety of music servers'),
(1571,'aoeu'),
(1572,'bible'),
(1573,'framadate'),
(1575,'observium'),
(1576,'duplicacy'),
(1585,'deemix'),
(1586,'miscellaneous'),
(1590,'iptv'),
(1592,'mergerfs'),
(1593,'mistborn'),
(1596,'network_ups_tools'),
(1597,'qb'),
(1601,'loki'),
(1602,'promtail'),
(1603,'coredns'),
(1604,'synology calendar'),
(1607,'logstash'),
(1608,'ms exchange');
/*!40000 ALTER TABLE `services` ENABLE KEYS */;
UNLOCK TABLES;

--
-- Table structure for table `services_categories`
--

DROP TABLE IF EXISTS `services_categories`;
/*!40101 SET @saved_cs_client     = @@character_set_client */;
/*!40101 SET character_set_client = utf8 */;
CREATE TABLE `services_categories` (
  `id` int(11) NOT NULL AUTO_INCREMENT,
  `name` varchar(255) DEFAULT NULL,
  PRIMARY KEY (`id`)
) ENGINE=InnoDB AUTO_INCREMENT=25 DEFAULT CHARSET=utf8mb4;
/*!40101 SET character_set_client = @saved_cs_client */;

--
-- Dumping data for table `services_categories`
--

LOCK TABLES `services_categories` WRITE;
/*!40000 ALTER TABLE `services_categories` DISABLE KEYS */;
INSERT INTO `services_categories` VALUES
(2,'Media Streaming'),
(3,'IoT'),
(4,'Adblocker'),
(5,'Password Manager'),
(6,'Communication'),
(7,'DevOps'),
(8,'Server Management'),
(9,'Media Gathering'),
(10,'Games'),
(11,'VPN'),
(12,'File Server'),
(13,'Miscellaneous'),
(14,'Photo Gallery'),
(15,'ERP/CRM'),
(16,'Team Collaboration'),
(17,'Document Manager'),
(18,'Organisational Database'),
(19,'URL shortener'),
(20,'Bookmarking'),
(21,'Cryptocurrency'),
(22,'Notetaking'),
(23,'Office Tools'),
(24,'RSS reader');
/*!40000 ALTER TABLE `services_categories` ENABLE KEYS */;
UNLOCK TABLES;

--
-- Table structure for table `services_categories_link`
--

DROP TABLE IF EXISTS `services_categories_link`;
/*!40101 SET @saved_cs_client     = @@character_set_client */;
/*!40101 SET character_set_client = utf8 */;
CREATE TABLE `services_categories_link` (
  `service` int(11) NOT NULL,
  `category` int(11) NOT NULL,
  PRIMARY KEY (`service`,`category`),
  KEY `category` (`category`),
  CONSTRAINT `services_categories_link_ibfk_1` FOREIGN KEY (`service`) REFERENCES `services` (`id`),
  CONSTRAINT `services_categories_link_ibfk_2` FOREIGN KEY (`category`) REFERENCES `services_categories` (`id`)
) ENGINE=InnoDB DEFAULT CHARSET=utf8mb4;
/*!40101 SET character_set_client = @saved_cs_client */;

--
-- Dumping data for table `services_categories_link`
--

LOCK TABLES `services_categories_link` WRITE;
/*!40000 ALTER TABLE `services_categories_link` DISABLE KEYS */;
INSERT INTO `services_categories_link` VALUES
(12,12),
(13,12),
(14,18),
(15,24),
(16,9),
(17,2),
(18,7),
(19,17),
(20,5),
(21,12),
(22,2),
(23,9),
(62,6),
(64,2),
(65,2),
(66,13),
(67,2),
(68,6),
(69,16),
(70,13),
(71,2),
(72,19),
(73,5),
(74,6),
(75,19),
(77,14),
(78,6),
(79,6),
(80,6),
(81,8),
(82,8),
(83,13),
(84,8),
(85,10),
(86,3),
(87,2),
(88,9),
(89,9),
(90,9),
(91,11),
(94,2),
(95,9),
(96,20),
(97,20),
(99,8),
(100,8),
(101,17),
(102,8),
(103,13),
(104,15),
(105,4),
(106,13),
(107,6),
(108,10),
(109,21),
(111,7),
(115,18),
(117,2),
(118,18),
(119,2),
(123,6),
(127,13),
(129,13),
(132,13),
(134,13),
(136,6),
(139,6),
(140,13),
(142,13),
(143,13),
(145,10),
(146,8),
(148,9),
(149,9),
(150,9),
(151,2),
(155,6),
(159,2),
(161,22),
(163,13),
(166,13),
(167,13),
(168,12),
(169,24),
(170,3),
(173,18),
(175,3),
(179,12),
(180,12),
(182,21),
(183,17),
(184,8),
(185,13),
(186,2),
(187,14),
(188,3),
(189,2),
(190,3),
(192,8),
(193,13),
(194,12),
(195,12),
(196,13),
(197,6),
(198,12),
(202,3),
(203,8),
(204,13),
(205,16),
(212,18),
(213,13),
(217,6),
(218,9),
(219,13),
(220,2),
(221,9),
(222,23),
(231,13),
(232,3),
(233,13),
(234,5),
(235,6),
(236,13),
(237,8),
(238,12),
(239,18),
(240,12),
(241,23),
(242,20),
(243,22),
(245,11),
(246,13),
(247,13),
(249,8),
(250,2),
(251,2),
(252,13),
(253,6),
(256,8),
(257,23),
(258,6),
(259,3),
(261,8),
(262,8),
(263,13),
(264,8),
(265,13),
(268,13),
(269,13),
(272,18),
(275,3),
(276,12),
(278,13),
(279,2),
(280,13),
(282,8),
(283,2),
(284,2),
(285,9),
(286,23),
(289,6),
(291,24),
(295,9),
(296,13),
(299,24),
(300,13),
(302,13),
(304,13),
(305,6),
(306,13),
(307,13),
(308,8),
(309,13),
(310,15),
(312,9),
(314,13),
(315,13),
(317,13),
(318,15),
(319,16),
(320,9),
(323,9),
(325,12),
(327,16),
(328,12),
(330,10),
(332,12),
(334,8),
(335,8),
(337,8),
(338,8),
(341,2),
(342,4),
(343,13),
(351,14),
(352,2),
(355,12),
(356,13),
(357,13),
(358,3),
(359,13),
(361,13),
(364,13),
(366,13),
(367,12),
(371,13),
(372,12),
(375,14),
(376,13),
(377,6),
(378,13),
(379,3),
(380,12),
(381,13),
(382,16),
(383,16),
(384,15),
(385,18),
(386,9),
(387,18),
(388,7),
(389,13),
(390,13),
(391,13),
(392,8),
(394,13),
(395,16),
(396,13),
(397,15),
(398,6),
(400,11),
(401,13),
(402,13),
(403,3),
(405,13),
(406,7),
(407,5),
(408,13),
(409,8),
(414,13),
(415,13),
(416,4),
(418,13),
(419,13),
(421,9),
(422,21),
(423,13),
(424,8),
(427,13),
(428,6),
(429,13),
(433,14),
(434,13),
(438,18),
(439,13),
(440,8),
(441,13),
(449,12),
(450,8),
(451,18),
(452,13),
(453,10),
(454,7),
(455,8),
(456,14),
(457,22),
(458,15),
(459,8),
(460,6),
(461,13),
(462,7),
(463,22),
(464,13),
(466,9),
(468,6),
(469,13),
(470,6),
(472,15),
(480,13),
(482,6),
(486,9),
(490,6),
(491,9),
(492,8),
(493,9),
(494,13),
(495,2),
(496,3),
(497,8),
(498,13),
(499,13),
(500,8),
(501,6),
(502,19),
(504,3),
(505,12),
(506,23),
(507,23),
(510,2),
(511,23),
(513,23),
(514,12),
(515,13),
(521,8),
(523,19),
(524,3),
(528,6),
(531,13),
(532,13),
(533,13),
(534,5),
(535,2),
(537,18),
(538,2),
(539,18),
(540,11),
(541,13),
(542,12),
(543,18),
(544,13),
(548,8),
(550,14),
(551,13),
(554,13),
(556,8),
(557,13),
(559,12),
(562,3),
(565,13),
(566,2),
(566,9),
(570,13),
(575,8),
(578,6),
(580,20),
(582,24),
(583,6),
(585,7),
(587,13),
(589,10),
(590,13),
(591,7),
(592,13),
(595,13),
(597,7),
(603,23),
(604,9),
(605,9),
(606,2),
(608,10),
(609,13),
(610,16),
(614,13),
(616,13),
(617,11),
(618,6),
(620,12),
(621,12),
(622,2),
(623,24),
(624,18),
(625,9),
(628,13),
(629,6),
(630,3),
(631,13),
(633,10),
(634,13),
(635,13),
(636,9),
(638,17),
(640,13),
(643,18),
(645,13),
(648,13),
(649,3),
(650,6),
(651,15),
(652,9),
(653,6),
(654,10),
(657,8),
(659,10),
(660,10),
(661,9),
(662,7),
(663,13),
(664,13),
(665,12),
(668,13),
(669,9),
(671,13),
(672,3),
(674,14),
(675,12),
(676,13),
(677,13),
(679,13),
(682,7),
(685,8),
(689,10),
(690,10),
(696,13),
(697,13),
(698,13),
(699,8),
(700,13),
(701,9),
(702,13),
(703,13),
(704,13),
(705,13),
(706,23),
(708,3),
(709,3),
(711,13),
(712,13),
(714,6),
(715,13),
(716,2),
(717,2),
(718,3),
(719,13),
(720,13),
(721,13),
(722,13),
(726,2),
(727,13),
(728,17),
(729,13),
(730,13),
(731,13),
(732,13),
(734,13),
(736,13),
(741,3),
(746,13),
(747,8),
(748,9),
(750,6),
(751,6),
(752,13),
(753,13),
(754,2),
(760,19),
(764,13),
(765,13),
(768,10),
(769,8),
(770,13),
(771,13),
(772,20),
(773,24),
(774,18),
(775,13),
(777,3),
(779,6),
(780,13),
(782,13),
(783,13),
(787,13),
(788,13),
(789,13),
(793,13),
(794,22),
(797,8),
(798,8),
(799,13),
(800,16),
(801,2),
(802,13),
(804,19),
(805,9),
(808,2),
(810,24),
(812,2),
(813,2),
(815,2),
(816,7),
(818,13),
(820,8),
(821,12),
(822,9),
(825,2),
(830,6),
(831,12),
(832,13),
(834,13),
(835,6),
(836,18),
(837,13),
(838,7),
(840,13),
(841,9),
(843,12),
(845,17),
(846,13),
(847,13),
(849,2),
(852,15),
(855,13),
(857,12),
(858,13),
(860,2),
(868,16),
(870,18),
(871,16),
(873,3),
(874,5),
(875,20),
(876,19),
(877,13),
(878,8),
(882,2),
(883,9),
(884,18),
(885,8),
(888,13),
(889,2),
(890,2),
(891,13),
(892,2),
(895,9),
(896,13),
(899,8),
(900,6),
(902,13),
(904,18),
(905,6),
(906,18),
(910,15),
(912,8),
(913,13),
(915,2),
(918,8),
(919,2),
(923,10),
(924,10),
(925,10),
(927,13),
(928,7),
(929,8),
(930,16),
(931,13),
(933,10),
(934,10),
(935,10),
(936,10),
(937,10),
(938,10),
(939,10),
(940,13),
(941,8),
(943,13),
(944,12),
(945,13),
(947,13),
(948,13),
(950,18),
(951,22),
(952,12),
(953,17),
(956,6),
(957,13),
(958,23),
(960,13),
(961,18),
(962,21),
(963,2),
(965,9),
(966,6),
(968,15),
(969,12),
(970,14),
(971,13),
(973,8),
(974,24),
(977,9),
(980,16),
(981,13),
(984,13),
(985,9),
(986,6),
(988,13),
(989,13),
(990,13),
(993,13),
(997,16),
(1001,6),
(1002,12),
(1003,8),
(1004,13),
(1005,18),
(1006,13),
(1008,3),
(1010,3),
(1011,8),
(1013,3),
(1017,13),
(1018,13),
(1019,13),
(1020,9),
(1021,8),
(1022,13),
(1023,13),
(1024,10),
(1028,8),
(1029,8),
(1031,13),
(1033,2),
(1034,12),
(1035,14),
(1036,12),
(1039,13),
(1040,13),
(1041,6),
(1042,13),
(1045,10),
(1046,13),
(1047,13),
(1048,22),
(1049,22),
(1050,17),
(1051,13),
(1053,14),
(1054,6),
(1056,13),
(1057,6),
(1064,13),
(1065,9),
(1067,17),
(1068,18),
(1069,3),
(1073,7),
(1074,8),
(1075,9),
(1076,8),
(1077,8),
(1078,21),
(1079,20),
(1081,9),
(1088,10),
(1090,6),
(1091,8),
(1095,13),
(1097,13),
(1098,17),
(1099,3),
(1102,13),
(1105,8),
(1106,13),
(1107,16),
(1110,13),
(1111,23),
(1112,15),
(1113,13),
(1117,7),
(1119,11),
(1127,2),
(1129,13),
(1131,2),
(1132,2),
(1133,10),
(1136,15),
(1138,15),
(1140,3),
(1143,12),
(1144,9),
(1145,13),
(1147,9),
(1153,7),
(1154,6),
(1157,13),
(1159,8),
(1161,9),
(1162,12),
(1163,13),
(1169,13),
(1171,3),
(1172,13),
(1173,13),
(1176,13),
(1177,3),
(1178,8),
(1179,13),
(1180,13),
(1182,18),
(1183,10),
(1185,13),
(1186,10),
(1189,14),
(1192,3),
(1193,8),
(1194,13),
(1200,9),
(1202,13),
(1203,13),
(1206,13),
(1208,12),
(1209,8),
(1217,13),
(1221,9),
(1224,13),
(1225,13),
(1226,6),
(1228,7),
(1229,7),
(1230,7),
(1235,13),
(1236,13),
(1238,13),
(1239,3),
(1240,3),
(1243,13),
(1244,21),
(1245,13),
(1246,8),
(1248,6),
(1249,13),
(1250,13),
(1251,19),
(1254,13),
(1257,13),
(1259,13),
(1263,10),
(1264,15),
(1266,13),
(1268,8),
(1270,6),
(1271,13),
(1275,18),
(1276,20),
(1278,2),
(1279,13),
(1281,13),
(1282,13),
(1285,13),
(1289,10),
(1290,13),
(1291,9),
(1295,17),
(1296,2),
(1299,17),
(1301,7),
(1302,9),
(1309,14),
(1312,13),
(1316,13),
(1319,7),
(1320,8),
(1321,5),
(1327,5),
(1328,13),
(1329,13),
(1330,13),
(1331,8),
(1332,7),
(1334,9),
(1335,16),
(1336,9),
(1337,12),
(1341,2),
(1344,9),
(1345,18),
(1346,13),
(1347,13),
(1348,20),
(1351,13),
(1353,13),
(1355,13),
(1356,13),
(1357,16),
(1359,8),
(1361,13),
(1364,13),
(1366,8),
(1367,12),
(1370,8),
(1371,13),
(1372,13),
(1376,16),
(1378,13),
(1379,13),
(1381,8),
(1382,8),
(1383,7),
(1384,12),
(1386,13),
(1388,9),
(1392,9),
(1394,6),
(1395,13),
(1396,13),
(1404,5),
(1408,15),
(1409,13),
(1416,2),
(1419,13),
(1421,13),
(1426,14),
(1430,3),
(1434,13),
(1436,13),
(1437,13),
(1441,2),
(1445,2),
(1446,13),
(1448,13),
(1451,12),
(1452,8),
(1455,13),
(1456,13),
(1459,6),
(1460,18),
(1461,13),
(1462,2),
(1463,7),
(1464,13),
(1465,2),
(1468,20),
(1469,12),
(1470,6),
(1471,8),
(1477,7),
(1478,13),
(1479,8),
(1481,12),
(1483,13),
(1487,3),
(1489,2),
(1492,13),
(1493,7),
(1510,2),
(1512,6),
(1514,13),
(1517,12),
(1520,13),
(1521,2),
(1527,13),
(1530,13),
(1531,16),
(1532,6),
(1533,6),
(1534,13),
(1535,13),
(1538,9),
(1548,13),
(1549,2),
(1550,7),
(1551,13),
(1554,8),
(1556,13),
(1563,10),
(1565,5),
(1566,3),
(1567,8),
(1568,2),
(1569,14),
(1570,2),
(1571,13),
(1572,18),
(1573,16),
(1575,8),
(1576,13),
(1585,9),
(1586,13),
(1590,2),
(1592,13),
(1593,8),
(1596,8),
(1597,9),
(1601,8),
(1602,8),
(1603,13),
(1604,18),
(1607,13),
(1608,6);
/*!40000 ALTER TABLE `services_categories_link` ENABLE KEYS */;
UNLOCK TABLES;

--
-- Table structure for table `services_link`
--

DROP TABLE IF EXISTS `services_link`;
/*!40101 SET @saved_cs_client     = @@character_set_client */;
/*!40101 SET character_set_client = utf8 */;
CREATE TABLE `services_link` (
  `response` int(11) NOT NULL,
  `entity` int(11) NOT NULL,
  PRIMARY KEY (`response`,`entity`),
  KEY `entity` (`entity`),
  CONSTRAINT `services_link_ibfk_1` FOREIGN KEY (`response`) REFERENCES `responses` (`id`) ON DELETE CASCADE ON UPDATE CASCADE,
  CONSTRAINT `services_link_ibfk_2` FOREIGN KEY (`entity`) REFERENCES `services` (`id`) ON DELETE CASCADE ON UPDATE CASCADE
) ENGINE=InnoDB DEFAULT CHARSET=utf8mb4;
/*!40101 SET character_set_client = @saved_cs_client */;

--
-- Dumping data for table `services_link`
--

LOCK TABLES `services_link` WRITE;
/*!40000 ALTER TABLE `services_link` DISABLE KEYS */;
INSERT INTO `services_link` VALUES
(4722,12),
(4722,21),
(4722,62),
(4722,155),
(4723,1571),
(4724,12),
(4724,62),
(4724,64),
(4724,65),
(4724,67),
(4724,85),
(4724,155),
(4724,327),
(4724,1572),
(4724,1573),
(4724,1575),
(4726,12),
(4726,13),
(4726,14),
(4726,15),
(4726,16),
(4726,17),
(4726,18),
(4726,19),
(4726,20),
(4727,21),
(4727,22),
(4727,23),
(4727,1586),
(4728,12),
(4728,17),
(4728,21),
(4728,23),
(4728,62),
(4728,64),
(4728,65),
(4728,66),
(4728,67),
(4728,68),
(4728,69),
(4728,70),
(4728,71),
(4728,72),
(4728,155),
(4729,12),
(4729,17),
(4729,73),
(4729,74),
(4729,75),
(4730,12),
(4730,19),
(4730,21),
(4730,22),
(4730,77),
(4732,12),
(4732,18),
(4732,78),
(4732,79),
(4732,80),
(4732,81),
(4732,82),
(4732,83),
(4733,21),
(4733,84),
(4733,85),
(4734,14),
(4734,19),
(4734,20),
(4734,21),
(4734,22),
(4734,23),
(4734,71),
(4734,86),
(4734,87),
(4734,88),
(4734,89),
(4734,90),
(4734,91),
(4735,1586),
(4736,14),
(4736,22),
(4736,66),
(4736,74),
(4736,88),
(4736,89),
(4736,90),
(4736,94),
(4736,95),
(4736,96),
(4736,97),
(4736,99),
(4736,100),
(4736,101),
(4736,977),
(4737,86),
(4737,102),
(4737,103),
(4737,104),
(4737,105),
(4737,106),
(4737,107),
(4737,108),
(4737,109),
(4737,111),
(4737,1586),
(4738,12),
(4738,22),
(4738,80),
(4738,320),
(4738,453),
(4740,15),
(4740,18),
(4740,73),
(4740,88),
(4740,90),
(4740,115),
(4740,117),
(4740,118),
(4740,119),
(4740,123),
(4740,408),
(4740,441),
(4740,875),
(4741,105),
(4741,127),
(4742,22),
(4743,62),
(4743,129),
(4743,243),
(4744,17),
(4744,21),
(4744,22),
(4744,84),
(4744,85),
(4744,86),
(4744,132),
(4744,134),
(4744,400),
(4745,12),
(4745,66),
(4745,136),
(4745,387),
(4746,12),
(4746,73),
(4746,111),
(4747,13),
(4747,17),
(4747,21),
(4747,91),
(4747,105),
(4747,108),
(4747,139),
(4747,140),
(4747,142),
(4747,614),
(4748,17),
(4748,20),
(4748,21),
(4748,62),
(4748,129),
(4748,143),
(4748,342),
(4749,12),
(4749,20),
(4749,62),
(4750,12),
(4750,21),
(4752,12),
(4753,145),
(4753,146),
(4754,19),
(4754,22),
(4754,88),
(4754,89),
(4754,100),
(4754,102),
(4754,105),
(4754,148),
(4754,149),
(4754,150),
(4754,151),
(4754,396),
(4754,774),
(4755,12),
(4755,99),
(4755,155),
(4755,330),
(4756,12),
(4756,13),
(4756,86),
(4756,91),
(4758,12),
(4758,17),
(4758,82),
(4758,159),
(4759,17),
(4760,12),
(4760,19),
(4760,20),
(4760,85),
(4760,88),
(4760,89),
(4760,94),
(4760,100),
(4760,119),
(4760,148),
(4760,161),
(4760,163),
(4762,12),
(4762,105),
(4762,166),
(4762,167),
(4762,400),
(4763,17),
(4763,19),
(4763,22),
(4763,168),
(4763,169),
(4763,170),
(4764,15),
(4764,21),
(4764,22),
(4764,23),
(4764,88),
(4764,89),
(4764,90),
(4764,105),
(4765,14),
(4765,15),
(4765,21),
(4765,22),
(4765,80),
(4765,173),
(4765,213),
(4766,86),
(4766,175),
(4766,682),
(4766,1171),
(4767,12),
(4767,21),
(4767,80),
(4767,179),
(4768,12),
(4768,62),
(4768,180),
(4768,534),
(4769,17),
(4769,119),
(4770,12),
(4770,22),
(4771,12),
(4771,22),
(4771,70),
(4771,73),
(4771,82),
(4771,84),
(4771,85),
(4771,90),
(4771,111),
(4771,150),
(4771,182),
(4771,183),
(4771,184),
(4771,185),
(4771,186),
(4771,187),
(4771,188),
(4772,19),
(4772,22),
(4772,73),
(4772,117),
(4772,119),
(4772,189),
(4772,190),
(4773,21),
(4773,86),
(4773,111),
(4773,192),
(4773,193),
(4774,22),
(4774,88),
(4774,89),
(4774,194),
(4775,86),
(4775,195),
(4775,196),
(4776,12),
(4777,12),
(4777,17),
(4777,85),
(4777,111),
(4778,22),
(4778,88),
(4778,89),
(4778,145),
(4778,173),
(4778,197),
(4778,198),
(4778,323),
(4778,376),
(4778,421),
(4778,1006),
(4779,12),
(4779,18),
(4779,86),
(4779,105),
(4779,202),
(4779,203),
(4779,204),
(4779,205),
(4780,21),
(4780,22),
(4782,17),
(4782,18),
(4782,88),
(4782,90),
(4782,159),
(4782,213),
(4785,12),
(4785,17),
(4785,22),
(4785,86),
(4785,1053),
(4786,21),
(4786,245),
(4787,12),
(4787,21),
(4787,84),
(4787,86),
(4787,367),
(4787,453),
(4788,18),
(4788,117),
(4788,212),
(4788,213),
(4788,965),
(4789,12),
(4789,18),
(4789,73),
(4789,84),
(4789,217),
(4790,17),
(4790,105),
(4790,218),
(4790,219),
(4790,220),
(4792,12),
(4792,14),
(4792,17),
(4792,85),
(4792,221),
(4792,222),
(4792,330),
(4793,17),
(4793,117),
(4793,168),
(4793,614),
(4794,21),
(4794,22),
(4794,85),
(4794,231),
(4796,12),
(4796,21),
(4796,104),
(4796,232),
(4796,233),
(4796,234),
(4796,235),
(4796,236),
(4796,237),
(4797,14),
(4797,62),
(4797,119),
(4797,127),
(4797,238),
(4797,239),
(4798,19),
(4798,21),
(4798,72),
(4798,73),
(4798,74),
(4798,99),
(4798,117),
(4798,169),
(4798,240),
(4798,241),
(4798,242),
(4798,243),
(4799,12),
(4799,14),
(4799,22),
(4799,82),
(4799,105),
(4799,117),
(4799,245),
(4800,12),
(4800,21),
(4801,12),
(4801,21),
(4801,22),
(4801,246),
(4801,247),
(4802,21),
(4802,23),
(4802,198),
(4802,236),
(4802,249),
(4802,250),
(4803,12),
(4803,22),
(4803,73),
(4803,86),
(4804,12),
(4804,17),
(4804,77),
(4804,88),
(4804,89),
(4804,202),
(4805,12),
(4805,251),
(4805,252),
(4806,62),
(4806,82),
(4806,166),
(4806,253),
(4807,12),
(4807,22),
(4807,88),
(4807,89),
(4808,22),
(4808,86),
(4808,94),
(4808,105),
(4808,166),
(4808,173),
(4808,203),
(4808,256),
(4808,457),
(4808,977),
(4809,12),
(4809,20),
(4809,21),
(4809,86),
(4809,166),
(4809,257),
(4810,20),
(4810,258),
(4810,259),
(4811,12),
(4811,21),
(4811,22),
(4811,23),
(4811,111),
(4811,261),
(4811,262),
(4811,263),
(4812,18),
(4812,23),
(4812,86),
(4812,102),
(4812,119),
(4812,217),
(4812,232),
(4812,246),
(4812,264),
(4812,265),
(4812,268),
(4812,269),
(4812,330),
(4813,62),
(4813,231),
(4813,238),
(4813,245),
(4813,272),
(4813,585),
(4814,105),
(4814,275),
(4815,73),
(4815,146),
(4815,203),
(4816,12),
(4816,276),
(4817,12),
(4819,21),
(4819,22),
(4819,99),
(4819,155),
(4819,198),
(4819,278),
(4819,279),
(4819,280),
(4820,62),
(4821,12),
(4821,86),
(4821,119),
(4822,85),
(4822,99),
(4822,282),
(4822,330),
(4823,17),
(4823,283),
(4823,284),
(4824,12),
(4824,14),
(4824,22),
(4824,150),
(4824,285),
(4825,20),
(4825,161),
(4825,286),
(4826,22),
(4826,85),
(4826,105),
(4826,217),
(4827,12),
(4827,17),
(4827,117),
(4828,12),
(4828,21),
(4828,193),
(4829,12),
(4829,18),
(4829,77),
(4829,100),
(4829,111),
(4829,387),
(4830,62),
(4830,289),
(4831,12),
(4831,108),
(4831,166),
(4832,20),
(4832,22),
(4832,105),
(4834,17),
(4834,231),
(4834,291),
(4835,12),
(4835,22),
(4836,105),
(4836,119),
(4837,22),
(4837,245),
(4837,1051),
(4838,12),
(4838,14),
(4838,16),
(4838,21),
(4838,62),
(4838,86),
(4838,100),
(4838,102),
(4838,295),
(4838,296),
(4838,597),
(4839,21),
(4839,22),
(4840,13),
(4840,14),
(4840,17),
(4840,21),
(4840,77),
(4840,88),
(4840,89),
(4840,90),
(4840,95),
(4840,105),
(4840,149),
(4840,299),
(4840,300),
(4840,302),
(4840,497),
(4840,614),
(4841,12),
(4841,17),
(4841,18),
(4841,62),
(4841,91),
(4841,155),
(4841,198),
(4841,304),
(4841,305),
(4841,306),
(4841,307),
(4842,21),
(4842,198),
(4842,219),
(4842,240),
(4843,17),
(4843,18),
(4843,19),
(4843,86),
(4843,91),
(4843,111),
(4843,240),
(4843,308),
(4843,309),
(4843,310),
(4843,312),
(4843,314),
(4843,315),
(4843,317),
(4843,342),
(4843,387),
(4843,845),
(4843,1054),
(4844,22),
(4844,117),
(4844,151),
(4844,318),
(4844,320),
(4847,86),
(4847,155),
(4847,240),
(4847,319),
(4848,12),
(4848,15),
(4848,18),
(4848,20),
(4848,22),
(4848,117),
(4848,320),
(4848,1039),
(4849,62),
(4849,91),
(4849,105),
(4849,240),
(4850,21),
(4850,22),
(4850,88),
(4850,151),
(4850,323),
(4850,325),
(4850,1065),
(4851,17),
(4851,105),
(4852,13),
(4852,18),
(4852,85),
(4852,159),
(4852,327),
(4852,328),
(4853,18),
(4853,21),
(4855,12),
(4855,17),
(4855,21),
(4855,22),
(4855,330),
(4856,22),
(4856,23),
(4856,88),
(4856,89),
(4856,90),
(4856,185),
(4856,323),
(4857,21),
(4857,81),
(4857,91),
(4857,95),
(4858,86),
(4858,332),
(4858,614),
(4858,682),
(4860,12),
(4860,14),
(4860,20),
(4860,66),
(4860,86),
(4861,22),
(4861,73),
(4861,77),
(4861,82),
(4861,86),
(4861,202),
(4861,217),
(4861,276),
(4861,299),
(4861,334),
(4861,335),
(4861,337),
(4861,338),
(4861,429),
(4861,799),
(4861,1607),
(4862,19),
(4862,21),
(4862,22),
(4862,845),
(4863,18),
(4863,73),
(4863,155),
(4864,12),
(4865,12),
(4865,17),
(4865,19),
(4865,73),
(4865,86),
(4865,91),
(4865,155),
(4865,231),
(4865,341),
(4866,12),
(4866,21),
(4866,77),
(4866,86),
(4866,88),
(4866,89),
(4866,342),
(4866,343),
(4867,12),
(4867,662),
(4868,12),
(4868,17),
(4868,150),
(4868,155),
(4868,387),
(4868,570),
(4868,636),
(4869,12),
(4869,21),
(4869,22),
(4869,91),
(4870,13),
(4870,20),
(4870,100),
(4870,161),
(4870,325),
(4870,351),
(4870,352),
(4870,400),
(4871,21),
(4871,272),
(4871,355),
(4871,356),
(4871,357),
(4871,358),
(4872,22),
(4872,73),
(4872,119),
(4873,12),
(4873,13),
(4873,17),
(4873,20),
(4873,77),
(4873,117),
(4873,359),
(4874,12),
(4874,66),
(4874,73),
(4874,111),
(4874,155),
(4875,12),
(4875,22),
(4875,86),
(4875,117),
(4875,245),
(4876,18),
(4876,85),
(4876,361),
(4877,22),
(4877,117),
(4877,238),
(4878,86),
(4878,91),
(4878,105),
(4879,21),
(4879,95),
(4879,118),
(4879,364),
(4879,366),
(4880,12),
(4880,20),
(4880,396),
(4881,12),
(4881,17),
(4881,105),
(4882,17),
(4882,21),
(4883,12),
(4883,86),
(4883,91),
(4883,105),
(4883,119),
(4883,367),
(4884,12),
(4884,62),
(4884,77),
(4884,105),
(4884,166),
(4884,203),
(4884,309),
(4885,12),
(4885,20),
(4885,21),
(4885,22),
(4885,88),
(4885,89),
(4885,148),
(4885,320),
(4887,12),
(4887,19),
(4887,20),
(4887,22),
(4887,371),
(4888,21),
(4888,91),
(4888,105),
(4888,159),
(4888,236),
(4889,12),
(4890,22),
(4890,372),
(4891,12),
(4891,22),
(4891,77),
(4892,12),
(4892,13),
(4892,88),
(4892,89),
(4892,105),
(4892,119),
(4892,323),
(4892,375),
(4893,91),
(4893,155),
(4893,334),
(4893,376),
(4893,377),
(4893,378),
(4894,15),
(4894,17),
(4894,20),
(4894,86),
(4894,240),
(4894,379),
(4895,12),
(4895,62),
(4895,73),
(4895,309),
(4895,380),
(4895,381),
(4897,12),
(4897,20),
(4897,77),
(4897,86),
(4897,104),
(4897,382),
(4897,383),
(4897,384),
(4898,22),
(4898,330),
(4898,385),
(4898,386),
(4899,17),
(4899,21),
(4899,62),
(4900,12),
(4900,18),
(4900,22),
(4900,387),
(4901,12),
(4901,185),
(4902,17),
(4902,21),
(4902,77),
(4902,82),
(4902,117),
(4902,388),
(4903,12),
(4903,14),
(4903,21),
(4903,22),
(4903,23),
(4903,82),
(4903,91),
(4903,111),
(4903,388),
(4903,389),
(4903,390),
(4903,391),
(4903,392),
(4904,12),
(4904,19),
(4904,139),
(4904,257),
(4904,295),
(4904,394),
(4904,395),
(4904,396),
(4904,397),
(4905,21),
(4905,62),
(4905,231),
(4905,398),
(4905,400),
(4905,401),
(4905,402),
(4905,403),
(4905,405),
(4906,104),
(4906,111),
(4906,203),
(4906,242),
(4906,359),
(4906,387),
(4906,388),
(4906,406),
(4906,407),
(4906,408),
(4906,409),
(4907,134),
(4907,414),
(4907,415),
(4907,416),
(4907,928),
(4908,12),
(4908,22),
(4908,155),
(4908,320),
(4908,408),
(4909,12),
(4909,18),
(4909,21),
(4909,62),
(4909,77),
(4909,198),
(4909,246),
(4909,406),
(4909,418),
(4909,419),
(4909,597),
(4911,12),
(4911,15),
(4911,17),
(4911,22),
(4911,88),
(4911,89),
(4911,166),
(4911,421),
(4912,12),
(4912,20),
(4912,22),
(4912,88),
(4912,89),
(4912,90),
(4912,95),
(4912,105),
(4912,142),
(4912,149),
(4912,276),
(4912,422),
(4912,423),
(4912,424),
(4913,22),
(4913,62),
(4913,179),
(4913,276),
(4913,427),
(4914,14),
(4914,73),
(4914,118),
(4914,428),
(4915,12),
(4915,62),
(4915,134),
(4915,198),
(4915,335),
(4915,337),
(4915,429),
(4916,12),
(4916,62),
(4916,105),
(4916,169),
(4916,188),
(4918,12),
(4918,17),
(4918,433),
(4918,434),
(4919,12),
(4919,74),
(4919,85),
(4919,257),
(4919,750),
(4922,12),
(4922,15),
(4922,18),
(4922,19),
(4922,77),
(4922,91),
(4922,100),
(4922,103),
(4922,104),
(4922,105),
(4922,139),
(4922,173),
(4922,202),
(4922,262),
(4922,438),
(4922,439),
(4922,440),
(4922,441),
(4923,12),
(4923,18),
(4923,67),
(4923,81),
(4923,82),
(4923,155),
(4923,159),
(4923,217),
(4923,240),
(4923,312),
(4923,449),
(4923,614),
(4923,779),
(4923,1608),
(4924,251),
(4926,12),
(4926,15),
(4926,17),
(4926,18),
(4926,19),
(4926,20),
(4926,82),
(4926,85),
(4926,86),
(4926,95),
(4926,155),
(4926,309),
(4926,450),
(4926,451),
(4926,452),
(4926,453),
(4926,454),
(4926,455),
(4926,456),
(4926,457),
(4926,458),
(4926,459),
(4926,1054),
(4927,12),
(4927,80),
(4927,111),
(4927,387),
(4927,460),
(4927,461),
(4929,12),
(4930,22),
(4930,105),
(4931,22),
(4932,13),
(4932,21),
(4932,22),
(4932,400),
(4933,20),
(4933,22),
(4933,74),
(4933,372),
(4934,12),
(4934,17),
(4934,21),
(4935,111),
(4935,462),
(4936,18),
(4936,20),
(4936,21),
(4936,179),
(4936,359),
(4936,396),
(4936,463),
(4936,464),
(4937,68),
(4937,111),
(4937,127),
(4937,466),
(4937,468),
(4937,469),
(4938,22),
(4938,82),
(4938,151),
(4938,320),
(4939,12),
(4939,22),
(4940,22),
(4940,62),
(4941,12),
(4941,17),
(4941,21),
(4941,22),
(4941,74),
(4941,80),
(4941,83),
(4941,86),
(4941,88),
(4941,89),
(4941,111),
(4941,145),
(4941,179),
(4941,192),
(4941,264),
(4941,323),
(4941,338),
(4941,382),
(4941,424),
(4941,461),
(4941,470),
(4941,472),
(4941,480),
(4941,1576),
(4942,12),
(4942,17),
(4942,68),
(4942,85),
(4942,97),
(4943,12),
(4943,17),
(4943,23),
(4943,482),
(4944,14),
(4944,22),
(4944,88),
(4944,117),
(4944,146),
(4944,151),
(4944,203),
(4944,486),
(4945,351),
(4946,12),
(4946,19),
(4946,22),
(4946,62),
(4946,155),
(4947,12),
(4947,73),
(4947,86),
(4947,111),
(4947,117),
(4947,490),
(4948,22),
(4948,86),
(4948,482),
(4948,491),
(4950,12),
(4950,62),
(4950,231),
(4950,330),
(4950,400),
(4950,492),
(4951,341),
(4951,372),
(4951,493),
(4951,494),
(4951,495),
(4951,496),
(4951,497),
(4952,14),
(4952,91),
(4952,105),
(4952,498),
(4953,12),
(4953,15),
(4953,17),
(4953,62),
(4953,77),
(4953,166),
(4953,173),
(4953,499),
(4953,500),
(4953,501),
(4953,502),
(4954,17),
(4955,12),
(4955,21),
(4955,22),
(4955,82),
(4955,91),
(4955,95),
(4955,105),
(4955,188),
(4956,14),
(4956,22),
(4956,91),
(4956,320),
(4956,396),
(4956,504),
(4957,12),
(4957,14),
(4957,15),
(4957,18),
(4957,65),
(4957,77),
(4957,86),
(4957,155),
(4957,309),
(4957,327),
(4957,388),
(4957,505),
(4957,506),
(4957,507),
(4958,19),
(4958,127),
(4958,161),
(4958,396),
(4958,449),
(4958,510),
(4958,511),
(4958,513),
(4959,21),
(4959,22),
(4959,73),
(4959,77),
(4959,86),
(4959,102),
(4959,105),
(4959,145),
(4959,173),
(4959,188),
(4959,240),
(4959,395),
(4959,458),
(4959,468),
(4959,514),
(4959,515),
(4962,22),
(4962,84),
(4962,85),
(4962,87),
(4962,283),
(4962,285),
(4963,12),
(4963,14),
(4963,17),
(4963,23),
(4963,88),
(4963,89),
(4963,242),
(4964,22),
(4964,85),
(4964,376),
(4965,12),
(4965,17),
(4965,21),
(4965,198),
(4966,12),
(4966,18),
(4966,68),
(4966,73),
(4966,74),
(4966,77),
(4966,83),
(4966,111),
(4966,117),
(4966,521),
(4967,20),
(4967,22),
(4967,383),
(4968,12),
(4968,14),
(4968,15),
(4968,18),
(4968,21),
(4968,22),
(4968,23),
(4968,86),
(4968,88),
(4968,89),
(4968,91),
(4968,102),
(4968,104),
(4968,150),
(4968,166),
(4968,173),
(4968,185),
(4968,202),
(4968,203),
(4968,213),
(4968,242),
(4968,259),
(4968,262),
(4968,371),
(4968,394),
(4968,424),
(4968,458),
(4968,523),
(4968,524),
(4971,12),
(4971,17),
(4971,18),
(4971,85),
(4971,88),
(4971,89),
(4971,117),
(4971,155),
(4971,323),
(4971,457),
(4972,22),
(4972,88),
(4972,89),
(4972,105),
(4972,117),
(4972,173),
(4974,12),
(4974,62),
(4974,291),
(4974,528),
(4975,21),
(4975,22),
(4975,85),
(4976,17),
(4976,86),
(4976,614),
(4977,19),
(4977,22),
(4977,117),
(4977,151),
(4978,62),
(4978,155),
(4978,531),
(4978,532),
(4978,533),
(4978,534),
(4979,21),
(4979,22),
(4979,77),
(4979,188),
(4979,231),
(4979,240),
(4979,441),
(4979,535),
(4980,12),
(4980,21),
(4980,166),
(4980,179),
(4981,12),
(4981,86),
(4982,12),
(4982,21),
(4982,73),
(4982,330),
(4982,400),
(4983,22),
(4983,73),
(4983,86),
(4983,458),
(4984,13),
(4984,15),
(4984,17),
(4984,18),
(4984,62),
(4984,71),
(4984,117),
(4984,187),
(4984,272),
(4984,408),
(4984,495),
(4984,537),
(4984,538),
(4984,539),
(4985,18),
(4985,21),
(4985,62),
(4985,85),
(4985,453),
(4985,540),
(4985,541),
(4985,542),
(4986,22),
(4986,86),
(4986,163),
(4988,17),
(4988,85),
(4988,118),
(4988,145),
(4988,543),
(4989,17),
(4989,88),
(4989,89),
(4990,85),
(4990,400),
(4990,544),
(4990,614),
(4991,21),
(4991,82),
(4991,104),
(4991,105),
(4991,241),
(4991,543),
(4991,1200),
(4992,62),
(4992,85),
(4992,155),
(4992,231),
(4992,548),
(4993,12),
(4993,17),
(4994,166),
(4995,21),
(4995,22),
(4995,330),
(4995,400),
(4996,376),
(4997,12),
(4997,146),
(4997,173),
(4997,424),
(4997,550),
(4998,21),
(4998,62),
(4998,105),
(4998,179),
(4998,400),
(4998,551),
(4998,554),
(4998,556),
(4999,17),
(4999,21),
(4999,23),
(4999,82),
(4999,105),
(4999,159),
(4999,198),
(4999,202),
(4999,557),
(5000,21),
(5000,534),
(5001,18),
(5001,96),
(5002,12),
(5002,21),
(5002,204),
(5002,351),
(5002,559),
(5003,12),
(5003,73),
(5003,86),
(5003,166),
(5004,12),
(5004,22),
(5005,12),
(5005,22),
(5006,17),
(5006,21),
(5006,22),
(5006,85),
(5007,12),
(5007,17),
(5007,21),
(5007,155),
(5007,245),
(5008,12),
(5008,105),
(5008,111),
(5008,169),
(5008,173),
(5008,188),
(5008,264),
(5008,387),
(5008,562),
(5008,965),
(5009,12),
(5009,17),
(5010,12),
(5010,17),
(5010,21),
(5010,62),
(5010,198),
(5010,565),
(5010,566),
(5011,12),
(5011,88),
(5011,89),
(5012,132),
(5012,330),
(5013,18),
(5013,21),
(5013,198),
(5013,330),
(5013,400),
(5013,570),
(5013,614),
(5013,765),
(5014,12),
(5014,20),
(5014,64),
(5014,387),
(5014,506),
(5016,12),
(5016,13),
(5016,21),
(5016,22),
(5016,88),
(5016,89),
(5016,323),
(5016,458),
(5017,12),
(5017,263),
(5017,289),
(5017,376),
(5017,500),
(5017,575),
(5018,18),
(5018,22),
(5018,62),
(5018,155),
(5019,12),
(5019,18),
(5019,68),
(5019,117),
(5019,155),
(5019,237),
(5019,578),
(5019,580),
(5021,12),
(5021,18),
(5021,800),
(5022,22),
(5022,73),
(5022,582),
(5023,12),
(5023,17),
(5023,18),
(5023,20),
(5023,23),
(5023,77),
(5023,100),
(5023,105),
(5023,161),
(5023,166),
(5023,359),
(5023,583),
(5026,62),
(5026,238),
(5026,400),
(5027,15),
(5027,62),
(5027,139),
(5027,245),
(5027,441),
(5027,585),
(5027,587),
(5027,614),
(5028,12),
(5028,86),
(5028,105),
(5028,173),
(5029,12),
(5029,22),
(5029,85),
(5029,245),
(5029,589),
(5030,12),
(5030,15),
(5030,18),
(5030,19),
(5030,20),
(5030,66),
(5030,82),
(5030,102),
(5030,286),
(5030,590),
(5030,591),
(5030,592),
(5030,595),
(5030,597),
(5030,871),
(5030,1136),
(5031,12),
(5031,91),
(5031,166),
(5031,359),
(5031,614),
(5031,748),
(5031,1057),
(5033,85),
(5033,132),
(5034,12),
(5034,14),
(5034,19),
(5034,22),
(5034,117),
(5034,127),
(5034,320),
(5034,383),
(5034,408),
(5034,603),
(5034,604),
(5034,605),
(5034,606),
(5035,12),
(5035,22),
(5035,86),
(5035,91),
(5035,105),
(5035,175),
(5035,245),
(5035,608),
(5036,17),
(5036,23),
(5036,88),
(5036,89),
(5036,90),
(5036,105),
(5036,148),
(5036,149),
(5036,213),
(5036,609),
(5037,14),
(5037,17),
(5037,168),
(5037,387),
(5037,438),
(5037,610),
(5038,18),
(5038,20),
(5038,139),
(5039,12),
(5039,17),
(5039,21),
(5039,77),
(5039,118),
(5039,179),
(5039,1590),
(5040,17),
(5040,21),
(5040,23),
(5040,105),
(5040,166),
(5040,614),
(5042,213),
(5042,614),
(5043,12),
(5043,19),
(5043,20),
(5043,21),
(5043,86),
(5043,91),
(5043,100),
(5043,104),
(5043,105),
(5043,173),
(5043,236),
(5044,616),
(5045,12),
(5045,15),
(5045,16),
(5045,73),
(5045,105),
(5045,118),
(5045,185),
(5045,213),
(5045,241),
(5045,469),
(5045,617),
(5045,618),
(5045,620),
(5046,62),
(5046,134),
(5046,400),
(5046,621),
(5046,622),
(5046,623),
(5046,624),
(5047,21),
(5047,82),
(5047,88),
(5047,89),
(5047,90),
(5047,95),
(5047,105),
(5047,625),
(5048,62),
(5048,231),
(5048,628),
(5048,629),
(5048,721),
(5049,18),
(5049,86),
(5049,88),
(5049,89),
(5049,119),
(5049,630),
(5050,17),
(5050,82),
(5050,376),
(5050,631),
(5051,12),
(5051,17),
(5051,21),
(5051,85),
(5051,86),
(5052,376),
(5052,633),
(5052,634),
(5052,635),
(5053,13),
(5053,15),
(5053,17),
(5053,73),
(5053,88),
(5053,89),
(5053,90),
(5053,95),
(5053,104),
(5053,111),
(5053,148),
(5053,155),
(5053,159),
(5053,185),
(5053,203),
(5053,317),
(5053,323),
(5053,636),
(5053,638),
(5053,1031),
(5054,376),
(5055,12),
(5055,105),
(5055,240),
(5055,614),
(5055,640),
(5056,22),
(5056,73),
(5056,86),
(5056,88),
(5056,89),
(5056,94),
(5056,105),
(5056,323),
(5056,514),
(5056,643),
(5056,645),
(5056,1192),
(5057,12),
(5058,21),
(5058,169),
(5058,237),
(5058,528),
(5059,12),
(5059,17),
(5059,77),
(5059,86),
(5060,12),
(5060,17),
(5061,12),
(5061,21),
(5061,72),
(5061,85),
(5061,134),
(5061,231),
(5061,245),
(5061,648),
(5061,649),
(5061,650),
(5061,651),
(5061,682),
(5062,12),
(5062,22),
(5062,105),
(5062,145),
(5062,458),
(5062,652),
(5063,22),
(5064,17),
(5064,95),
(5064,150),
(5064,312),
(5065,12),
(5065,18),
(5065,20),
(5065,387),
(5066,68),
(5066,105),
(5066,118),
(5066,155),
(5066,245),
(5066,289),
(5066,653),
(5066,654),
(5067,73),
(5067,213),
(5067,327),
(5068,12),
(5068,19),
(5068,21),
(5068,22),
(5068,88),
(5068,89),
(5068,102),
(5068,111),
(5068,118),
(5068,150),
(5068,155),
(5068,166),
(5069,12),
(5069,62),
(5070,12),
(5070,13),
(5070,22),
(5070,77),
(5070,95),
(5071,12),
(5071,20),
(5071,82),
(5071,205),
(5071,245),
(5071,337),
(5071,364),
(5071,387),
(5071,461),
(5071,657),
(5072,12),
(5072,17),
(5072,18),
(5072,19),
(5072,21),
(5072,62),
(5072,100),
(5072,105),
(5072,203),
(5072,259),
(5072,299),
(5072,440),
(5072,597),
(5073,12),
(5073,18),
(5073,22),
(5073,100),
(5074,12),
(5074,22),
(5074,86),
(5075,12),
(5075,21),
(5075,342),
(5078,20),
(5078,82),
(5078,91),
(5078,146),
(5078,173),
(5078,378),
(5078,387),
(5078,570),
(5080,17),
(5080,272),
(5080,330),
(5080,659),
(5080,660),
(5081,12),
(5081,22),
(5081,82),
(5081,117),
(5081,421),
(5081,661),
(5082,12),
(5082,18),
(5082,77),
(5082,185),
(5082,330),
(5082,662),
(5082,663),
(5082,664),
(5083,155),
(5083,272),
(5083,330),
(5085,17),
(5087,17),
(5087,73),
(5087,82),
(5087,95),
(5087,111),
(5087,213),
(5087,253),
(5087,330),
(5087,665),
(5088,12),
(5088,17),
(5088,111),
(5089,12),
(5089,22),
(5089,73),
(5089,87),
(5089,150),
(5090,12),
(5090,17),
(5090,100),
(5090,189),
(5090,236),
(5090,312),
(5090,668),
(5090,669),
(5090,965),
(5091,12),
(5091,87),
(5091,119),
(5091,145),
(5091,150),
(5091,671),
(5093,12),
(5093,17),
(5093,19),
(5093,77),
(5094,86),
(5094,168),
(5094,672),
(5094,674),
(5094,675),
(5095,12),
(5095,17),
(5095,18),
(5095,22),
(5095,23),
(5095,86),
(5095,88),
(5095,89),
(5095,94),
(5095,100),
(5095,102),
(5095,146),
(5095,148),
(5095,149),
(5095,185),
(5095,203),
(5095,245),
(5095,320),
(5095,342),
(5095,366),
(5095,424),
(5095,614),
(5095,676),
(5095,677),
(5095,679),
(5095,682),
(5095,685),
(5096,12),
(5096,86),
(5096,155),
(5097,12),
(5097,105),
(5097,202),
(5097,231),
(5097,264),
(5098,17),
(5098,22),
(5098,77),
(5098,689),
(5098,690),
(5099,14),
(5099,18),
(5100,21),
(5100,22),
(5100,23),
(5100,77),
(5100,88),
(5100,89),
(5100,90),
(5100,203),
(5100,323),
(5100,427),
(5100,535),
(5101,82),
(5101,117),
(5101,371),
(5101,669),
(5101,696),
(5101,697),
(5101,698),
(5101,699),
(5101,700),
(5101,701),
(5101,702),
(5101,703),
(5101,704),
(5101,705),
(5101,706),
(5101,708),
(5101,709),
(5101,1077),
(5102,85),
(5102,847),
(5103,96),
(5103,458),
(5104,21),
(5104,62),
(5104,198),
(5104,231),
(5104,237),
(5104,304),
(5104,400),
(5104,528),
(5104,652),
(5104,711),
(5104,712),
(5104,714),
(5104,715),
(5104,716),
(5104,717),
(5104,718),
(5104,719),
(5104,720),
(5104,721),
(5104,722),
(5105,614),
(5106,499),
(5106,583),
(5107,12),
(5107,718),
(5108,12),
(5108,14),
(5108,18),
(5108,22),
(5108,73),
(5108,150),
(5108,504),
(5108,726),
(5108,727),
(5108,728),
(5108,729),
(5109,12),
(5109,18),
(5109,19),
(5109,62),
(5109,155),
(5109,231),
(5109,246),
(5109,335),
(5109,375),
(5109,730),
(5109,731),
(5109,732),
(5109,734),
(5110,12),
(5110,21),
(5110,22),
(5110,88),
(5110,89),
(5110,90),
(5111,105),
(5111,173),
(5111,535),
(5111,736),
(5112,21),
(5112,22),
(5112,614),
(5113,21),
(5113,22),
(5114,18),
(5114,22),
(5114,73),
(5114,82),
(5114,88),
(5114,89),
(5114,94),
(5114,150),
(5114,355),
(5114,359),
(5114,400),
(5114,515),
(5114,741),
(5115,73),
(5115,95),
(5115,105),
(5115,213),
(5115,499),
(5116,12),
(5116,73),
(5116,91),
(5116,105),
(5116,240),
(5116,328),
(5116,376),
(5116,720),
(5118,12),
(5118,17),
(5118,19),
(5118,20),
(5118,21),
(5118,62),
(5119,21),
(5119,73),
(5119,77),
(5119,91),
(5119,105),
(5119,284),
(5119,383),
(5119,395),
(5119,515),
(5119,746),
(5119,747),
(5119,748),
(5119,1054),
(5120,12),
(5120,22),
(5121,12),
(5121,20),
(5121,22),
(5121,83),
(5121,91),
(5121,253),
(5121,557),
(5121,750),
(5121,751),
(5122,12),
(5122,17),
(5122,155),
(5123,12),
(5123,242),
(5123,299),
(5124,12),
(5124,17),
(5124,22),
(5124,88),
(5124,89),
(5124,150),
(5124,155),
(5126,752),
(5127,12),
(5127,86),
(5127,232),
(5127,753),
(5127,754),
(5128,12),
(5128,20),
(5128,91),
(5128,105),
(5129,22),
(5129,150),
(5129,193),
(5130,12),
(5130,17),
(5130,66),
(5130,73),
(5130,88),
(5130,89),
(5130,95),
(5130,145),
(5130,155),
(5130,323),
(5130,330),
(5130,760),
(5130,1001),
(5130,1275),
(5131,21),
(5131,119),
(5131,198),
(5131,237),
(5131,482),
(5131,566),
(5131,764),
(5133,18),
(5133,21),
(5133,22),
(5133,150),
(5133,198),
(5133,233),
(5133,246),
(5133,649),
(5133,765),
(5134,12),
(5134,14),
(5134,20),
(5134,22),
(5134,23),
(5134,85),
(5134,88),
(5134,155),
(5134,441),
(5134,768),
(5134,769),
(5134,770),
(5134,771),
(5134,772),
(5134,773),
(5135,22),
(5135,71),
(5135,73),
(5135,117),
(5135,774),
(5135,775),
(5136,12),
(5136,21),
(5136,84),
(5136,86),
(5136,179),
(5136,379),
(5136,777),
(5138,12),
(5138,169),
(5138,189),
(5138,779),
(5138,780),
(5139,614),
(5141,614),
(5141,782),
(5141,783),
(5142,12),
(5142,85),
(5142,614),
(5145,85),
(5145,105),
(5145,468),
(5146,22),
(5146,82),
(5146,86),
(5146,150),
(5146,155),
(5147,238),
(5147,291),
(5147,787),
(5147,788),
(5147,789),
(5148,12),
(5148,17),
(5148,62),
(5148,155),
(5148,330),
(5148,956),
(5149,614),
(5151,22),
(5151,91),
(5151,320),
(5152,12),
(5152,20),
(5152,62),
(5152,408),
(5152,528),
(5152,793),
(5156,14),
(5156,119),
(5156,330),
(5158,73),
(5158,299),
(5158,772),
(5158,794),
(5159,14),
(5159,119),
(5159,330),
(5160,12),
(5160,21),
(5160,22),
(5160,1056),
(5161,12),
(5161,62),
(5161,134),
(5161,155),
(5161,400),
(5161,528),
(5162,12),
(5163,17),
(5163,105),
(5163,198),
(5164,20),
(5164,22),
(5164,145),
(5165,12),
(5165,17),
(5165,86),
(5166,12),
(5166,22),
(5166,77),
(5166,320),
(5167,12),
(5167,17),
(5167,19),
(5167,20),
(5167,86),
(5167,105),
(5167,262),
(5167,769),
(5167,797),
(5167,798),
(5168,14),
(5168,17),
(5168,22),
(5168,95),
(5168,383),
(5168,570),
(5168,605),
(5168,799),
(5169,21),
(5169,22),
(5169,82),
(5169,86),
(5169,151),
(5170,17),
(5172,91),
(5172,105),
(5173,12),
(5173,96),
(5173,245),
(5173,800),
(5174,86),
(5175,22),
(5175,73),
(5176,105),
(5176,188),
(5176,378),
(5177,105),
(5177,146),
(5177,166),
(5177,264),
(5178,13),
(5178,14),
(5178,15),
(5178,16),
(5178,19),
(5178,20),
(5178,21),
(5178,22),
(5178,77),
(5178,88),
(5178,89),
(5178,100),
(5178,106),
(5178,118),
(5178,149),
(5178,151),
(5178,166),
(5178,173),
(5178,203),
(5178,300),
(5178,323),
(5178,387),
(5178,491),
(5178,636),
(5178,669),
(5178,682),
(5178,701),
(5178,705),
(5178,801),
(5178,802),
(5178,804),
(5178,805),
(5178,808),
(5178,810),
(5178,812),
(5178,813),
(5178,815),
(5179,17),
(5179,95),
(5179,521),
(5179,816),
(5180,13),
(5180,21),
(5180,62),
(5180,134),
(5180,155),
(5180,236),
(5180,289),
(5181,13),
(5181,22),
(5181,82),
(5181,86),
(5181,88),
(5181,89),
(5181,90),
(5181,100),
(5181,105),
(5181,117),
(5181,146),
(5181,213),
(5181,231),
(5181,323),
(5181,429),
(5181,818),
(5181,820),
(5181,821),
(5181,822),
(5182,17),
(5182,18),
(5182,85),
(5182,161),
(5182,240),
(5182,400),
(5182,406),
(5183,22),
(5183,73),
(5183,320),
(5184,14),
(5184,17),
(5184,86),
(5184,515),
(5185,12),
(5185,22),
(5185,185),
(5185,421),
(5185,825),
(5185,1586),
(5186,17),
(5186,71),
(5186,77),
(5186,85),
(5186,145),
(5186,387),
(5186,538),
(5186,660),
(5187,12),
(5187,155),
(5187,231),
(5187,253),
(5189,21),
(5189,22),
(5190,14),
(5190,16),
(5190,17),
(5190,86),
(5190,105),
(5192,12),
(5192,21),
(5192,22),
(5192,85),
(5192,104),
(5192,117),
(5192,155),
(5192,384),
(5192,457),
(5192,614),
(5193,13),
(5193,23),
(5193,159),
(5193,617),
(5193,830),
(5194,12),
(5194,62),
(5195,22),
(5195,88),
(5195,89),
(5195,90),
(5195,149),
(5195,202),
(5195,364),
(5195,421),
(5195,831),
(5195,832),
(5195,834),
(5196,12),
(5196,17),
(5196,18),
(5196,19),
(5196,20),
(5196,161),
(5196,835),
(5196,836),
(5196,837),
(5196,838),
(5197,22),
(5197,111),
(5197,132),
(5197,400),
(5197,840),
(5197,841),
(5198,12),
(5198,62),
(5198,169),
(5198,387),
(5200,21),
(5200,198),
(5200,843),
(5201,95),
(5202,18),
(5202,20),
(5202,21),
(5202,22),
(5202,167),
(5202,506),
(5202,565),
(5202,845),
(5203,17),
(5203,846),
(5205,22),
(5205,88),
(5205,89),
(5205,323),
(5205,636),
(5206,847),
(5207,21),
(5207,22),
(5207,88),
(5207,89),
(5207,188),
(5207,376),
(5208,21),
(5208,22),
(5208,95),
(5208,119),
(5208,849),
(5209,21),
(5209,62),
(5210,12),
(5210,15),
(5210,428),
(5210,852),
(5211,22),
(5211,88),
(5211,89),
(5211,150),
(5211,421),
(5212,23),
(5212,179),
(5213,383),
(5213,506),
(5214,105),
(5214,155),
(5214,231),
(5214,855),
(5215,22),
(5215,319),
(5215,857),
(5215,858),
(5216,12),
(5216,20),
(5216,22),
(5216,88),
(5216,89),
(5216,94),
(5216,95),
(5216,202),
(5216,400),
(5216,860),
(5217,17),
(5217,21),
(5217,73),
(5217,146),
(5219,12),
(5219,86),
(5219,127),
(5219,202),
(5220,12),
(5220,23),
(5220,105),
(5220,179),
(5220,198),
(5220,245),
(5220,565),
(5222,396),
(5223,12),
(5224,12),
(5224,14),
(5224,18),
(5224,21),
(5224,85),
(5224,205),
(5225,22),
(5225,233),
(5225,355),
(5226,12),
(5226,73),
(5226,86),
(5226,614),
(5226,682),
(5227,12),
(5227,21),
(5228,12),
(5228,14),
(5228,62),
(5228,111),
(5228,166),
(5228,310),
(5228,387),
(5228,794),
(5228,868),
(5230,12),
(5230,870),
(5231,12),
(5231,458),
(5231,871),
(5232,194),
(5232,263),
(5232,873),
(5233,12),
(5233,166),
(5233,262),
(5233,359),
(5233,535),
(5233,874),
(5233,875),
(5233,876),
(5233,877),
(5233,878),
(5234,12),
(5234,22),
(5234,86),
(5234,843),
(5235,12),
(5235,19),
(5235,20),
(5235,22),
(5235,82),
(5235,86),
(5235,91),
(5235,105),
(5235,111),
(5235,161),
(5235,169),
(5235,202),
(5235,310),
(5236,12),
(5236,21),
(5236,22),
(5237,12),
(5237,18),
(5237,155),
(5237,523),
(5238,12),
(5238,355),
(5238,506),
(5238,540),
(5238,882),
(5239,105),
(5239,119),
(5239,883),
(5241,85),
(5241,449),
(5241,884),
(5241,885),
(5242,18),
(5242,86),
(5242,100),
(5242,203),
(5244,12),
(5244,62),
(5244,155),
(5244,242),
(5245,21),
(5245,22),
(5245,86),
(5245,150),
(5245,151),
(5245,202),
(5245,1335),
(5246,12),
(5246,17),
(5246,19),
(5246,73),
(5246,188),
(5246,203),
(5246,245),
(5246,458),
(5246,888),
(5249,22),
(5249,99),
(5249,194),
(5250,22),
(5250,1200),
(5251,12),
(5251,17),
(5251,21),
(5251,84),
(5251,85),
(5251,421),
(5251,889),
(5251,890),
(5252,62),
(5252,134),
(5252,891),
(5252,892),
(5253,12),
(5253,77),
(5254,22),
(5254,85),
(5255,12),
(5255,17),
(5255,19),
(5255,21),
(5255,77),
(5255,86),
(5255,895),
(5257,12),
(5257,20),
(5257,86),
(5257,119),
(5258,12),
(5258,13),
(5258,20),
(5258,22),
(5258,97),
(5258,161),
(5258,299),
(5258,377),
(5258,606),
(5258,793),
(5258,896),
(5260,12),
(5260,20),
(5260,91),
(5260,105),
(5261,21),
(5262,62),
(5262,134),
(5262,233),
(5262,335),
(5263,12),
(5263,17),
(5263,20),
(5263,150),
(5263,173),
(5264,22),
(5264,330),
(5265,17),
(5266,12),
(5266,21),
(5266,73),
(5266,193),
(5266,899),
(5266,900),
(5267,22),
(5267,150),
(5267,283),
(5267,284),
(5267,636),
(5267,793),
(5268,17),
(5268,105),
(5268,253),
(5268,330),
(5268,400),
(5268,514),
(5268,902),
(5269,22),
(5269,86),
(5271,12),
(5271,17),
(5271,21),
(5271,400),
(5274,17),
(5274,18),
(5274,73),
(5274,77),
(5274,86),
(5274,173),
(5274,240),
(5274,327),
(5274,342),
(5274,408),
(5274,566),
(5274,904),
(5275,12),
(5275,62),
(5275,541),
(5275,905),
(5275,906),
(5276,12),
(5276,21),
(5276,117),
(5276,186),
(5276,198),
(5276,236),
(5277,22),
(5277,86),
(5277,1586),
(5278,12),
(5278,17),
(5278,18),
(5278,20),
(5278,23),
(5278,85),
(5278,376),
(5278,838),
(5279,19),
(5279,21),
(5279,82),
(5279,86),
(5280,12),
(5280,17),
(5280,62),
(5280,68),
(5280,155),
(5280,203),
(5280,910),
(5281,12),
(5281,21),
(5281,188),
(5281,427),
(5282,17),
(5282,159),
(5282,501),
(5283,12),
(5283,17),
(5283,22),
(5283,62),
(5284,21),
(5286,13),
(5286,22),
(5286,71),
(5286,88),
(5286,89),
(5286,100),
(5286,148),
(5286,149),
(5286,185),
(5286,202),
(5286,323),
(5286,421),
(5286,424),
(5286,605),
(5286,636),
(5286,797),
(5286,912),
(5286,913),
(5287,21),
(5287,118),
(5287,194),
(5287,915),
(5289,22),
(5289,231),
(5289,246),
(5290,12),
(5290,17),
(5290,18),
(5290,66),
(5290,105),
(5290,118),
(5290,264),
(5290,618),
(5290,662),
(5290,918),
(5291,12),
(5291,20),
(5291,21),
(5291,118),
(5291,253),
(5291,528),
(5291,919),
(5292,21),
(5292,22),
(5292,23),
(5292,179),
(5292,245),
(5292,376),
(5294,22),
(5295,12),
(5295,62),
(5295,85),
(5295,91),
(5295,155),
(5295,245),
(5295,923),
(5295,924),
(5295,925),
(5296,17),
(5296,21),
(5296,23),
(5296,89),
(5296,245),
(5296,351),
(5296,355),
(5297,12),
(5298,88),
(5298,89),
(5298,323),
(5298,338),
(5298,429),
(5298,624),
(5298,799),
(5298,927),
(5298,928),
(5298,929),
(5298,1607),
(5299,12),
(5299,22),
(5299,73),
(5299,86),
(5300,12),
(5300,62),
(5300,930),
(5301,12),
(5301,22),
(5301,931),
(5302,12),
(5303,12),
(5303,22),
(5303,86),
(5303,895),
(5304,12),
(5304,22),
(5304,82),
(5305,21),
(5305,22),
(5305,84),
(5305,85),
(5305,119),
(5305,146),
(5305,213),
(5305,337),
(5305,453),
(5305,557),
(5305,660),
(5305,671),
(5305,721),
(5305,933),
(5305,934),
(5305,935),
(5305,936),
(5305,937),
(5305,938),
(5305,939),
(5305,940),
(5305,941),
(5305,943),
(5305,944),
(5305,945),
(5305,947),
(5305,948),
(5305,1054),
(5305,1353),
(5305,1603),
(5306,21),
(5306,22),
(5306,400),
(5306,816),
(5307,12),
(5307,20),
(5307,22),
(5307,166),
(5307,950),
(5308,12),
(5308,14),
(5308,17),
(5308,18),
(5308,105),
(5308,117),
(5308,173),
(5308,203),
(5308,424),
(5308,429),
(5308,799),
(5308,951),
(5308,952),
(5309,12),
(5309,22),
(5309,62),
(5309,953),
(5310,12),
(5310,105),
(5311,12),
(5311,82),
(5311,86),
(5311,118),
(5311,312),
(5312,12),
(5312,17),
(5312,18),
(5312,91),
(5312,102),
(5312,155),
(5312,578),
(5312,956),
(5312,957),
(5312,958),
(5313,14),
(5313,17),
(5313,21),
(5313,22),
(5313,73),
(5313,88),
(5313,89),
(5313,105),
(5313,150),
(5313,151),
(5313,166),
(5313,323),
(5313,554),
(5313,578),
(5314,12),
(5314,18),
(5314,20),
(5314,82),
(5314,145),
(5314,202),
(5314,203),
(5314,960),
(5314,961),
(5314,962),
(5316,12),
(5316,62),
(5316,86),
(5316,621),
(5316,963),
(5317,12),
(5317,21),
(5317,95),
(5317,105),
(5317,965),
(5318,12),
(5318,20),
(5318,86),
(5318,169),
(5318,295),
(5318,409),
(5318,682),
(5319,12),
(5319,231),
(5319,966),
(5320,12),
(5320,17),
(5320,19),
(5320,421),
(5321,18),
(5321,21),
(5321,82),
(5321,101),
(5321,139),
(5321,251),
(5321,538),
(5321,699),
(5321,780),
(5321,968),
(5321,969),
(5321,970),
(5321,971),
(5321,973),
(5322,17),
(5322,18),
(5322,23),
(5322,974),
(5323,21),
(5323,95),
(5323,142),
(5323,257),
(5323,505),
(5323,690),
(5324,21),
(5324,23),
(5324,64),
(5324,86),
(5324,91),
(5324,118),
(5324,375),
(5325,12),
(5325,18),
(5325,21),
(5325,66),
(5325,88),
(5325,94),
(5325,146),
(5325,179),
(5325,317),
(5325,406),
(5325,603),
(5325,614),
(5325,702),
(5325,705),
(5325,770),
(5325,977),
(5325,980),
(5325,981),
(5325,984),
(5325,985),
(5325,986),
(5326,12),
(5326,15),
(5326,18),
(5326,70),
(5326,86),
(5326,95),
(5326,104),
(5326,117),
(5326,159),
(5326,242),
(5326,341),
(5326,459),
(5326,810),
(5326,988),
(5326,989),
(5326,990),
(5327,12),
(5327,17),
(5327,117),
(5327,155),
(5327,169),
(5327,597),
(5327,875),
(5328,12),
(5328,14),
(5328,20),
(5328,21),
(5330,17),
(5330,88),
(5330,89),
(5330,378),
(5330,1586),
(5331,86),
(5331,100),
(5331,342),
(5332,12),
(5332,14),
(5332,21),
(5332,85),
(5332,86),
(5332,91),
(5332,132),
(5332,179),
(5332,188),
(5332,265),
(5332,330),
(5332,384),
(5332,415),
(5332,597),
(5332,727),
(5332,993),
(5332,997),
(5333,12),
(5333,22),
(5333,88),
(5333,89),
(5333,166),
(5333,231),
(5334,85),
(5335,12),
(5335,19),
(5335,22),
(5335,73),
(5335,90),
(5335,111),
(5335,150),
(5335,151),
(5335,166),
(5335,272),
(5335,308),
(5335,396),
(5336,73),
(5336,497),
(5336,506),
(5336,606),
(5336,1001),
(5339,22),
(5339,150),
(5340,12),
(5340,159),
(5340,299),
(5340,330),
(5340,1002),
(5340,1003),
(5340,1054),
(5341,12),
(5341,22),
(5341,62),
(5341,111),
(5341,155),
(5341,231),
(5341,535),
(5341,624),
(5341,1004),
(5342,12),
(5342,14),
(5342,21),
(5342,80),
(5342,104),
(5342,166),
(5342,193),
(5342,376),
(5342,1005),
(5343,12),
(5343,17),
(5343,21),
(5343,22),
(5343,23),
(5343,73),
(5343,82),
(5343,86),
(5343,88),
(5343,89),
(5343,105),
(5343,188),
(5343,378),
(5343,395),
(5343,515),
(5343,575),
(5343,682),
(5343,700),
(5343,816),
(5343,965),
(5343,1006),
(5343,1008),
(5343,1010),
(5343,1011),
(5343,1013),
(5344,12),
(5344,22),
(5344,73),
(5344,85),
(5344,119),
(5344,203),
(5345,22),
(5345,150),
(5345,245),
(5346,81),
(5346,82),
(5346,111),
(5346,134),
(5346,614),
(5346,1601),
(5346,1602),
(5347,12),
(5347,21),
(5347,22),
(5348,91),
(5348,119),
(5348,146),
(5348,378),
(5348,662),
(5348,1017),
(5348,1018),
(5348,1019),
(5350,20),
(5350,22),
(5350,89),
(5350,95),
(5350,102),
(5350,106),
(5350,149),
(5350,203),
(5350,296),
(5350,371),
(5350,424),
(5350,662),
(5350,1020),
(5350,1021),
(5350,1022),
(5350,1023),
(5350,1024),
(5351,22),
(5351,62),
(5351,193),
(5351,330),
(5352,21),
(5352,85),
(5352,1028),
(5353,12),
(5353,17),
(5353,20),
(5353,66),
(5353,80),
(5353,82),
(5353,117),
(5353,150),
(5353,202),
(5353,220),
(5353,751),
(5354,12),
(5354,22),
(5354,151),
(5354,320),
(5354,636),
(5354,1029),
(5354,1031),
(5356,22),
(5357,91),
(5358,22),
(5358,86),
(5358,150),
(5359,12),
(5359,18),
(5359,73),
(5360,22),
(5362,12),
(5362,18),
(5362,20),
(5362,166),
(5362,232),
(5362,896),
(5363,12),
(5363,22),
(5363,86),
(5363,421),
(5364,18),
(5364,22),
(5364,387),
(5364,871),
(5364,1033),
(5364,1034),
(5364,1035),
(5365,17),
(5365,21),
(5365,22),
(5365,86),
(5365,88),
(5365,89),
(5365,100),
(5365,119),
(5365,150),
(5365,168),
(5365,342),
(5365,351),
(5365,727),
(5365,1036),
(5367,12),
(5367,17),
(5367,22),
(5367,1039),
(5369,12),
(5369,18),
(5369,74),
(5369,139),
(5369,166),
(5369,194),
(5369,830),
(5369,1040),
(5369,1041),
(5370,22),
(5370,253),
(5370,330),
(5370,400),
(5370,1042),
(5371,85),
(5371,203),
(5371,424),
(5371,534),
(5372,12),
(5372,17),
(5372,62),
(5372,85),
(5372,155),
(5372,330),
(5372,400),
(5372,408),
(5372,652),
(5372,1045),
(5372,1586),
(5373,13),
(5373,86),
(5373,618),
(5373,1046),
(5373,1047),
(5373,1048),
(5373,1049),
(5373,1050),
(5373,1051),
(5374,14),
(5374,19),
(5374,86),
(5374,614),
(5375,91),
(5375,372),
(5375,1053),
(5376,12),
(5376,21),
(5376,23),
(5376,73),
(5376,74),
(5376,88),
(5376,89),
(5376,119),
(5376,169),
(5376,359),
(5376,1054),
(5377,12),
(5377,17),
(5377,22),
(5377,88),
(5377,89),
(5377,245),
(5377,421),
(5377,504),
(5377,1056),
(5377,1057),
(5378,12),
(5378,14),
(5378,21),
(5378,105),
(5378,424),
(5379,17),
(5379,557),
(5381,12),
(5381,20),
(5382,21),
(5382,166),
(5382,198),
(5382,237),
(5382,400),
(5383,12),
(5383,21),
(5383,62),
(5384,12),
(5384,86),
(5384,272),
(5385,18),
(5385,20),
(5385,118),
(5386,12),
(5386,17),
(5386,21),
(5386,86),
(5386,150),
(5388,17),
(5388,21),
(5388,73),
(5388,245),
(5389,231),
(5389,614),
(5390,12),
(5391,12),
(5391,21),
(5391,22),
(5392,14),
(5392,17),
(5392,21),
(5392,188),
(5392,193),
(5392,203),
(5392,337),
(5392,769),
(5393,21),
(5393,166),
(5393,179),
(5393,1064),
(5394,12),
(5394,14),
(5394,19),
(5394,23),
(5394,88),
(5394,89),
(5394,150),
(5394,155),
(5394,1065),
(5395,22),
(5395,119),
(5396,12),
(5396,22),
(5396,285),
(5396,614),
(5397,12),
(5397,86),
(5397,342),
(5398,20),
(5398,77),
(5398,240),
(5398,441),
(5398,1067),
(5398,1068),
(5398,1069),
(5399,62),
(5399,231),
(5399,330),
(5399,715),
(5400,21),
(5400,194),
(5400,918),
(5401,22),
(5401,82),
(5401,88),
(5401,89),
(5401,90),
(5401,117),
(5401,203),
(5401,280),
(5401,323),
(5401,376),
(5401,636),
(5401,1073),
(5401,1074),
(5401,1075),
(5401,1076),
(5401,1077),
(5402,12),
(5402,22),
(5402,73),
(5402,80),
(5402,85),
(5402,111),
(5402,159),
(5402,1078),
(5402,1079),
(5403,17),
(5403,18),
(5403,23),
(5403,73),
(5403,88),
(5403,89),
(5403,185),
(5403,458),
(5403,1081),
(5404,12),
(5404,17),
(5404,19),
(5404,21),
(5404,77),
(5404,104),
(5404,240),
(5404,306),
(5404,387),
(5404,424),
(5404,499),
(5405,17),
(5405,88),
(5405,89),
(5405,323),
(5406,22),
(5406,179),
(5406,253),
(5406,400),
(5406,751),
(5407,17),
(5407,18),
(5407,23),
(5407,464),
(5407,661),
(5408,12),
(5408,17),
(5408,21),
(5408,535),
(5409,17),
(5409,20),
(5409,88),
(5409,89),
(5409,94),
(5409,118),
(5410,12),
(5410,17),
(5410,372),
(5411,22),
(5411,105),
(5411,146),
(5411,173),
(5412,12),
(5412,17),
(5412,22),
(5412,320),
(5412,884),
(5413,13),
(5413,17),
(5413,86),
(5413,88),
(5413,89),
(5414,12),
(5414,18),
(5414,62),
(5414,68),
(5414,86),
(5414,155),
(5414,166),
(5414,408),
(5414,578),
(5414,1088),
(5414,1090),
(5415,12),
(5415,21),
(5415,372),
(5415,633),
(5416,12),
(5416,17),
(5416,22),
(5416,77),
(5417,12),
(5417,17),
(5417,19),
(5417,62),
(5417,111),
(5417,155),
(5417,956),
(5417,1091),
(5418,12),
(5418,14),
(5418,18),
(5418,155),
(5418,847),
(5419,12),
(5419,17),
(5419,21),
(5419,117),
(5420,12),
(5420,17),
(5420,82),
(5420,86),
(5420,188),
(5420,203),
(5420,330),
(5420,603),
(5420,682),
(5420,769),
(5420,958),
(5421,12),
(5421,22),
(5421,73),
(5421,86),
(5421,729),
(5422,17),
(5423,21),
(5423,22),
(5423,638),
(5424,12),
(5424,22),
(5424,320),
(5425,1095),
(5427,17),
(5428,12),
(5428,17),
(5428,18),
(5428,145),
(5428,155),
(5428,169),
(5428,231),
(5428,1001),
(5429,12),
(5429,15),
(5429,19),
(5429,20),
(5429,155),
(5429,383),
(5429,457),
(5429,458),
(5429,597),
(5429,960),
(5429,1097),
(5429,1098),
(5430,155),
(5431,12),
(5431,22),
(5431,77),
(5431,400),
(5432,18),
(5432,155),
(5433,12),
(5433,19),
(5433,21),
(5433,22),
(5433,77),
(5433,86),
(5433,166),
(5433,213),
(5433,320),
(5433,1099),
(5436,22),
(5436,88),
(5436,89),
(5437,12),
(5437,21),
(5437,218),
(5437,330),
(5438,12),
(5438,62),
(5438,1095),
(5439,12),
(5440,22),
(5440,150),
(5440,276),
(5440,1102),
(5441,12),
(5441,21),
(5441,22),
(5441,111),
(5441,372),
(5442,372),
(5443,12),
(5443,119),
(5443,1105),
(5444,21),
(5444,65),
(5444,73),
(5444,105),
(5444,232),
(5444,335),
(5444,1106),
(5445,12),
(5445,18),
(5445,22),
(5445,1107),
(5446,12),
(5446,17),
(5446,18),
(5446,20),
(5446,117),
(5446,145),
(5446,237),
(5446,504),
(5446,513),
(5446,597),
(5449,17),
(5449,19),
(5449,20),
(5449,72),
(5449,82),
(5449,88),
(5449,89),
(5449,94),
(5449,97),
(5449,100),
(5449,102),
(5449,139),
(5449,148),
(5449,300),
(5449,308),
(5449,1110),
(5449,1111),
(5449,1112),
(5451,12),
(5451,22),
(5451,86),
(5451,132),
(5451,188),
(5451,424),
(5451,1113),
(5452,12),
(5452,22),
(5452,105),
(5452,188),
(5452,330),
(5452,371),
(5452,1039),
(5453,12),
(5454,14),
(5454,21),
(5454,146),
(5454,330),
(5455,12),
(5455,73),
(5455,84),
(5455,85),
(5455,111),
(5455,119),
(5455,155),
(5455,167),
(5455,187),
(5455,240),
(5455,253),
(5455,330),
(5455,366),
(5455,424),
(5455,1117),
(5455,1119),
(5456,13),
(5456,22),
(5456,82),
(5456,88),
(5456,89),
(5456,100),
(5456,309),
(5456,320),
(5456,323),
(5456,387),
(5456,396),
(5458,20),
(5458,22),
(5458,105),
(5458,397),
(5459,12),
(5459,21),
(5459,22),
(5459,151),
(5459,456),
(5460,12),
(5460,62),
(5460,330),
(5460,1127),
(5461,12),
(5461,22),
(5461,62),
(5461,82),
(5461,111),
(5461,361),
(5462,12),
(5462,21),
(5462,62),
(5462,86),
(5462,142),
(5462,342),
(5464,12),
(5464,14),
(5464,22),
(5464,89),
(5464,94),
(5464,148),
(5464,150),
(5464,1129),
(5465,21),
(5465,62),
(5465,155),
(5465,198),
(5465,1131),
(5465,1132),
(5466,12),
(5466,91),
(5466,105),
(5467,21),
(5467,105),
(5467,198),
(5467,237),
(5468,22),
(5468,88),
(5468,89),
(5468,320),
(5469,21),
(5469,22),
(5469,86),
(5469,614),
(5469,1133),
(5470,22),
(5470,23),
(5470,88),
(5470,89),
(5470,148),
(5470,151),
(5470,202),
(5470,320),
(5470,323),
(5470,636),
(5470,1136),
(5471,12),
(5471,105),
(5471,427),
(5473,12),
(5473,13),
(5473,17),
(5473,21),
(5473,86),
(5473,105),
(5473,166),
(5473,173),
(5473,557),
(5474,22),
(5474,73),
(5474,86),
(5474,355),
(5475,14),
(5475,19),
(5475,100),
(5475,146),
(5475,203),
(5475,309),
(5475,497),
(5475,706),
(5475,1138),
(5476,12),
(5476,21),
(5476,22),
(5476,71),
(5476,105),
(5476,245),
(5476,682),
(5476,1140),
(5477,17),
(5477,88),
(5477,89),
(5477,117),
(5477,146),
(5477,383),
(5477,822),
(5478,12),
(5478,17),
(5478,102),
(5479,12),
(5479,22),
(5479,1143),
(5480,20),
(5480,22),
(5480,77),
(5480,89),
(5480,94),
(5480,111),
(5480,150),
(5480,173),
(5480,203),
(5480,320),
(5480,338),
(5480,342),
(5480,424),
(5480,636),
(5480,661),
(5480,977),
(5480,1144),
(5480,1145),
(5480,1147),
(5480,1356),
(5481,22),
(5481,621),
(5482,12),
(5482,20),
(5482,22),
(5482,173),
(5482,355),
(5482,554),
(5483,111),
(5483,231),
(5483,464),
(5484,17),
(5484,188),
(5484,1153),
(5485,12),
(5485,73),
(5485,85),
(5485,272),
(5485,847),
(5486,22),
(5486,159),
(5487,17),
(5487,21),
(5487,585),
(5488,12),
(5488,17),
(5488,150),
(5490,22),
(5491,12),
(5491,22),
(5495,62),
(5495,73),
(5495,1154),
(5496,21),
(5496,22),
(5496,245),
(5496,514),
(5496,614),
(5497,22),
(5497,330),
(5497,400),
(5497,1157),
(5498,12),
(5499,22),
(5500,22),
(5500,150),
(5500,320),
(5500,895),
(5501,12),
(5501,20),
(5501,21),
(5501,74),
(5501,155),
(5501,198),
(5501,203),
(5501,280),
(5501,309),
(5501,384),
(5501,388),
(5502,12),
(5502,17),
(5502,22),
(5502,105),
(5502,161),
(5502,188),
(5502,1159),
(5503,21),
(5503,22),
(5504,12),
(5504,21),
(5504,105),
(5504,400),
(5504,891),
(5505,12),
(5505,74),
(5505,86),
(5505,105),
(5506,22),
(5506,376),
(5507,91),
(5507,161),
(5507,458),
(5508,22),
(5508,86),
(5508,1161),
(5508,1162),
(5509,105),
(5509,166),
(5510,22),
(5510,1163),
(5511,14),
(5511,19),
(5511,22),
(5511,95),
(5511,146),
(5511,151),
(5511,400),
(5511,418),
(5511,679),
(5511,702),
(5511,705),
(5511,769),
(5511,1169),
(5511,1335),
(5512,17),
(5512,194),
(5512,203),
(5512,597),
(5512,970),
(5513,17),
(5513,119),
(5513,145),
(5513,166),
(5513,457),
(5514,12),
(5514,13),
(5514,17),
(5514,18),
(5514,82),
(5514,88),
(5514,89),
(5514,90),
(5514,95),
(5514,118),
(5514,185),
(5514,251),
(5514,515),
(5514,800),
(5515,12),
(5515,22),
(5515,150),
(5516,16),
(5516,21),
(5516,22),
(5516,86),
(5516,104),
(5516,117),
(5516,682),
(5516,1010),
(5516,1171),
(5517,12),
(5517,23),
(5517,82),
(5517,424),
(5518,62),
(5519,22),
(5519,23),
(5519,83),
(5519,291),
(5519,338),
(5519,1172),
(5523,1173),
(5524,22),
(5524,86),
(5524,151),
(5526,12),
(5526,17),
(5526,86),
(5526,104),
(5526,367),
(5526,378),
(5526,729),
(5527,21),
(5527,85),
(5527,253),
(5528,1176),
(5529,1176),
(5530,17),
(5530,18),
(5530,19),
(5530,80),
(5530,86),
(5530,272),
(5530,372),
(5530,557),
(5530,565),
(5530,952),
(5530,1177),
(5530,1178),
(5530,1179),
(5530,1180),
(5531,62),
(5531,1182),
(5532,22),
(5533,14),
(5533,17),
(5533,86),
(5533,88),
(5533,89),
(5533,100),
(5533,119),
(5533,127),
(5533,145),
(5533,150),
(5533,408),
(5533,453),
(5533,597),
(5533,1183),
(5535,12),
(5535,118),
(5536,12),
(5536,13),
(5536,17),
(5536,19),
(5536,21),
(5536,22),
(5536,77),
(5536,117),
(5536,159),
(5536,387),
(5536,440),
(5536,515),
(5536,682),
(5536,1054),
(5536,1185),
(5537,86),
(5537,371),
(5537,682),
(5537,1186),
(5540,22),
(5541,1011),
(5542,12),
(5542,17),
(5543,17),
(5543,73),
(5543,194),
(5543,816),
(5544,13),
(5544,19),
(5544,21),
(5544,88),
(5544,90),
(5544,95),
(5544,118),
(5544,213),
(5544,242),
(5544,323),
(5544,463),
(5544,535),
(5544,701),
(5544,1189),
(5545,12),
(5545,21),
(5545,22),
(5545,86),
(5545,427),
(5545,1382),
(5546,14),
(5546,17),
(5546,21),
(5546,95),
(5546,161),
(5546,240),
(5547,21),
(5548,14),
(5548,21),
(5548,22),
(5548,231),
(5548,421),
(5548,1565),
(5549,12),
(5549,18),
(5549,335),
(5549,387),
(5550,20),
(5550,21),
(5550,232),
(5550,566),
(5550,1192),
(5550,1193),
(5550,1194),
(5551,12),
(5551,21),
(5551,62),
(5551,198),
(5551,408),
(5551,557),
(5551,965),
(5552,12),
(5552,90),
(5552,231),
(5552,238),
(5555,12),
(5556,19),
(5556,21),
(5556,542),
(5556,597),
(5556,614),
(5557,155),
(5557,179),
(5557,528),
(5558,12),
(5558,13),
(5558,88),
(5558,89),
(5558,95),
(5558,111),
(5558,117),
(5558,119),
(5558,387),
(5558,1200),
(5559,12),
(5559,1041),
(5560,13),
(5560,15),
(5560,18),
(5560,19),
(5560,20),
(5560,22),
(5560,117),
(5560,167),
(5560,243),
(5560,351),
(5560,387),
(5560,727),
(5560,1202),
(5560,1203),
(5560,1604),
(5561,18),
(5561,66),
(5561,83),
(5561,319),
(5561,614),
(5561,838),
(5561,1206),
(5562,12),
(5562,100),
(5562,155),
(5562,245),
(5562,614),
(5562,1208),
(5562,1209),
(5563,62),
(5563,77),
(5563,82),
(5563,111),
(5563,253),
(5563,276),
(5563,847),
(5565,14),
(5565,15),
(5565,21),
(5565,22),
(5565,88),
(5565,89),
(5565,105),
(5565,323),
(5565,421),
(5565,777),
(5566,12),
(5566,17),
(5566,21),
(5566,62),
(5566,64),
(5566,67),
(5566,166),
(5566,198),
(5566,262),
(5567,12),
(5567,21),
(5567,82),
(5567,204),
(5567,515),
(5567,605),
(5569,12),
(5569,73),
(5569,86),
(5569,146),
(5569,173),
(5569,202),
(5569,458),
(5569,557),
(5569,1068),
(5570,21),
(5570,22),
(5570,23),
(5570,88),
(5570,89),
(5570,203),
(5570,323),
(5571,12),
(5571,22),
(5571,231),
(5571,970),
(5573,17),
(5573,20),
(5573,21),
(5573,62),
(5573,155),
(5573,198),
(5573,237),
(5573,300),
(5573,542),
(5573,614),
(5573,1217),
(5574,19),
(5574,21),
(5574,77),
(5574,86),
(5576,22),
(5576,150),
(5577,12),
(5577,82),
(5577,86),
(5578,21),
(5578,62),
(5578,86),
(5578,88),
(5578,89),
(5578,90),
(5578,100),
(5578,217),
(5578,464),
(5578,497),
(5578,980),
(5578,1221),
(5578,1445),
(5579,1224),
(5580,12),
(5580,17),
(5580,18),
(5580,82),
(5580,118),
(5580,1225),
(5581,12),
(5581,20),
(5581,118),
(5581,173),
(5581,1226),
(5583,18),
(5583,22),
(5583,117),
(5583,150),
(5583,1228),
(5583,1229),
(5583,1230),
(5584,17),
(5584,73),
(5584,86),
(5584,146),
(5584,458),
(5585,17),
(5585,86),
(5585,88),
(5585,89),
(5585,105),
(5585,217),
(5585,323),
(5585,355),
(5586,12),
(5586,22),
(5586,117),
(5586,150),
(5586,272),
(5586,418),
(5587,22),
(5587,86),
(5588,12),
(5588,21),
(5588,22),
(5588,257),
(5588,400),
(5588,453),
(5589,17),
(5589,22),
(5589,69),
(5589,77),
(5589,88),
(5589,89),
(5589,90),
(5589,111),
(5589,117),
(5589,139),
(5589,146),
(5589,240),
(5589,268),
(5589,308),
(5589,320),
(5589,342),
(5589,424),
(5589,597),
(5589,822),
(5589,1235),
(5589,1236),
(5590,22),
(5590,86),
(5590,88),
(5590,89),
(5591,12),
(5591,17),
(5591,86),
(5591,105),
(5591,111),
(5591,155),
(5591,335),
(5591,928),
(5592,12),
(5592,429),
(5592,1238),
(5593,22),
(5593,86),
(5593,117),
(5593,188),
(5593,1239),
(5594,17),
(5594,21),
(5594,23),
(5595,99),
(5595,155),
(5595,1240),
(5596,22),
(5596,73),
(5596,86),
(5596,320),
(5597,12),
(5597,22),
(5597,86),
(5597,117),
(5597,428),
(5597,1243),
(5598,21),
(5598,22),
(5598,179),
(5599,12),
(5599,17),
(5599,19),
(5599,73),
(5599,82),
(5599,86),
(5599,88),
(5599,89),
(5599,90),
(5599,91),
(5599,94),
(5599,148),
(5599,188),
(5599,202),
(5599,309),
(5599,330),
(5599,342),
(5599,371),
(5599,378),
(5599,379),
(5599,421),
(5599,506),
(5599,685),
(5599,965),
(5599,1011),
(5599,1244),
(5599,1245),
(5599,1246),
(5599,1248),
(5599,1249),
(5599,1250),
(5599,1251),
(5600,21),
(5600,231),
(5600,332),
(5600,1127),
(5600,1254),
(5601,12),
(5601,20),
(5601,77),
(5601,145),
(5601,155),
(5601,1057),
(5601,1257),
(5602,15),
(5602,19),
(5602,21),
(5602,62),
(5602,86),
(5602,100),
(5602,102),
(5602,155),
(5602,202),
(5602,251),
(5602,421),
(5602,441),
(5602,606),
(5602,682),
(5602,905),
(5602,1259),
(5602,1586),
(5605,12),
(5605,85),
(5605,88),
(5605,89),
(5605,105),
(5605,146),
(5605,149),
(5606,12),
(5606,17),
(5606,18),
(5606,19),
(5606,88),
(5606,89),
(5606,148),
(5606,213),
(5606,312),
(5606,566),
(5608,22),
(5608,155),
(5608,194),
(5609,12),
(5609,17),
(5609,19),
(5609,20),
(5609,22),
(5609,82),
(5609,91),
(5609,150),
(5609,166),
(5609,264),
(5609,1238),
(5610,21),
(5611,12),
(5611,21),
(5611,155),
(5611,179),
(5612,17),
(5612,82),
(5612,1263),
(5613,62),
(5613,73),
(5613,240),
(5613,441),
(5614,12),
(5614,62),
(5614,77),
(5614,86),
(5614,88),
(5614,89),
(5614,119),
(5614,148),
(5614,149),
(5614,150),
(5614,155),
(5614,342),
(5614,458),
(5614,971),
(5614,1179),
(5614,1264),
(5615,14),
(5615,17),
(5615,85),
(5615,1266),
(5616,12),
(5616,22),
(5616,1268),
(5617,134),
(5617,155),
(5617,528),
(5619,88),
(5619,89),
(5619,323),
(5620,12),
(5620,19),
(5620,86),
(5621,12),
(5621,17),
(5621,23),
(5621,111),
(5621,155),
(5621,566),
(5621,956),
(5621,1270),
(5622,12),
(5622,62),
(5622,468),
(5622,1271),
(5623,84),
(5624,19),
(5624,77),
(5625,18),
(5625,253),
(5625,387),
(5625,610),
(5626,21),
(5626,62),
(5626,91),
(5626,132),
(5626,179),
(5626,189),
(5626,421),
(5628,12),
(5628,91),
(5628,253),
(5628,918),
(5628,1246),
(5629,17),
(5629,18),
(5629,20),
(5629,21),
(5629,85),
(5629,103),
(5629,145),
(5629,155),
(5629,188),
(5629,296),
(5629,659),
(5629,847),
(5629,1183),
(5629,1275),
(5630,12),
(5630,21),
(5630,376),
(5631,12),
(5631,21),
(5631,100),
(5631,372),
(5632,15),
(5632,90),
(5632,105),
(5632,146),
(5632,173),
(5632,300),
(5632,377),
(5632,408),
(5632,606),
(5632,1110),
(5632,1276),
(5633,18),
(5633,19),
(5633,77),
(5633,146),
(5633,161),
(5633,173),
(5633,341),
(5633,383),
(5634,1176),
(5635,1278),
(5635,1279),
(5636,12),
(5636,17),
(5636,21),
(5636,88),
(5636,89),
(5636,95),
(5637,17),
(5637,86),
(5637,119),
(5638,12),
(5638,21),
(5638,400),
(5639,12),
(5639,14),
(5639,22),
(5639,68),
(5639,73),
(5639,86),
(5639,88),
(5639,89),
(5639,119),
(5639,155),
(5639,320),
(5639,323),
(5639,977),
(5639,1001),
(5639,1081),
(5640,105),
(5641,21),
(5641,22),
(5641,111),
(5641,1281),
(5641,1282),
(5642,85),
(5643,21),
(5643,22),
(5643,86),
(5644,12),
(5644,21),
(5644,22),
(5644,146),
(5645,240),
(5646,88),
(5646,89),
(5646,119),
(5646,159),
(5646,323),
(5646,400),
(5647,22),
(5647,62),
(5647,219),
(5647,400),
(5647,1285),
(5648,12),
(5648,18),
(5648,62),
(5648,155),
(5648,457),
(5648,461),
(5649,12),
(5649,13),
(5649,14),
(5649,15),
(5649,73),
(5649,105),
(5649,139),
(5649,173),
(5649,457),
(5653,12),
(5653,18),
(5653,22),
(5653,90),
(5653,99),
(5653,366),
(5654,62),
(5654,240),
(5655,13),
(5656,17),
(5656,21),
(5656,86),
(5656,91),
(5658,12),
(5658,20),
(5658,86),
(5658,91),
(5658,155),
(5659,12),
(5659,17),
(5659,77),
(5659,86),
(5659,91),
(5659,104),
(5659,1289),
(5660,18),
(5660,22),
(5660,257),
(5661,21),
(5661,22),
(5661,88),
(5661,89),
(5661,1290),
(5661,1291),
(5662,73),
(5662,91),
(5662,105),
(5662,597),
(5662,614),
(5662,965),
(5663,458),
(5663,1295),
(5664,12),
(5664,67),
(5664,136),
(5664,166),
(5664,506),
(5664,578),
(5664,614),
(5664,1296),
(5666,12),
(5666,22),
(5666,77),
(5666,286),
(5666,388),
(5666,1299),
(5667,19),
(5667,22),
(5667,77),
(5667,155),
(5667,400),
(5668,22),
(5668,88),
(5668,89),
(5668,285),
(5668,597),
(5668,965),
(5668,977),
(5668,1200),
(5669,19),
(5669,20),
(5669,22),
(5669,82),
(5669,272),
(5669,335),
(5669,358),
(5669,682),
(5670,12),
(5670,21),
(5670,22),
(5670,23),
(5670,245),
(5670,440),
(5671,20),
(5671,62),
(5671,155),
(5671,240),
(5672,155),
(5674,12),
(5674,21),
(5674,22),
(5676,17),
(5677,73),
(5677,245),
(5677,857),
(5678,12),
(5678,17),
(5678,166),
(5680,12),
(5680,62),
(5681,84),
(5681,96),
(5681,240),
(5681,269),
(5681,272),
(5681,533),
(5681,578),
(5681,640),
(5681,1179),
(5682,86),
(5682,88),
(5682,89),
(5682,117),
(5682,119),
(5682,457),
(5682,822),
(5682,1081),
(5682,1159),
(5682,1301),
(5683,12),
(5683,17),
(5683,86),
(5683,88),
(5683,89),
(5683,95),
(5683,148),
(5683,342),
(5683,1302),
(5684,12),
(5684,20),
(5684,111),
(5684,203),
(5684,240),
(5684,359),
(5684,458),
(5684,461),
(5685,12),
(5685,73),
(5685,86),
(5685,132),
(5686,22),
(5686,82),
(5686,86),
(5686,105),
(5686,325),
(5686,357),
(5687,17),
(5687,20),
(5687,253),
(5687,330),
(5687,371),
(5688,22),
(5688,86),
(5688,95),
(5688,276),
(5688,376),
(5690,12),
(5690,21),
(5690,22),
(5690,1521),
(5691,12),
(5691,17),
(5691,21),
(5691,85),
(5691,202),
(5691,213),
(5691,342),
(5691,1179),
(5692,12),
(5692,17),
(5692,21),
(5692,95),
(5692,119),
(5692,185),
(5692,535),
(5692,557),
(5693,62),
(5694,238),
(5694,535),
(5694,774),
(5694,1309),
(5695,12),
(5695,17),
(5695,20),
(5695,21),
(5695,22),
(5695,82),
(5695,85),
(5695,111),
(5695,119),
(5695,150),
(5695,155),
(5695,246),
(5695,400),
(5695,528),
(5696,12),
(5696,18),
(5696,155),
(5696,1312),
(5697,17),
(5697,86),
(5697,104),
(5698,22),
(5698,150),
(5699,12),
(5699,17),
(5700,73),
(5700,100),
(5700,105),
(5700,203),
(5700,424),
(5700,575),
(5702,12),
(5702,17),
(5702,21),
(5702,159),
(5702,161),
(5702,198),
(5703,17),
(5703,19),
(5703,20),
(5703,82),
(5703,86),
(5703,105),
(5703,146),
(5703,312),
(5703,965),
(5704,12),
(5704,77),
(5704,119),
(5705,12),
(5705,73),
(5705,88),
(5705,89),
(5705,421),
(5706,12),
(5706,17),
(5706,21),
(5708,258),
(5708,428),
(5708,614),
(5708,1316),
(5709,22),
(5710,12),
(5710,91),
(5710,1319),
(5710,1320),
(5711,12),
(5712,12),
(5712,17),
(5712,62),
(5712,111),
(5712,532),
(5713,12),
(5713,17),
(5713,18),
(5713,155),
(5714,22),
(5714,231),
(5715,12),
(5715,17),
(5715,91),
(5715,535),
(5715,1321),
(5716,21),
(5716,62),
(5716,134),
(5716,231),
(5716,400),
(5717,21),
(5717,22),
(5718,12),
(5718,17),
(5719,12),
(5719,17),
(5719,105),
(5719,251),
(5719,1192),
(5720,13),
(5720,18),
(5720,21),
(5720,22),
(5720,330),
(5720,400),
(5720,614),
(5721,14),
(5721,18),
(5721,20),
(5721,22),
(5721,83),
(5721,88),
(5721,89),
(5721,100),
(5721,111),
(5721,148),
(5721,150),
(5721,151),
(5721,203),
(5721,212),
(5721,318),
(5721,323),
(5721,338),
(5721,418),
(5721,462),
(5721,490),
(5721,797),
(5721,822),
(5721,838),
(5721,950),
(5721,960),
(5721,1327),
(5721,1328),
(5721,1329),
(5721,1330),
(5721,1331),
(5721,1332),
(5721,1334),
(5721,1335),
(5721,1336),
(5722,21),
(5722,62),
(5722,134),
(5722,198),
(5722,231),
(5722,1337),
(5722,1341),
(5723,12),
(5723,86),
(5723,204),
(5723,620),
(5723,1592),
(5723,1593),
(5723,1596),
(5724,12),
(5724,22),
(5724,231),
(5724,330),
(5725,105),
(5725,334),
(5725,1344),
(5725,1345),
(5725,1346),
(5725,1347),
(5726,12),
(5727,12),
(5727,17),
(5727,18),
(5727,203),
(5728,12),
(5728,18),
(5728,23),
(5728,82),
(5728,406),
(5728,603),
(5728,614),
(5728,835),
(5728,945),
(5728,986),
(5728,1348),
(5729,22),
(5729,88),
(5729,89),
(5729,323),
(5730,12),
(5730,17),
(5730,18),
(5730,77),
(5730,118),
(5730,335),
(5730,458),
(5730,1192),
(5730,1351),
(5731,21),
(5731,88),
(5731,89),
(5731,119),
(5732,12),
(5732,23),
(5732,198),
(5732,397),
(5733,12),
(5733,17),
(5733,21),
(5734,84),
(5734,91),
(5734,100),
(5734,105),
(5734,159),
(5734,424),
(5734,1353),
(5735,12),
(5735,14),
(5735,17),
(5735,19),
(5735,21),
(5735,73),
(5735,82),
(5735,86),
(5735,88),
(5735,89),
(5735,91),
(5735,95),
(5735,96),
(5735,323),
(5735,383),
(5735,458),
(5735,557),
(5735,960),
(5735,1355),
(5735,1356),
(5736,12),
(5736,22),
(5736,86),
(5736,166),
(5736,397),
(5737,73),
(5738,202),
(5739,62),
(5739,86),
(5739,682),
(5740,12),
(5740,166),
(5740,930),
(5740,1357),
(5741,17),
(5741,118),
(5741,458),
(5742,17),
(5742,155),
(5743,18),
(5746,12),
(5746,17),
(5746,20),
(5747,12),
(5747,14),
(5747,15),
(5747,17),
(5747,18),
(5747,91),
(5747,155),
(5747,159),
(5747,449),
(5747,480),
(5747,810),
(5747,1054),
(5747,1359),
(5751,21),
(5751,22),
(5751,91),
(5751,105),
(5751,251),
(5751,342),
(5751,1361),
(5752,17),
(5752,21),
(5752,134),
(5752,194),
(5752,246),
(5753,12),
(5753,22),
(5753,88),
(5753,89),
(5753,91),
(5753,148),
(5753,149),
(5753,245),
(5753,685),
(5753,857),
(5753,1364),
(5753,1366),
(5754,12),
(5754,21),
(5754,22),
(5754,62),
(5754,68),
(5754,73),
(5754,80),
(5754,86),
(5754,187),
(5754,258),
(5754,334),
(5754,504),
(5754,1367),
(5756,85),
(5756,91),
(5756,105),
(5756,372),
(5757,12),
(5757,62),
(5757,82),
(5757,86),
(5757,105),
(5757,111),
(5757,155),
(5757,169),
(5757,1106),
(5757,1370),
(5757,1371),
(5758,12),
(5758,22),
(5758,88),
(5758,89),
(5758,102),
(5758,146),
(5758,150),
(5758,203),
(5758,217),
(5758,1081),
(5758,1372),
(5760,12),
(5760,111),
(5760,1357),
(5760,1376),
(5761,12),
(5761,21),
(5761,91),
(5761,119),
(5761,406),
(5762,12),
(5762,21),
(5762,22),
(5762,77),
(5765,12),
(5765,22),
(5765,105),
(5765,1597),
(5766,21),
(5766,22),
(5766,62),
(5766,1378),
(5766,1379),
(5769,21),
(5769,22),
(5769,23),
(5769,85),
(5769,89),
(5769,323),
(5770,85),
(5770,105),
(5771,12),
(5771,91),
(5772,22),
(5772,831),
(5773,74),
(5773,240),
(5773,335),
(5773,1381),
(5773,1382),
(5774,12),
(5774,17),
(5774,86),
(5774,88),
(5774,89),
(5774,421),
(5774,1081),
(5776,1383),
(5776,1384),
(5777,12),
(5777,62),
(5777,119),
(5777,1565),
(5778,85),
(5778,119),
(5778,847),
(5778,1386),
(5779,12),
(5779,85),
(5779,1386),
(5780,13),
(5780,105),
(5780,1388),
(5781,12),
(5781,23),
(5781,111),
(5781,330),
(5781,515),
(5781,900),
(5782,105),
(5782,540),
(5783,12),
(5783,17),
(5783,18),
(5783,73),
(5783,80),
(5783,86),
(5783,159),
(5783,212),
(5783,387),
(5784,22),
(5784,86),
(5784,105),
(5784,1392),
(5785,21),
(5785,22),
(5785,119),
(5785,421),
(5785,661),
(5785,1147),
(5786,22),
(5786,62),
(5786,105),
(5786,231),
(5786,400),
(5786,1394),
(5787,13),
(5787,21),
(5787,22),
(5787,23),
(5787,73),
(5787,81),
(5787,82),
(5787,85),
(5787,145),
(5787,538),
(5787,1395),
(5787,1396),
(5789,17),
(5789,89),
(5789,91),
(5789,342),
(5789,408),
(5789,421),
(5790,85),
(5792,21),
(5792,22),
(5792,86),
(5793,12),
(5793,99),
(5793,335),
(5796,12),
(5796,13),
(5796,21),
(5796,91),
(5796,134),
(5796,246),
(5798,21),
(5798,22),
(5798,376),
(5798,718),
(5798,847),
(5799,12),
(5799,18),
(5799,20),
(5799,105),
(5799,163),
(5799,554),
(5800,22),
(5801,12),
(5801,14),
(5801,82),
(5801,86),
(5801,202),
(5801,302),
(5804,100),
(5804,146),
(5804,557),
(5804,1031),
(5805,12),
(5805,19),
(5805,166),
(5805,202),
(5805,387),
(5805,1404),
(5806,12),
(5807,12),
(5807,21),
(5807,73),
(5807,86),
(5807,91),
(5807,102),
(5808,12),
(5808,18),
(5808,21),
(5808,22),
(5808,173),
(5808,188),
(5808,203),
(5809,22),
(5809,188),
(5809,504),
(5810,21),
(5810,132),
(5810,194),
(5811,21),
(5811,198),
(5811,276),
(5811,304),
(5811,918),
(5812,105),
(5813,22),
(5813,62),
(5813,179),
(5813,231),
(5813,238),
(5813,330),
(5814,12),
(5814,21),
(5814,62),
(5814,193),
(5814,198),
(5814,231),
(5814,400),
(5814,1408),
(5816,12),
(5816,21),
(5816,22),
(5816,188),
(5819,12),
(5819,17),
(5819,21),
(5819,105),
(5819,1409),
(5820,21),
(5820,22),
(5820,85),
(5820,105),
(5820,427),
(5821,21),
(5821,22),
(5821,62),
(5821,69),
(5821,198),
(5821,240),
(5822,12),
(5822,86),
(5824,1176),
(5825,12),
(5825,22),
(5825,86),
(5827,21),
(5827,640),
(5831,12),
(5831,22),
(5831,1192),
(5832,12),
(5832,21),
(5832,22),
(5832,71),
(5832,82),
(5832,88),
(5832,89),
(5832,105),
(5832,198),
(5832,323),
(5832,421),
(5832,1192),
(5832,1416),
(5833,12),
(5833,22),
(5833,23),
(5833,88),
(5833,357),
(5834,21),
(5835,21),
(5835,237),
(5835,1419),
(5835,1565),
(5837,21),
(5837,22),
(5837,85),
(5838,12),
(5838,17),
(5838,22),
(5838,23),
(5838,88),
(5838,89),
(5838,94),
(5838,105),
(5838,188),
(5838,232),
(5838,376),
(5838,575),
(5838,614),
(5838,698),
(5838,702),
(5838,727),
(5838,1081),
(5838,1421),
(5841,17),
(5841,21),
(5841,86),
(5841,105),
(5841,259),
(5841,566),
(5842,14),
(5842,15),
(5842,22),
(5842,104),
(5842,105),
(5842,111),
(5842,188),
(5842,195),
(5842,265),
(5842,269),
(5842,309),
(5842,337),
(5842,400),
(5842,614),
(5842,1426),
(5843,19),
(5843,77),
(5843,100),
(5843,117),
(5843,213),
(5843,283),
(5843,285),
(5843,429),
(5843,458),
(5843,499),
(5843,799),
(5843,822),
(5843,882),
(5843,1409),
(5843,1430),
(5843,1607),
(5844,22),
(5844,105),
(5845,21),
(5846,99),
(5846,624),
(5847,88),
(5847,89),
(5847,94),
(5847,146),
(5847,203),
(5847,312),
(5847,337),
(5847,727),
(5847,798),
(5847,960),
(5847,965),
(5847,1434),
(5847,1436),
(5847,1585),
(5848,22),
(5850,12),
(5850,21),
(5850,22),
(5850,150),
(5850,193),
(5850,194),
(5850,366),
(5850,400),
(5850,1437),
(5851,17),
(5851,21),
(5851,85),
(5851,118),
(5851,283),
(5851,557),
(5851,884),
(5851,924),
(5851,1441),
(5852,17),
(5852,22),
(5852,91),
(5852,105),
(5852,245),
(5852,1353),
(5853,12),
(5853,22),
(5853,99),
(5853,166),
(5853,1445),
(5853,1446),
(5854,77),
(5854,88),
(5854,89),
(5854,95),
(5854,119),
(5854,245),
(5854,376),
(5854,421),
(5854,1023),
(5854,1448),
(5855,21),
(5855,85),
(5855,88),
(5855,89),
(5855,514),
(5856,1176),
(5858,21),
(5858,105),
(5858,179),
(5858,231),
(5858,330),
(5859,12),
(5859,119),
(5859,351),
(5860,12),
(5860,13),
(5860,15),
(5860,16),
(5860,17),
(5860,20),
(5860,90),
(5860,118),
(5860,213),
(5860,283),
(5860,342),
(5860,421),
(5860,440),
(5860,458),
(5860,1451),
(5861,12),
(5861,20),
(5861,21),
(5861,66),
(5861,86),
(5861,111),
(5861,198),
(5861,265),
(5861,387),
(5861,682),
(5861,765),
(5861,868),
(5861,1452),
(5864,22),
(5865,21),
(5865,22),
(5865,194),
(5865,661),
(5866,799),
(5867,14),
(5867,22),
(5867,23),
(5867,88),
(5867,89),
(5867,94),
(5867,117),
(5867,148),
(5867,323),
(5867,597),
(5867,1455),
(5867,1456),
(5868,155),
(5868,187),
(5868,222),
(5868,542),
(5868,1051),
(5868,1459),
(5868,1460),
(5868,1461),
(5868,1462),
(5868,1463),
(5868,1586),
(5869,12),
(5869,13),
(5869,21),
(5869,189),
(5869,240),
(5869,624),
(5869,1041),
(5870,13),
(5870,17),
(5870,23),
(5870,71),
(5870,91),
(5870,105),
(5870,117),
(5870,159),
(5870,169),
(5870,242),
(5870,299),
(5870,327),
(5870,505),
(5870,606),
(5870,810),
(5870,1276),
(5870,1464),
(5870,1465),
(5871,18),
(5871,264),
(5871,838),
(5871,1328),
(5872,119),
(5872,441),
(5872,1468),
(5872,1469),
(5873,12),
(5873,15),
(5873,17),
(5873,18),
(5873,21),
(5873,198),
(5873,342),
(5873,1470),
(5874,12),
(5874,118),
(5875,12),
(5875,105),
(5875,119),
(5875,372),
(5875,421),
(5875,515),
(5877,12),
(5877,17),
(5877,111),
(5877,614),
(5877,1471),
(5878,21),
(5879,14),
(5879,21),
(5879,22),
(5879,73),
(5879,82),
(5879,330),
(5879,531),
(5880,12),
(5880,21),
(5880,62),
(5880,70),
(5880,111),
(5880,166),
(5880,198),
(5880,265),
(5880,335),
(5880,714),
(5881,21),
(5881,22),
(5881,85),
(5881,1477),
(5882,12),
(5882,21),
(5882,22),
(5882,62),
(5882,245),
(5882,1478),
(5883,13),
(5883,15),
(5883,18),
(5883,21),
(5883,82),
(5883,86),
(5883,100),
(5883,139),
(5883,179),
(5883,383),
(5883,459),
(5883,682),
(5883,700),
(5883,1110),
(5883,1479),
(5885,21),
(5885,22),
(5885,134),
(5885,419),
(5885,1481),
(5885,1483),
(5886,12),
(5886,21),
(5886,68),
(5886,86),
(5886,105),
(5886,240),
(5886,245),
(5886,251),
(5887,12),
(5887,22),
(5887,85),
(5887,88),
(5887,89),
(5887,231),
(5887,245),
(5887,847),
(5887,1064),
(5887,1081),
(5888,85),
(5889,22),
(5889,82),
(5889,84),
(5889,86),
(5889,149),
(5889,151),
(5889,182),
(5889,188),
(5889,285),
(5889,418),
(5889,630),
(5889,700),
(5889,703),
(5889,1077),
(5889,1081),
(5889,1240),
(5889,1456),
(5889,1487),
(5889,1489),
(5889,1492),
(5889,1493),
(5890,12),
(5890,22),
(5890,320),
(5891,22),
(5891,150),
(5891,1036),
(5892,12),
(5892,17),
(5892,161),
(5893,12),
(5893,22),
(5893,320),
(5893,597),
(5893,614),
(5893,952),
(5894,12),
(5894,13),
(5894,20),
(5894,21),
(5894,22),
(5894,663),
(5894,952),
(5895,12),
(5895,21),
(5895,847),
(5896,12),
(5896,18),
(5896,22),
(5897,22),
(5897,88),
(5897,89),
(5897,90),
(5897,146),
(5897,238),
(5898,22),
(5899,21),
(5901,22),
(5901,134),
(5901,179),
(5903,12),
(5903,22),
(5903,86),
(5903,88),
(5903,89),
(5903,90),
(5903,188),
(5903,342),
(5903,427),
(5903,652),
(5903,1192),
(5904,22),
(5904,146),
(5904,150),
(5904,535),
(5904,1510),
(5905,12),
(5905,86),
(5905,245),
(5905,1565),
(5906,17),
(5906,82),
(5906,562),
(5906,566),
(5907,155),
(5907,238),
(5907,289),
(5907,330),
(5907,1512),
(5907,1514),
(5908,73),
(5908,85),
(5908,86),
(5909,12),
(5909,105),
(5909,111),
(5909,251),
(5909,276),
(5909,499),
(5911,514),
(5913,21),
(5913,22),
(5914,21),
(5914,86),
(5914,132),
(5914,262),
(5914,771),
(5915,12),
(5915,21),
(5915,22),
(5915,638),
(5917,12),
(5917,22),
(5917,62),
(5917,82),
(5917,155),
(5917,166),
(5917,237),
(5917,272),
(5917,499),
(5917,820),
(5917,956),
(5917,1517),
(5918,12),
(5918,22),
(5918,88),
(5918,89),
(5921,12),
(5921,73),
(5921,85),
(5921,105),
(5921,1520),
(5923,12),
(5923,17),
(5923,19),
(5923,22),
(5923,71),
(5923,73),
(5923,111),
(5923,662),
(5923,1521),
(5924,17),
(5924,1282),
(5925,21),
(5925,22),
(5925,23),
(5925,88),
(5925,89),
(5925,94),
(5925,119),
(5925,245),
(5925,323),
(5925,376),
(5925,662),
(5926,12),
(5929,1527),
(5930,21),
(5930,22),
(5930,84),
(5930,88),
(5930,89),
(5930,150),
(5930,179),
(5930,198),
(5930,923),
(5930,965),
(5930,1530),
(5932,18),
(5932,86),
(5932,111),
(5932,217),
(5932,930),
(5932,1357),
(5932,1531),
(5933,12),
(5933,15),
(5933,17),
(5933,18),
(5933,105),
(5933,838),
(5933,941),
(5935,13),
(5935,17),
(5935,23),
(5935,118),
(5935,185),
(5935,213),
(5935,774),
(5935,1202),
(5935,1532),
(5937,12),
(5937,22),
(5937,88),
(5937,89),
(5937,102),
(5937,117),
(5937,119),
(5937,150),
(5937,173),
(5937,202),
(5937,557),
(5937,636),
(5938,12),
(5938,91),
(5938,169),
(5938,1533),
(5938,1534),
(5938,1535),
(5939,62),
(5939,85),
(5939,179),
(5939,231),
(5939,714),
(5939,847),
(5940,15),
(5940,358),
(5940,700),
(5940,774),
(5941,17),
(5941,1200),
(5941,1538),
(5942,12),
(5942,18),
(5942,20),
(5942,21),
(5942,62),
(5942,86),
(5942,105),
(5942,129),
(5942,169),
(5942,198),
(5942,233),
(5942,457),
(5943,12),
(5943,22),
(5943,117),
(5943,166),
(5943,421),
(5943,550),
(5944,21),
(5944,62),
(5944,82),
(5944,86),
(5944,259),
(5944,397),
(5944,614),
(5944,774),
(5945,13),
(5945,17),
(5945,19),
(5945,21),
(5945,95),
(5945,105),
(5945,359),
(5945,408),
(5945,557),
(5945,918),
(5945,1041),
(5945,1353),
(5945,1548),
(5945,1549),
(5946,12),
(5946,13),
(5946,91),
(5946,102),
(5946,155),
(5946,198),
(5946,217),
(5946,299),
(5946,335),
(5946,1550),
(5946,1551),
(5947,12),
(5947,18),
(5947,21),
(5947,119),
(5947,330),
(5947,1586),
(5948,17),
(5948,20),
(5948,88),
(5948,89),
(5948,95),
(5948,149),
(5948,203),
(5948,205),
(5948,306),
(5948,606),
(5949,12),
(5949,21),
(5949,203),
(5950,12),
(5950,62),
(5950,231),
(5950,1554),
(5950,1556),
(5951,12),
(5951,17),
(5951,21),
(5951,74),
(5951,88),
(5951,89),
(5951,95),
(5951,323),
(5951,400),
(5951,427),
(5952,21),
(5952,22),
(5952,88),
(5952,89),
(5952,1586),
(5954,12),
(5954,22),
(5954,150),
(5956,12),
(5956,19),
(5956,62),
(5956,66),
(5956,82),
(5956,86),
(5956,155),
(5956,1099),
(5957,13),
(5957,21),
(5957,95),
(5957,134),
(5957,245),
(5957,366),
(5957,1563),
(5957,1565),
(5958,21),
(5958,22),
(5958,82),
(5958,105),
(5958,168),
(5958,198),
(5958,264),
(5958,272),
(5958,515),
(5958,657),
(5958,1240),
(5958,1566),
(5958,1567),
(5958,1568),
(5959,12),
(5959,17),
(5959,62),
(5959,1569),
(5959,1570),
(5976,12),
(5976,17),
(5976,18),
(5976,73),
(5976,87),
(5976,88),
(5976,89),
(5976,90),
(5976,378),
(5976,387),
(5976,1576),
(6292,12),
(6292,21),
(6292,22),
(6292,73),
(6292,86),
(6292,88),
(6292,89),
(6292,105),
(6292,198),
(6292,320),
(6292,323),
(6292,1056),
(6556,14),
(6556,21),
(6556,81),
(6556,82),
(6556,83),
(6556,88),
(6556,89),
(6556,90),
(6556,99),
(6556,100),
(6556,102),
(6556,117),
(6556,119),
(6556,150),
(6556,166),
(6556,366),
(6556,371),
(6556,421),
(6556,578),
(6556,662),
(6650,22),
(6650,77),
(6650,320),
(6650,542),
(6774,15),
(6774,17),
(6774,22),
(6774,82),
(6774,96),
(6774,139),
(6774,309),
(6774,319),
(6774,342),
(6774,457),
(6778,17),
(6778,21),
(6778,1586),
(6789,12),
(6789,17),
(6789,86),
(6789,173),
(6789,458),
(6795,22),
(6795,73),
(6795,86),
(6795,88),
(6795,89),
(6795,118),
(6795,1585);
/*!40000 ALTER TABLE `services_link` ENABLE KEYS */;
UNLOCK TABLES;

--
-- Table structure for table `technologies`
--

DROP TABLE IF EXISTS `technologies`;
/*!40101 SET @saved_cs_client     = @@character_set_client */;
/*!40101 SET character_set_client = utf8 */;
CREATE TABLE `technologies` (
  `id` int(11) NOT NULL AUTO_INCREMENT,
  `name` varchar(255) DEFAULT NULL,
  PRIMARY KEY (`id`)
) ENGINE=InnoDB AUTO_INCREMENT=706 DEFAULT CHARSET=utf8mb4;
/*!40101 SET character_set_client = @saved_cs_client */;

--
-- Dumping data for table `technologies`
--

LOCK TABLES `technologies` WRITE;
/*!40000 ALTER TABLE `technologies` DISABLE KEYS */;
INSERT INTO `technologies` VALUES
(6,'mariadb'),
(7,'postgresql'),
(8,'php'),
(9,'python'),
(10,'nginx'),
(11,'spring'),
(13,'dovecot'),
(14,'postfix'),
(15,'c'),
(16,'c++'),
(17,'c#'),
(18,'go'),
(20,'uncategorised'),
(22,'own container registry'),
(23,'drone ci'),
(24,'various databases'),
(25,'various webservers'),
(26,'mysql'),
(27,'caddy'),
(28,'redis'),
(29,'rust'),
(30,'mongodb'),
(31,'zerotier'),
(32,'node.js'),
(33,'scala'),
(37,'sqlite'),
(38,'apache tomcat'),
(39,'ruby'),
(40,'git'),
(41,'ntp'),
(42,'dns'),
(43,'dhcp'),
(44,'vuejs'),
(45,'reactjs'),
(46,'chef'),
(47,'rdp'),
(48,'vnc'),
(49,'ssh'),
(50,'email stack'),
(54,'apache'),
(62,'traefik'),
(63,'mailcow'),
(64,'rspamd'),
(65,'nginx proxy manager'),
(66,'authelia'),
(67,'proxmox'),
(68,'sonarr'),
(69,'radarr'),
(70,'sabnzbd'),
(77,'etc'),
(79,'influxdb'),
(80,'torrentor'),
(81,'telegraf'),
(82,'qumine'),
(83,'k8s-dns-api'),
(84,'ceph'),
(85,'transmission'),
(86,'nxfilter'),
(87,'heimdall'),
(89,'portainer'),
(90,'flask'),
(91,'.net'),
(92,'vouch proxy'),
(98,'javascript'),
(99,'plex'),
(101,'mine-os'),
(102,'freeipa'),
(103,'exchange 2016'),
(104,'xcp-ng'),
(105,'virtual io server'),
(106,'hardware management console'),
(107,'nfs'),
(109,'linux'),
(110,'libvirt'),
(111,'wireguard'),
(112,'openvpn'),
(115,'lxc'),
(116,'kvm'),
(117,'mediawiki'),
(118,'unbound'),
(120,'docker'),
(121,'let\'s encrypt'),
(124,'java'),
(126,'haproxy'),
(127,'zfs'),
(128,'minio'),
(129,'unrealircd'),
(132,'openldap'),
(133,'mit kerberos'),
(134,'ll::ng'),
(135,'spamassassin'),
(136,'pi-hole'),
(138,'hashicorp vault'),
(139,'borg'),
(140,'borgmatic'),
(142,'opendkim'),
(143,'opendmarc'),
(144,'infrared (minecraft reverse proxy)'),
(147,'haskell'),
(150,'elasticsearch'),
(151,'opnsense'),
(152,'cloudflare'),
(157,'certbot'),
(159,'etcd'),
(163,'fail2ban'),
(164,'mono'),
(165,'readarr'),
(166,'prometheus'),
(170,'dnsmasq'),
(171,'bind'),
(172,'memcached'),
(175,'nmbd'),
(176,'tcpsvd'),
(177,'uwsgi'),
(179,'ansible'),
(180,'terraform '),
(183,'varnish'),
(184,'postgrey'),
(188,'nomad'),
(189,'docker registry'),
(190,'couchdb'),
(193,'syncthing'),
(194,'cockroschdb'),
(202,'ruby on rails'),
(203,'univention ucs'),
(204,'npm'),
(206,'tomahawk'),
(207,'agate'),
(208,'docker-compose'),
(209,'freenas'),
(210,'esxi'),
(214,'synapse'),
(215,'opensmtpd'),
(216,'gmid'),
(217,'pass'),
(222,'lidarr'),
(223,'prowlarr'),
(224,'flood'),
(225,'jfa-go'),
(226,'calibre'),
(228,'searx'),
(230,'rsync'),
(232,'exim'),
(234,'hugo'),
(235,'json '),
(236,'siad docker'),
(237,'qemu'),
(239,'qbittorrent'),
(242,'truenas'),
(247,'openwrt'),
(248,'django'),
(249,'fastapi'),
(250,'laravel'),
(251,'nix'),
(255,'jenkins '),
(256,'dbeaver for all sql'),
(259,'caldav'),
(264,'mordormud'),
(265,'psad'),
(269,'samba'),
(270,'openssh'),
(271,'prosody'),
(273,'attendize'),
(275,'shinobi'),
(276,'freepbx'),
(278,'perl'),
(280,'active directory'),
(281,'ca'),
(282,'kms'),
(283,'microsoft sql server'),
(285,'tor'),
(287,'swag'),
(290,'grafana'),
(291,'node-red'),
(292,'html'),
(293,'adguard-home'),
(294,'binhex-qbittorrentvpn'),
(295,'blueiris'),
(296,'bookstack'),
(298,'dozzle'),
(299,'filebrowser'),
(302,'komga '),
(303,'maloja'),
(304,'minecraft-server'),
(305,'mylar3'),
(306,'n8n'),
(307,'nzbget'),
(308,'openeats '),
(309,'muximux'),
(310,'photostructure'),
(312,'red-discordbot'),
(313,'speedtest'),
(314,'snippet-box'),
(315,'tautulli '),
(316,'terraria-server'),
(317,'unifi-controller'),
(319,'powerdns'),
(320,'mailavenger'),
(321,'nfs ganesha'),
(322,'asterisk'),
(323,'tinc'),
(324,'sshfs'),
(325,'hostapd'),
(326,'kodi'),
(327,'ejabberd'),
(328,'mpd'),
(329,'home assistant'),
(330,'squid'),
(331,'isc-dhcp-server'),
(332,'rtorrent'),
(333,'openntpd'),
(334,'network ups tools'),
(335,'rclone'),
(336,'sqli'),
(337,'kibana'),
(338,'unraid'),
(340,'discord.js'),
(342,'amavis'),
(344,'bash'),
(348,' cuda'),
(350,'v4l'),
(351,'ffmpeg'),
(353,'sendmail'),
(354,'vtun'),
(355,'elixir'),
(357,'otp'),
(358,'erlang vm'),
(359,'openhttpd'),
(360,'relayd'),
(361,'sogo'),
(362,'oracledb'),
(363,'goland'),
(364,'java enterprise'),
(365,'lucee'),
(366,'glassfish'),
(368,'pandoc'),
(369,'imagemagick'),
(370,'dtrace'),
(374,'cloudflare-ddns'),
(376,'yacht'),
(377,'addy-docker-proxy'),
(378,'ldap'),
(379,'ngircd'),
(380,'wordpress'),
(382,'phoenix'),
(383,'k3s'),
(385,'watchtower'),
(387,'rust rocket'),
(388,'go server'),
(394,'rocket server'),
(395,'lighttpd'),
(398,'mail in a box (separate server aggregating dns and all mail services)'),
(399,'nsd'),
(401,'asp.net'),
(404,'smtp'),
(405,'unifi'),
(408,'open media vault'),
(409,'bazarr'),
(410,'jackett'),
(412,'kotlin'),
(413,'deno'),
(415,'openjdk'),
(416,'steam'),
(418,'saltstack'),
(419,'zabbix'),
(420,'dnsdist'),
(421,'knot resolver'),
(422,'gitlab'),
(423,'sonatype nexus'),
(424,'emby'),
(425,'ombi'),
(427,'nedb'),
(429,'esphome'),
(430,'mqtt'),
(431,'zigbee2mqtt'),
(433,'mosquitto'),
(435,'pterodactyl'),
(440,'freeradius'),
(443,'mysql/vitess'),
(445,'minotar'),
(447,'zookeeper'),
(448,'argo'),
(449,'kubernetes'),
(453,'objectpascal'),
(460,'ftp'),
(463,'nas'),
(464,'pfsense'),
(466,'phpmyadmin'),
(468,'k8s'),
(469,'iis'),
(470,'c# (kestrel)'),
(471,'c# (http.sys)'),
(472,'ddclient'),
(476,'solr'),
(478,'rds with apps'),
(479,'hlds'),
(480,'vmware vcenter'),
(481,'noip'),
(482,'offlineimap'),
(483,'imapsync'),
(484,'samba-vfs-modules'),
(485,'afp'),
(487,'pho'),
(489,'custom reverse proxy'),
(491,'cron'),
(492,'gatsbyjs'),
(499,'yunohost'),
(500,'keycloak'),
(501,'smallstep ca'),
(502,'tailscale'),
(503,'web'),
(505,'tika'),
(506,'gotenberg'),
(507,'cyrus'),
(508,'vmware horizon'),
(509,'vmware vsan'),
(510,' backblaze b2'),
(511,'percona'),
(514,'iptables'),
(515,'promtail'),
(516,'consul'),
(517,'vault'),
(519,'podman'),
(521,'mode.'),
(523,'fastcgi'),
(526,'duplicati'),
(527,'frappe'),
(529,'mailman'),
(531,'vmware'),
(532,'wat'),
(534,'oracle enterprise'),
(536,'coldfusion'),
(538,'deluge'),
(539,'shell'),
(541,'openstack'),
(542,'rabbitmq'),
(544,'phpipam'),
(545,'courier email server'),
(546,'ampache'),
(547,'traefik-forward-auth'),
(548,'dockerproxy'),
(549,'bitwarden_backup'),
(550,'home-assistant_appdaemon'),
(551,'home-assistant_deconz'),
(552,'code-server'),
(553,'containous/whoami'),
(554,'various db containers'),
(556,'ufw'),
(557,'lxd'),
(558,'snmp'),
(566,'cloudflare tunnel'),
(568,'nextjs'),
(570,'iredmail'),
(573,'restic'),
(575,'plex meta manager'),
(576,'postures'),
(578,'mergerfs'),
(579,'snapraid'),
(581,'librenms'),
(582,'mino3'),
(586,'gitea'),
(587,'borg backup'),
(588,'apdaemon'),
(589,'maddy (email server)'),
(592,'rancher'),
(593,'dnsrobocert'),
(594,'duckdns'),
(597,'wireshark'),
(600,'nextcloud'),
(601,'roundcube'),
(602,'clamav'),
(606,'frp'),
(607,'spring webflux'),
(608,'spring cloud gateway'),
(612,'ubuntu '),
(613,'procmail'),
(614,'sniproxy'),
(615,'bird'),
(617,'perforce'),
(618,'apache spark'),
(619,'apache kafka'),
(620,'apache cassandra'),
(621,'eclipse hono'),
(623,'apache guacamole'),
(625,'sql db'),
(627,'rocket'),
(628,'express'),
(629,'sequelize orm'),
(631,'pve'),
(633,'lightttp'),
(639,'(sometimes) open media server'),
(646,'uptime-kuma'),
(647,'deep-stacks'),
(648,'jupyter-notebook'),
(649,'nzbhydra2'),
(650,'iperf-server'),
(651,'cupsd'),
(652,'windows server roles(terminal services, network policy, active directory)'),
(655,'containerized'),
(657,'logstash'),
(658,'julia'),
(666,'snap'),
(669,'postgis'),
(670,'timescaledb'),
(673,'dnscrypt-proxy'),
(674,'nftables'),
(675,'cvmengine'),
(678,'loki'),
(679,'reverse proxy'),
(680,'zigbee'),
(681,'debian '),
(682,'raspbian'),
(683,'centos'),
(684,'typescript'),
(687,'frida'),
(689,'azure active directory'),
(690,'windows server dns and dhcp'),
(693,'windows 10 pro'),
(697,'virtualmin'),
(698,'webmin'),
(699,'authentik'),
(700,'lxcs'),
(702,'freebsd'),
(703,'bhyve'),
(704,'kstats'),
(705,'flatpack');
/*!40000 ALTER TABLE `technologies` ENABLE KEYS */;
UNLOCK TABLES;

--
-- Table structure for table `technologies_link`
--

DROP TABLE IF EXISTS `technologies_link`;
/*!40101 SET @saved_cs_client     = @@character_set_client */;
/*!40101 SET character_set_client = utf8 */;
CREATE TABLE `technologies_link` (
  `response` int(11) NOT NULL,
  `entity` int(11) NOT NULL,
  PRIMARY KEY (`response`,`entity`),
  KEY `entity` (`entity`),
  CONSTRAINT `technologies_link_ibfk_1` FOREIGN KEY (`response`) REFERENCES `responses` (`id`) ON DELETE CASCADE ON UPDATE CASCADE,
  CONSTRAINT `technologies_link_ibfk_2` FOREIGN KEY (`entity`) REFERENCES `technologies` (`id`) ON DELETE CASCADE ON UPDATE CASCADE
) ENGINE=InnoDB DEFAULT CHARSET=utf8mb4;
/*!40101 SET character_set_client = @saved_cs_client */;

--
-- Dumping data for table `technologies_link`
--

LOCK TABLES `technologies_link` WRITE;
/*!40000 ALTER TABLE `technologies_link` DISABLE KEYS */;
INSERT INTO `technologies_link` VALUES
(4722,20),
(4723,20),
(4724,7),
(4724,8),
(4724,10),
(4724,13),
(4724,20),
(4724,26),
(4724,132),
(4724,157),
(4724,177),
(4724,500),
(4726,6),
(4726,7),
(4726,8),
(4726,9),
(4726,10),
(4727,11),
(4728,6),
(4728,7),
(4728,8),
(4728,9),
(4728,10),
(4728,13),
(4728,14),
(4728,15),
(4728,16),
(4728,17),
(4728,18),
(4728,32),
(4729,6),
(4729,10),
(4729,13),
(4729,20),
(4730,20),
(4732,20),
(4732,22),
(4732,23),
(4732,24),
(4732,25),
(4733,26),
(4734,6),
(4734,26),
(4734,27),
(4734,28),
(4735,9),
(4735,10),
(4735,26),
(4735,29),
(4735,30),
(4735,31),
(4736,7),
(4736,8),
(4736,9),
(4736,18),
(4736,26),
(4736,30),
(4736,32),
(4736,33),
(4736,401),
(4737,6),
(4737,8),
(4737,9),
(4737,26),
(4737,27),
(4737,32),
(4737,37),
(4737,38),
(4737,39),
(4737,40),
(4737,41),
(4737,42),
(4737,43),
(4737,44),
(4737,45),
(4737,46),
(4737,47),
(4737,48),
(4737,49),
(4738,8),
(4738,10),
(4738,20),
(4738,26),
(4738,32),
(4738,50),
(4740,26),
(4741,20),
(4742,7),
(4742,10),
(4742,32),
(4743,7),
(4743,9),
(4743,37),
(4744,10),
(4744,531),
(4745,6),
(4745,8),
(4745,10),
(4745,32),
(4745,54),
(4746,6),
(4746,8),
(4746,9),
(4746,20),
(4746,54),
(4746,109),
(4747,8),
(4747,27),
(4748,20),
(4748,26),
(4748,54),
(4748,62),
(4748,63),
(4749,8),
(4749,13),
(4749,14),
(4749,27),
(4749,37),
(4749,64),
(4753,20),
(4753,26),
(4753,65),
(4753,66),
(4753,67),
(4755,8),
(4755,10),
(4755,26),
(4755,28),
(4755,32),
(4759,68),
(4759,69),
(4759,70),
(4760,7),
(4760,10),
(4762,6),
(4762,8),
(4762,10),
(4762,20),
(4762,28),
(4762,32),
(4765,6),
(4765,8),
(4765,10),
(4765,32),
(4766,20),
(4767,10),
(4767,20),
(4767,26),
(4767,32),
(4767,54),
(4767,77),
(4769,6),
(4769,28),
(4770,10),
(4770,54),
(4771,7),
(4771,10),
(4771,26),
(4771,28),
(4771,62),
(4771,79),
(4771,80),
(4771,81),
(4771,82),
(4771,83),
(4771,84),
(4771,85),
(4772,10),
(4772,86),
(4772,87),
(4772,89),
(4774,20),
(4774,26),
(4774,54),
(4775,9),
(4775,90),
(4776,8),
(4776,10),
(4776,20),
(4776,26),
(4776,32),
(4776,54),
(4777,7),
(4777,9),
(4777,26),
(4777,32),
(4777,91),
(4778,8),
(4778,10),
(4778,26),
(4778,32),
(4779,6),
(4779,7),
(4779,10),
(4779,32),
(4782,10),
(4782,67),
(4782,92),
(4785,7),
(4785,8),
(4785,10),
(4785,26),
(4785,32),
(4785,54),
(4785,62),
(4786,54),
(4787,20),
(4789,7),
(4789,8),
(4789,10),
(4789,18),
(4790,10),
(4790,17),
(4790,20),
(4790,26),
(4790,44),
(4792,7),
(4792,8),
(4792,10),
(4792,26),
(4792,28),
(4793,7),
(4793,8),
(4793,9),
(4793,10),
(4793,17),
(4793,20),
(4793,26),
(4793,32),
(4793,98),
(4794,54),
(4794,99),
(4794,101),
(4794,269),
(4796,6),
(4796,8),
(4796,20),
(4796,54),
(4797,6),
(4797,8),
(4797,9),
(4797,10),
(4797,32),
(4797,102),
(4797,103),
(4797,104),
(4797,105),
(4797,106),
(4797,107),
(4797,269),
(4798,6),
(4798,8),
(4798,10),
(4798,54),
(4799,8),
(4799,10),
(4799,26),
(4799,54),
(4799,109),
(4800,54),
(4801,26),
(4801,27),
(4801,54),
(4801,99),
(4802,9),
(4802,54),
(4802,110),
(4803,8),
(4803,54),
(4803,111),
(4804,7),
(4804,8),
(4804,54),
(4806,7),
(4806,10),
(4806,20),
(4806,26),
(4806,54),
(4806,112),
(4807,8),
(4807,9),
(4807,10),
(4807,26),
(4808,8),
(4808,26),
(4808,54),
(4809,8),
(4809,10),
(4809,20),
(4809,26),
(4810,10),
(4810,37),
(4811,6),
(4811,7),
(4811,28),
(4811,54),
(4811,91),
(4812,9),
(4812,10),
(4812,15),
(4812,28),
(4812,32),
(4812,67),
(4812,115),
(4812,116),
(4813,8),
(4813,13),
(4813,14),
(4813,26),
(4813,40),
(4813,49),
(4813,54),
(4813,112),
(4813,117),
(4814,118),
(4814,291),
(4817,7),
(4817,8),
(4817,54),
(4817,120),
(4817,121),
(4818,85),
(4819,8),
(4819,10),
(4819,20),
(4819,26),
(4819,67),
(4820,28),
(4821,6),
(4821,7),
(4821,10),
(4822,6),
(4822,10),
(4822,32),
(4822,124),
(4823,10),
(4823,32),
(4823,54),
(4825,6),
(4825,7),
(4825,8),
(4825,30),
(4825,32),
(4825,54),
(4826,7),
(4826,20),
(4826,26),
(4826,39),
(4826,126),
(4826,127),
(4826,202),
(4827,10),
(4827,20),
(4828,7),
(4828,8),
(4828,10),
(4828,54),
(4828,128),
(4829,7),
(4829,54),
(4829,62),
(4830,10),
(4830,13),
(4830,14),
(4830,67),
(4830,129),
(4831,6),
(4831,8),
(4831,54),
(4832,20),
(4834,7),
(4834,8),
(4834,10),
(4834,54),
(4837,20),
(4838,65),
(4838,120),
(4841,7),
(4841,8),
(4841,13),
(4841,14),
(4841,26),
(4841,54),
(4841,132),
(4841,133),
(4841,134),
(4841,135),
(4841,136),
(4842,9),
(4842,10),
(4842,26),
(4843,7),
(4843,8),
(4843,10),
(4843,26),
(4843,30),
(4843,32),
(4843,37),
(4843,66),
(4843,121),
(4843,128),
(4843,138),
(4843,139),
(4843,140),
(4844,10),
(4844,20),
(4844,54),
(4848,6),
(4848,7),
(4848,10),
(4848,20),
(4848,28),
(4848,65),
(4848,66),
(4849,8),
(4849,10),
(4849,13),
(4849,14),
(4849,37),
(4849,142),
(4849,143),
(4852,7),
(4852,10),
(4852,144),
(4853,6),
(4853,10),
(4853,20),
(4855,26),
(4855,37),
(4855,44),
(4855,54),
(4855,90),
(4856,10),
(4856,147),
(4858,6),
(4858,10),
(4858,20),
(4858,91),
(4860,7),
(4860,8),
(4860,9),
(4860,20),
(4860,26),
(4860,54),
(4860,124),
(4861,7),
(4861,10),
(4861,26),
(4861,54),
(4861,79),
(4861,150),
(4862,10),
(4862,26),
(4862,28),
(4863,120),
(4864,8),
(4864,54),
(4865,6),
(4865,10),
(4865,67),
(4865,89),
(4865,91),
(4865,111),
(4865,120),
(4865,126),
(4865,151),
(4865,152),
(4866,7),
(4866,10),
(4867,8),
(4867,26),
(4867,54),
(4869,26),
(4870,7),
(4870,8),
(4870,10),
(4870,32),
(4871,7),
(4871,8),
(4871,10),
(4871,20),
(4871,26),
(4871,32),
(4871,54),
(4872,20),
(4873,6),
(4873,8),
(4873,9),
(4873,10),
(4873,54),
(4874,6),
(4874,7),
(4874,8),
(4874,10),
(4874,54),
(4874,126),
(4874,157),
(4876,8),
(4876,9),
(4876,10),
(4876,26),
(4876,171),
(4877,65),
(4878,6),
(4878,79),
(4879,10),
(4880,8),
(4880,32),
(4880,54),
(4881,9),
(4881,26),
(4881,28),
(4881,32),
(4881,54),
(4881,124),
(4883,10),
(4885,6),
(4887,7),
(4887,20),
(4887,26),
(4887,28),
(4887,62),
(4888,10),
(4889,37),
(4889,159),
(4890,20),
(4890,26),
(4890,54),
(4891,120),
(4892,10),
(4894,7),
(4894,26),
(4895,8),
(4895,27),
(4895,32),
(4897,8),
(4897,10),
(4897,18),
(4897,20),
(4897,26),
(4897,44),
(4898,20),
(4899,7),
(4899,8),
(4899,17),
(4899,26),
(4899,32),
(4900,6),
(4900,7),
(4900,28),
(4900,62),
(4901,6),
(4901,8),
(4901,10),
(4901,28),
(4901,163),
(4901,164),
(4902,68),
(4902,69),
(4902,85),
(4902,165),
(4902,166),
(4903,6),
(4903,7),
(4903,9),
(4903,10),
(4903,30),
(4903,54),
(4903,90),
(4905,6),
(4905,8),
(4905,10),
(4905,13),
(4905,14),
(4905,20),
(4905,32),
(4905,49),
(4905,54),
(4905,112),
(4905,136),
(4905,170),
(4905,171),
(4905,172),
(4905,175),
(4905,176),
(4905,177),
(4905,269),
(4906,7),
(4906,8),
(4906,9),
(4906,10),
(4906,120),
(4906,179),
(4906,180),
(4908,6),
(4908,7),
(4908,8),
(4908,10),
(4908,28),
(4909,6),
(4909,7),
(4909,8),
(4909,9),
(4909,10),
(4909,20),
(4909,32),
(4909,67),
(4909,126),
(4909,183),
(4911,20),
(4911,26),
(4911,27),
(4912,6),
(4912,8),
(4912,10),
(4912,26),
(4912,29),
(4912,54),
(4913,8),
(4913,26),
(4913,54),
(4913,124),
(4914,6),
(4914,7),
(4914,10),
(4914,20),
(4914,32),
(4915,6),
(4915,7),
(4915,13),
(4915,14),
(4915,28),
(4915,54),
(4915,116),
(4915,124),
(4915,135),
(4915,136),
(4915,184),
(4915,237),
(4918,20),
(4919,7),
(4919,8),
(4919,10),
(4919,13),
(4919,14),
(4919,20),
(4919,26),
(4919,28),
(4919,54),
(4922,6),
(4922,20),
(4922,28),
(4923,7),
(4923,8),
(4923,9),
(4923,10),
(4923,18),
(4923,26),
(4923,28),
(4923,30),
(4923,32),
(4923,54),
(4923,150),
(4924,6),
(4926,6),
(4926,7),
(4926,8),
(4926,26),
(4926,30),
(4926,62),
(4926,120),
(4926,188),
(4926,189),
(4926,190),
(4927,7),
(4927,10),
(4927,13),
(4927,14),
(4927,28),
(4927,32),
(4927,491),
(4929,6),
(4929,8),
(4929,10),
(4929,54),
(4932,8),
(4932,26),
(4932,54),
(4932,99),
(4932,111),
(4932,193),
(4933,8),
(4933,10),
(4933,20),
(4933,26),
(4933,120),
(4934,8),
(4934,20),
(4934,26),
(4934,32),
(4934,54),
(4934,120),
(4935,7),
(4937,7),
(4937,9),
(4937,10),
(4937,29),
(4937,32),
(4937,124),
(4938,6),
(4938,79),
(4940,28),
(4940,32),
(4940,194),
(4941,6),
(4941,7),
(4941,63),
(4941,77),
(4941,115),
(4941,116),
(4941,179),
(4941,202),
(4941,237),
(4942,62),
(4943,8),
(4943,10),
(4943,32),
(4943,67),
(4943,98),
(4943,120),
(4944,26),
(4944,120),
(4945,7),
(4945,10),
(4945,26),
(4945,28),
(4945,39),
(4945,202),
(4946,20),
(4946,54),
(4947,6),
(4947,8),
(4947,10),
(4947,13),
(4947,18),
(4947,32),
(4950,203),
(4951,7),
(4951,8),
(4951,9),
(4951,10),
(4951,32),
(4951,37),
(4951,40),
(4952,7),
(4952,9),
(4952,26),
(4952,27),
(4952,62),
(4952,124),
(4953,6),
(4953,8),
(4953,13),
(4953,14),
(4953,18),
(4953,32),
(4953,54),
(4953,135),
(4953,204),
(4953,206),
(4953,207),
(4954,17),
(4955,6),
(4955,10),
(4955,79),
(4955,127),
(4956,6),
(4956,8),
(4956,10),
(4956,30),
(4956,54),
(4957,6),
(4957,7),
(4957,20),
(4957,26),
(4957,37),
(4958,6),
(4958,7),
(4958,8),
(4958,10),
(4958,26),
(4958,54),
(4959,32),
(4959,54),
(4959,120),
(4959,208),
(4959,209),
(4959,210),
(4963,20),
(4964,26),
(4964,54),
(4964,210),
(4965,7),
(4965,8),
(4965,54),
(4966,8),
(4966,9),
(4966,10),
(4966,26),
(4966,30),
(4966,32),
(4967,26),
(4968,6),
(4968,7),
(4968,10),
(4968,28),
(4971,7),
(4971,10),
(4972,6),
(4974,7),
(4974,8),
(4974,10),
(4974,13),
(4974,14),
(4974,26),
(4974,54),
(4975,8),
(4976,7),
(4976,18),
(4976,27),
(4976,28),
(4977,10),
(4977,20),
(4978,13),
(4978,27),
(4978,64),
(4978,214),
(4978,215),
(4978,216),
(4978,217),
(4979,6),
(4979,7),
(4979,10),
(4979,20),
(4979,37),
(4979,90),
(4979,177),
(4980,6),
(4980,8),
(4980,54),
(4981,111),
(4982,6),
(4982,20),
(4984,6),
(4984,8),
(4984,13),
(4984,14),
(4984,20),
(4984,28),
(4984,54),
(4984,64),
(4984,68),
(4984,69),
(4984,85),
(4984,121),
(4984,126),
(4984,222),
(4984,223),
(4984,224),
(4984,225),
(4984,226),
(4985,7),
(4985,8),
(4985,10),
(4985,13),
(4985,18),
(4985,20),
(4985,26),
(4985,37),
(4985,63),
(4985,111),
(4985,228),
(4986,20),
(4988,7),
(4988,10),
(4988,26),
(4988,32),
(4988,62),
(4988,66),
(4988,163),
(4988,164),
(4989,85),
(4990,10),
(4991,7),
(4991,10),
(4991,62),
(4991,92),
(4991,157),
(4991,230),
(4992,8),
(4992,9),
(4992,10),
(4992,13),
(4992,14),
(4992,20),
(4992,32),
(4992,54),
(4992,171),
(4992,232),
(4992,234),
(4993,7),
(4994,8),
(4994,10),
(4994,26),
(4995,10),
(4995,124),
(4997,8),
(4997,10),
(4997,26),
(4997,32),
(4997,54),
(4998,6),
(4998,8),
(4998,54),
(4998,235),
(4999,20),
(5000,10),
(5002,6),
(5002,236),
(5003,6),
(5004,6),
(5004,10),
(5005,6),
(5005,54),
(5007,7),
(5007,10),
(5007,20),
(5007,67),
(5007,89),
(5008,6),
(5008,7),
(5008,8),
(5008,9),
(5008,10),
(5008,32),
(5008,54),
(5008,62),
(5008,120),
(5008,124),
(5008,237),
(5009,8),
(5009,10),
(5009,26),
(5009,54),
(5010,6),
(5010,7),
(5010,8),
(5010,10),
(5010,13),
(5010,14),
(5010,20),
(5010,54),
(5011,10),
(5011,54),
(5011,90),
(5011,239),
(5012,8),
(5012,20),
(5012,32),
(5013,9),
(5013,10),
(5013,18),
(5013,20),
(5013,32),
(5013,242),
(5014,7),
(5014,8),
(5014,9),
(5014,26),
(5014,54),
(5014,79),
(5016,6),
(5016,10),
(5016,54),
(5017,8),
(5017,26),
(5017,32),
(5018,10),
(5018,26),
(5019,20),
(5020,17),
(5020,91),
(5021,8),
(5021,26),
(5021,54),
(5021,202),
(5022,10),
(5023,6),
(5023,7),
(5023,10),
(5023,152),
(5023,247),
(5023,248),
(5024,6),
(5024,10),
(5024,248),
(5024,249),
(5024,250),
(5026,20),
(5026,251),
(5027,8),
(5027,10),
(5027,13),
(5027,14),
(5027,37),
(5029,20),
(5030,20),
(5030,32),
(5030,67),
(5030,111),
(5030,152),
(5030,204),
(5030,255),
(5030,256),
(5031,6),
(5031,7),
(5031,8),
(5031,9),
(5031,27),
(5031,90),
(5033,10),
(5033,32),
(5033,124),
(5034,10),
(5034,26),
(5034,32),
(5035,10),
(5036,10),
(5037,7),
(5037,27),
(5037,259),
(5038,6),
(5038,54),
(5039,6),
(5039,8),
(5039,10),
(5039,408),
(5040,10),
(5040,18),
(5040,26),
(5040,30),
(5042,8),
(5042,10),
(5042,26),
(5042,54),
(5043,6),
(5043,7),
(5043,62),
(5043,67),
(5043,107),
(5044,10),
(5045,20),
(5047,7),
(5047,20),
(5048,13),
(5048,14),
(5048,26),
(5048,54),
(5048,135),
(5048,163),
(5048,202),
(5048,264),
(5048,265),
(5049,6),
(5049,7),
(5049,10),
(5049,20),
(5049,28),
(5049,79),
(5050,10),
(5052,10),
(5052,136),
(5053,8),
(5053,10),
(5053,20),
(5054,136),
(5055,8),
(5055,10),
(5055,20),
(5055,26),
(5056,20),
(5057,8),
(5057,26),
(5057,27),
(5057,54),
(5058,7),
(5058,26),
(5058,37),
(5058,269),
(5058,270),
(5058,271),
(5059,20),
(5059,54),
(5060,20),
(5060,26),
(5061,8),
(5061,20),
(5061,54),
(5061,67),
(5061,136),
(5061,242),
(5061,273),
(5061,275),
(5061,276),
(5061,612),
(5062,6),
(5062,8),
(5062,9),
(5062,30),
(5062,54),
(5062,278),
(5063,20),
(5065,6),
(5065,65),
(5066,7),
(5066,8),
(5066,9),
(5066,10),
(5066,18),
(5066,29),
(5066,32),
(5067,7),
(5067,8),
(5067,10),
(5067,26),
(5067,32),
(5067,37),
(5067,39),
(5068,8),
(5068,9),
(5068,26),
(5068,54),
(5069,7),
(5069,8),
(5070,8),
(5070,26),
(5070,27),
(5070,32),
(5071,7),
(5071,42),
(5071,43),
(5071,62),
(5071,79),
(5071,280),
(5071,281),
(5071,282),
(5071,283),
(5072,8),
(5072,13),
(5072,26),
(5072,32),
(5072,54),
(5078,7),
(5080,8),
(5080,20),
(5080,26),
(5080,54),
(5081,6),
(5081,8),
(5081,10),
(5081,13),
(5081,14),
(5082,6),
(5082,20),
(5082,28),
(5082,62),
(5082,66),
(5082,102),
(5082,699),
(5083,8),
(5083,26),
(5083,54),
(5085,20),
(5085,62),
(5087,6),
(5087,7),
(5087,8),
(5087,10),
(5087,20),
(5088,26),
(5088,32),
(5088,54),
(5089,7),
(5089,10),
(5089,285),
(5090,8),
(5090,10),
(5090,26),
(5090,395),
(5091,30),
(5091,287),
(5093,7),
(5093,10),
(5093,20),
(5093,28),
(5093,62),
(5094,9),
(5094,18),
(5094,32),
(5094,62),
(5094,89),
(5094,290),
(5094,291),
(5097,8),
(5097,32),
(5097,292),
(5098,8),
(5098,30),
(5098,54),
(5099,6),
(5099,20),
(5099,54),
(5100,6),
(5100,10),
(5100,37),
(5101,68),
(5101,69),
(5101,99),
(5101,226),
(5101,293),
(5101,294),
(5101,295),
(5101,296),
(5101,298),
(5101,299),
(5101,302),
(5101,303),
(5101,304),
(5101,305),
(5101,306),
(5101,307),
(5101,308),
(5101,309),
(5101,310),
(5101,312),
(5101,313),
(5101,314),
(5101,315),
(5101,316),
(5101,317),
(5101,329),
(5101,380),
(5101,422),
(5102,9),
(5102,120),
(5104,10),
(5104,14),
(5104,20),
(5104,111),
(5104,112),
(5104,269),
(5104,270),
(5104,285),
(5104,319),
(5104,320),
(5104,321),
(5104,322),
(5104,323),
(5104,324),
(5104,325),
(5104,326),
(5104,327),
(5104,328),
(5104,329),
(5104,330),
(5104,331),
(5104,332),
(5104,333),
(5104,334),
(5105,9),
(5105,27),
(5105,37),
(5105,40),
(5105,121),
(5105,335),
(5106,10),
(5106,13),
(5106,32),
(5106,54),
(5106,336),
(5106,337),
(5107,6),
(5107,8),
(5107,10),
(5107,90),
(5108,6),
(5108,10),
(5108,27),
(5108,37),
(5108,338),
(5109,6),
(5109,7),
(5109,8),
(5109,10),
(5109,13),
(5109,14),
(5109,127),
(5109,230),
(5109,702),
(5109,703),
(5110,6),
(5110,10),
(5111,8),
(5111,26),
(5111,32),
(5112,9),
(5112,10),
(5112,26),
(5112,90),
(5112,340),
(5113,7),
(5113,54),
(5113,126),
(5114,7),
(5114,9),
(5114,10),
(5114,18),
(5114,107),
(5114,171),
(5114,204),
(5116,6),
(5116,10),
(5116,18),
(5116,28),
(5116,32),
(5116,54),
(5116,172),
(5118,8),
(5118,10),
(5118,13),
(5118,14),
(5118,26),
(5118,38),
(5118,127),
(5118,342),
(5119,8),
(5119,9),
(5119,10),
(5119,15),
(5119,16),
(5119,18),
(5119,20),
(5119,32),
(5119,39),
(5119,54),
(5119,344),
(5121,7),
(5121,8),
(5121,20),
(5122,10),
(5122,26),
(5124,7),
(5124,10),
(5126,20),
(5127,8),
(5127,26),
(5127,54),
(5127,348),
(5128,8),
(5128,10),
(5128,20),
(5128,26),
(5128,27),
(5128,29),
(5128,32),
(5128,54),
(5129,10),
(5130,6),
(5130,7),
(5130,9),
(5130,18),
(5130,20),
(5130,26),
(5130,28),
(5130,30),
(5130,32),
(5130,91),
(5130,124),
(5131,6),
(5131,8),
(5131,54),
(5131,322),
(5131,350),
(5131,351),
(5133,10),
(5133,120),
(5134,7),
(5134,8),
(5134,18),
(5134,26),
(5134,32),
(5134,91),
(5134,124),
(5136,10),
(5136,91),
(5138,8),
(5138,26),
(5138,54),
(5138,120),
(5138,124),
(5138,278),
(5139,8),
(5139,10),
(5139,13),
(5139,20),
(5139,54),
(5139,111),
(5139,353),
(5139,354),
(5141,355),
(5142,8),
(5142,26),
(5142,54),
(5143,9),
(5143,29),
(5143,30),
(5143,32),
(5143,90),
(5146,6),
(5146,7),
(5146,10),
(5146,28),
(5146,79),
(5146,150),
(5147,79),
(5147,126),
(5147,357),
(5147,358),
(5148,6),
(5148,8),
(5148,9),
(5148,13),
(5148,14),
(5148,15),
(5148,16),
(5148,18),
(5148,64),
(5148,359),
(5148,360),
(5148,361),
(5149,7),
(5149,26),
(5149,28),
(5149,32),
(5149,147),
(5149,351),
(5149,362),
(5149,363),
(5149,364),
(5149,365),
(5149,366),
(5149,368),
(5149,369),
(5149,370),
(5150,54),
(5151,20),
(5152,8),
(5152,10),
(5152,13),
(5152,14),
(5152,20),
(5152,32),
(5152,37),
(5152,135),
(5153,26),
(5153,32),
(5153,283),
(5156,6),
(5156,10),
(5156,54),
(5158,7),
(5158,8),
(5158,32),
(5159,6),
(5159,54),
(5161,7),
(5161,8),
(5161,13),
(5161,14),
(5161,26),
(5161,54),
(5161,112),
(5161,171),
(5161,214),
(5161,271),
(5161,361),
(5162,6),
(5162,8),
(5162,10),
(5163,62),
(5164,6),
(5164,10),
(5164,28),
(5165,7),
(5165,20),
(5165,62),
(5165,79),
(5165,290),
(5167,6),
(5167,7),
(5167,28),
(5167,62),
(5167,66),
(5167,111),
(5167,374),
(5167,433),
(5168,7),
(5168,10),
(5168,91),
(5168,150),
(5169,10),
(5170,89),
(5170,376),
(5173,6),
(5173,7),
(5173,10),
(5173,20),
(5173,28),
(5173,62),
(5175,67),
(5177,7),
(5177,8),
(5177,10),
(5177,26),
(5178,6),
(5178,7),
(5178,20),
(5178,377),
(5179,7),
(5179,20),
(5179,378),
(5180,10),
(5180,13),
(5180,14),
(5180,379),
(5181,6),
(5181,54),
(5181,107),
(5181,150),
(5181,380),
(5182,6),
(5182,28),
(5182,54),
(5182,120),
(5183,6),
(5183,10),
(5183,120),
(5184,9),
(5184,10),
(5184,27),
(5184,37),
(5184,90),
(5184,355),
(5184,382),
(5185,8),
(5185,10),
(5185,26),
(5185,28),
(5187,7),
(5187,8),
(5187,10),
(5187,26),
(5189,10),
(5189,32),
(5189,62),
(5190,6),
(5190,26),
(5190,54),
(5190,166),
(5190,290),
(5192,6),
(5192,62),
(5193,7),
(5193,10),
(5193,111),
(5194,8),
(5194,13),
(5194,26),
(5194,54),
(5196,9),
(5196,10),
(5196,18),
(5196,29),
(5196,67),
(5196,89),
(5196,115),
(5196,120),
(5196,383),
(5197,7),
(5197,10),
(5197,90),
(5197,112),
(5198,7),
(5198,8),
(5198,9),
(5198,13),
(5198,14),
(5198,26),
(5198,28),
(5198,54),
(5198,62),
(5198,385),
(5200,20),
(5200,107),
(5201,54),
(5202,8),
(5202,10),
(5202,32),
(5202,387),
(5202,388),
(5203,6),
(5203,8),
(5203,10),
(5203,62),
(5203,120),
(5206,9),
(5206,18),
(5206,124),
(5207,6),
(5207,26),
(5208,20),
(5209,54),
(5210,8),
(5210,9),
(5210,26),
(5210,32),
(5212,7),
(5212,9),
(5212,26),
(5212,32),
(5213,10),
(5213,18),
(5213,32),
(5214,8),
(5214,27),
(5214,32),
(5214,394),
(5217,20),
(5217,54),
(5219,6),
(5219,9),
(5219,10),
(5219,54),
(5220,6),
(5220,8),
(5220,54),
(5220,163),
(5220,395),
(5222,6),
(5222,8),
(5222,37),
(5223,8),
(5223,10),
(5223,26),
(5223,54),
(5226,6),
(5226,8),
(5226,27),
(5226,32),
(5226,54),
(5227,8),
(5227,26),
(5227,54),
(5228,6),
(5228,7),
(5228,8),
(5228,10),
(5228,14),
(5228,26),
(5228,32),
(5228,54),
(5228,62),
(5228,89),
(5228,124),
(5228,398),
(5228,399),
(5231,6),
(5231,8),
(5231,9),
(5231,10),
(5231,20),
(5231,115),
(5232,8),
(5232,9),
(5232,26),
(5232,54),
(5233,8),
(5233,26),
(5233,54),
(5234,6),
(5234,7),
(5234,8),
(5234,10),
(5234,32),
(5234,120),
(5234,329),
(5234,401),
(5235,62),
(5235,79),
(5235,102),
(5235,107),
(5235,269),
(5235,404),
(5235,405),
(5236,6),
(5236,10),
(5236,54),
(5238,7),
(5238,54),
(5239,408),
(5241,32),
(5241,248),
(5244,7),
(5244,8),
(5244,20),
(5244,26),
(5244,32),
(5244,54),
(5245,10),
(5245,68),
(5245,69),
(5245,89),
(5245,136),
(5245,239),
(5245,409),
(5245,410),
(5246,6),
(5246,10),
(5246,26),
(5246,30),
(5246,54),
(5249,9),
(5249,10),
(5249,28),
(5249,30),
(5249,412),
(5249,413),
(5250,120),
(5251,20),
(5251,111),
(5251,351),
(5251,415),
(5251,416),
(5252,8),
(5252,9),
(5252,10),
(5252,13),
(5252,14),
(5252,26),
(5252,68),
(5252,69),
(5252,70),
(5252,116),
(5252,126),
(5252,222),
(5252,319),
(5252,418),
(5252,419),
(5252,420),
(5252,421),
(5252,422),
(5252,423),
(5252,424),
(5252,425),
(5253,7),
(5253,26),
(5254,8),
(5254,10),
(5255,6),
(5255,10),
(5255,111),
(5255,163),
(5255,374),
(5258,6),
(5258,7),
(5258,8),
(5258,18),
(5258,27),
(5258,28),
(5258,32),
(5258,37),
(5258,54),
(5258,427),
(5260,6),
(5260,8),
(5260,10),
(5260,37),
(5262,13),
(5262,14),
(5262,54),
(5262,170),
(5262,378),
(5263,26),
(5263,32),
(5264,8),
(5264,26),
(5264,54),
(5265,8),
(5265,10),
(5265,68),
(5265,69),
(5265,91),
(5265,164),
(5265,222),
(5265,410),
(5267,7),
(5267,10),
(5267,20),
(5268,9),
(5268,10),
(5268,37),
(5269,429),
(5271,10),
(5272,26),
(5275,8),
(5275,13),
(5275,14),
(5275,26),
(5275,54),
(5276,6),
(5276,8),
(5276,54),
(5277,8),
(5278,26),
(5278,62),
(5279,7),
(5279,10),
(5279,28),
(5279,66),
(5279,79),
(5279,81),
(5279,89),
(5279,120),
(5279,136),
(5279,374),
(5279,430),
(5279,431),
(5279,433),
(5280,7),
(5280,8),
(5280,10),
(5280,13),
(5280,14),
(5280,26),
(5280,32),
(5281,6),
(5283,6),
(5283,8),
(5283,10),
(5283,13),
(5283,14),
(5283,120),
(5284,65),
(5284,435),
(5286,111),
(5286,385),
(5286,575),
(5287,26),
(5289,6),
(5289,8),
(5289,10),
(5289,32),
(5290,6),
(5290,8),
(5290,10),
(5291,8),
(5291,10),
(5291,20),
(5291,26),
(5291,54),
(5291,102),
(5291,291),
(5291,419),
(5291,440),
(5294,150),
(5295,7),
(5295,8),
(5295,10),
(5295,13),
(5295,20),
(5295,26),
(5296,26),
(5296,27),
(5296,32),
(5299,8),
(5299,20),
(5299,26),
(5299,27),
(5299,291),
(5299,329),
(5300,6),
(5300,8),
(5300,54),
(5300,91),
(5300,98),
(5301,8),
(5301,9),
(5301,10),
(5301,32),
(5301,54),
(5301,283),
(5303,6),
(5303,10),
(5303,32),
(5304,6),
(5304,7),
(5305,7),
(5305,28),
(5305,30),
(5305,84),
(5305,150),
(5305,337),
(5305,443),
(5305,445),
(5305,447),
(5305,448),
(5305,449),
(5305,620),
(5305,657),
(5306,18),
(5306,32),
(5307,7),
(5307,8),
(5307,26),
(5307,27),
(5307,32),
(5307,54),
(5308,6),
(5308,8),
(5308,9),
(5308,10),
(5308,32),
(5308,44),
(5309,8),
(5309,10),
(5309,26),
(5310,7),
(5310,8),
(5310,10),
(5310,54),
(5311,26),
(5311,79),
(5312,7),
(5312,8),
(5312,10),
(5312,28),
(5312,32),
(5312,132),
(5313,6),
(5313,8),
(5313,10),
(5313,37),
(5313,164),
(5314,27),
(5314,120),
(5315,8),
(5315,9),
(5315,10),
(5315,32),
(5315,37),
(5315,395),
(5315,453),
(5316,8),
(5316,9),
(5316,32),
(5317,6),
(5317,7),
(5317,65),
(5317,67),
(5317,115),
(5317,120),
(5317,700),
(5318,6),
(5318,7),
(5318,20),
(5318,62),
(5319,6),
(5319,7),
(5319,14),
(5319,65),
(5319,120),
(5320,6),
(5320,7),
(5320,10),
(5320,293),
(5321,6),
(5321,7),
(5321,10),
(5321,18),
(5321,124),
(5322,7),
(5322,8),
(5322,17),
(5324,8),
(5324,9),
(5324,20),
(5324,26),
(5324,54),
(5325,6),
(5325,7),
(5325,8),
(5325,9),
(5325,10),
(5325,18),
(5325,28),
(5325,42),
(5325,54),
(5325,77),
(5325,107),
(5325,269),
(5326,10),
(5326,26),
(5327,8),
(5327,20),
(5327,26),
(5327,54),
(5327,109),
(5328,10),
(5328,26),
(5328,28),
(5328,62),
(5328,120),
(5330,62),
(5331,9),
(5331,27),
(5331,111),
(5332,8),
(5332,10),
(5332,26),
(5332,54),
(5332,269),
(5332,460),
(5333,7),
(5333,9),
(5333,18),
(5333,20),
(5333,26),
(5335,6),
(5335,10),
(5335,20),
(5335,26),
(5335,68),
(5335,69),
(5335,111),
(5335,136),
(5336,9),
(5336,27),
(5336,214),
(5339,62),
(5339,68),
(5339,69),
(5339,99),
(5339,307),
(5340,7),
(5340,8),
(5340,10),
(5340,28),
(5340,32),
(5341,7),
(5341,26),
(5341,27),
(5341,54),
(5341,463),
(5341,464),
(5342,6),
(5342,10),
(5343,20),
(5344,6),
(5344,62),
(5344,466),
(5345,136),
(5345,405),
(5346,7),
(5346,9),
(5346,18),
(5346,32),
(5346,62),
(5347,8),
(5347,10),
(5347,20),
(5347,26),
(5347,54),
(5347,62),
(5347,111),
(5347,112),
(5347,120),
(5347,127),
(5347,269),
(5347,468),
(5350,10),
(5350,26),
(5350,28),
(5351,8),
(5351,10),
(5351,26),
(5351,283),
(5351,469),
(5351,470),
(5351,471),
(5352,26),
(5353,6),
(5353,7),
(5353,8),
(5353,9),
(5353,10),
(5353,18),
(5353,20),
(5353,28),
(5353,29),
(5353,32),
(5353,91),
(5354,8),
(5354,17),
(5354,20),
(5354,26),
(5356,27),
(5359,10),
(5359,26),
(5359,157),
(5359,171),
(5359,472),
(5361,8),
(5361,26),
(5361,54),
(5362,8),
(5362,26),
(5362,32),
(5362,54),
(5362,433),
(5363,10),
(5363,20),
(5363,26),
(5363,32),
(5364,7),
(5364,20),
(5364,28),
(5364,91),
(5364,120),
(5364,126),
(5364,151),
(5364,542),
(5365,6),
(5365,8),
(5365,10),
(5365,20),
(5365,26),
(5365,54),
(5365,120),
(5367,7),
(5367,8),
(5367,32),
(5369,7),
(5369,8),
(5369,10),
(5369,13),
(5369,14),
(5369,26),
(5369,32),
(5369,54),
(5369,91),
(5369,120),
(5369,208),
(5369,476),
(5370,8),
(5370,10),
(5370,20),
(5370,26),
(5370,469),
(5370,478),
(5370,479),
(5370,480),
(5371,8),
(5371,26),
(5372,27),
(5372,89),
(5372,111),
(5372,120),
(5372,136),
(5372,171),
(5372,481),
(5373,7),
(5373,31),
(5373,127),
(5373,269),
(5373,278),
(5373,482),
(5373,483),
(5373,484),
(5373,485),
(5374,6),
(5374,7),
(5374,9),
(5374,10),
(5374,248),
(5375,20),
(5376,6),
(5376,8),
(5376,10),
(5376,54),
(5376,62),
(5377,26),
(5377,54),
(5378,6),
(5378,10),
(5378,28),
(5378,32),
(5378,54),
(5378,120),
(5378,487),
(5379,8),
(5379,54),
(5382,26),
(5382,54),
(5383,20),
(5385,6),
(5385,8),
(5385,10),
(5386,8),
(5386,26),
(5386,54),
(5388,10),
(5388,20),
(5388,79),
(5388,112),
(5388,118),
(5388,285),
(5389,7),
(5389,18),
(5389,30),
(5389,32),
(5389,401),
(5389,489),
(5390,8),
(5390,10),
(5390,26),
(5390,32),
(5390,54),
(5391,8),
(5391,9),
(5391,10),
(5391,20),
(5391,26),
(5391,32),
(5392,6),
(5392,7),
(5392,20),
(5392,28),
(5392,62),
(5392,139),
(5393,8),
(5393,20),
(5393,26),
(5393,32),
(5393,49),
(5393,54),
(5393,163),
(5393,230),
(5393,491),
(5394,9),
(5394,37),
(5394,62),
(5394,120),
(5396,6),
(5396,8),
(5396,10),
(5396,20),
(5396,30),
(5396,54),
(5397,26),
(5397,62),
(5397,492),
(5398,7),
(5398,9),
(5398,10),
(5398,18),
(5398,20),
(5398,32),
(5401,6),
(5401,26),
(5402,10),
(5403,10),
(5403,32),
(5404,20),
(5405,8),
(5405,10),
(5406,20),
(5407,6),
(5407,8),
(5407,9),
(5407,10),
(5407,20),
(5407,37),
(5407,54),
(5408,6),
(5408,8),
(5408,10),
(5410,10),
(5412,6),
(5412,8),
(5412,9),
(5412,32),
(5412,54),
(5412,90),
(5412,248),
(5413,20),
(5414,7),
(5414,8),
(5414,9),
(5414,10),
(5414,13),
(5414,14),
(5414,18),
(5414,26),
(5414,32),
(5414,64),
(5414,109),
(5414,120),
(5414,208),
(5414,378),
(5414,499),
(5415,9),
(5415,26),
(5415,32),
(5417,7),
(5417,8),
(5417,9),
(5417,13),
(5417,14),
(5417,17),
(5417,20),
(5417,26),
(5417,32),
(5417,37),
(5417,39),
(5417,102),
(5417,111),
(5417,179),
(5417,500),
(5417,501),
(5417,502),
(5418,9),
(5418,10),
(5418,20),
(5420,6),
(5420,7),
(5420,10),
(5420,28),
(5420,79),
(5420,81),
(5420,118),
(5420,136),
(5420,433),
(5421,6),
(5421,7),
(5421,8),
(5421,9),
(5421,20),
(5421,28),
(5421,54),
(5425,503),
(5427,6),
(5427,7),
(5427,10),
(5427,32),
(5428,7),
(5428,8),
(5428,10),
(5428,32),
(5429,7),
(5429,10),
(5429,28),
(5429,62),
(5429,65),
(5429,505),
(5429,506),
(5430,7),
(5430,54),
(5431,8),
(5431,20),
(5431,26),
(5431,54),
(5431,120),
(5431,210),
(5432,7),
(5432,10),
(5432,32),
(5433,7),
(5433,10),
(5433,30),
(5437,8),
(5437,54),
(5437,116),
(5438,8),
(5438,9),
(5438,26),
(5438,54),
(5438,507),
(5439,6),
(5439,54),
(5440,65),
(5440,68),
(5440,69),
(5440,239),
(5440,410),
(5440,425),
(5440,508),
(5440,509),
(5440,510),
(5441,6),
(5441,8),
(5441,10),
(5441,26),
(5441,32),
(5441,54),
(5441,511),
(5443,6),
(5443,8),
(5443,10),
(5443,54),
(5443,120),
(5443,127),
(5443,210),
(5444,8),
(5444,26),
(5444,54),
(5444,395),
(5445,8),
(5445,9),
(5445,26),
(5445,32),
(5445,54),
(5446,8),
(5446,10),
(5446,32),
(5446,91),
(5447,107),
(5447,127),
(5449,6),
(5449,7),
(5449,10),
(5449,20),
(5449,54),
(5449,62),
(5451,10),
(5451,32),
(5451,430),
(5452,6),
(5452,18),
(5452,20),
(5452,32),
(5454,6),
(5455,10),
(5455,26),
(5455,31),
(5455,111),
(5455,112),
(5455,120),
(5455,514),
(5455,666),
(5455,705),
(5456,7),
(5456,20),
(5456,62),
(5456,79),
(5456,81),
(5456,179),
(5456,188),
(5456,515),
(5456,516),
(5456,517),
(5458,10),
(5458,20),
(5458,54),
(5458,120),
(5459,6),
(5459,8),
(5459,26),
(5459,54),
(5460,10),
(5460,26),
(5461,9),
(5461,26),
(5461,32),
(5461,344),
(5461,519),
(5462,8),
(5462,10),
(5462,20),
(5462,26),
(5462,32),
(5462,54),
(5463,6),
(5463,8),
(5463,10),
(5463,32),
(5464,6),
(5464,8),
(5464,20),
(5464,65),
(5464,79),
(5464,521),
(5465,6),
(5465,7),
(5465,8),
(5465,14),
(5465,20),
(5465,32),
(5465,54),
(5465,116),
(5465,120),
(5465,126),
(5465,278),
(5465,523),
(5466,6),
(5466,54),
(5468,10),
(5469,6),
(5469,30),
(5469,32),
(5470,54),
(5470,79),
(5470,81),
(5473,6),
(5473,10),
(5474,27),
(5474,37),
(5475,6),
(5475,7),
(5475,20),
(5475,26),
(5475,28),
(5475,65),
(5475,136),
(5475,317),
(5475,385),
(5475,526),
(5475,527),
(5476,8),
(5476,20),
(5476,26),
(5476,32),
(5476,54),
(5476,62),
(5476,283),
(5477,8),
(5477,26),
(5478,6),
(5478,8),
(5478,10),
(5478,209),
(5479,10),
(5479,20),
(5479,26),
(5479,54),
(5480,20),
(5480,26),
(5483,54),
(5485,8),
(5485,18),
(5485,26),
(5485,54),
(5486,20),
(5486,26),
(5486,54),
(5488,6),
(5488,7),
(5488,10),
(5488,39),
(5488,91),
(5495,7),
(5495,8),
(5495,10),
(5495,13),
(5495,26),
(5495,28),
(5495,37),
(5495,54),
(5495,529),
(5496,7),
(5496,8),
(5496,18),
(5496,26),
(5496,32),
(5497,7),
(5497,10),
(5497,20),
(5497,531),
(5498,7),
(5498,8),
(5498,28),
(5499,532),
(5501,6),
(5501,8),
(5501,20),
(5501,32),
(5501,54),
(5501,116),
(5501,120),
(5501,132),
(5501,440),
(5502,7),
(5502,8),
(5502,10),
(5502,20),
(5502,32),
(5502,45),
(5502,124),
(5502,534),
(5502,536),
(5504,8),
(5504,26),
(5504,54),
(5504,112),
(5504,126),
(5506,8),
(5506,9),
(5506,10),
(5506,26),
(5506,32),
(5507,7),
(5507,8),
(5507,9),
(5507,18),
(5507,20),
(5507,32),
(5510,20),
(5511,6),
(5511,28),
(5512,120),
(5513,20),
(5513,65),
(5513,68),
(5513,69),
(5513,223),
(5513,435),
(5513,538),
(5514,7),
(5514,8),
(5514,10),
(5514,20),
(5514,26),
(5514,62),
(5514,89),
(5514,136),
(5514,166),
(5516,6),
(5516,8),
(5516,26),
(5516,32),
(5516,54),
(5518,8),
(5518,13),
(5518,26),
(5518,54),
(5519,9),
(5519,10),
(5519,26),
(5519,449),
(5519,539),
(5523,7),
(5523,37),
(5524,9),
(5526,26),
(5528,7),
(5529,7),
(5529,10),
(5529,26),
(5529,32),
(5529,124),
(5530,10),
(5530,26),
(5530,30),
(5530,54),
(5531,7),
(5531,9),
(5531,10),
(5531,13),
(5531,14),
(5531,28),
(5531,29),
(5531,62),
(5531,120),
(5531,166),
(5531,171),
(5531,290),
(5531,541),
(5531,542),
(5532,10),
(5532,30),
(5532,32),
(5533,10),
(5533,20),
(5533,26),
(5535,6),
(5536,6),
(5536,7),
(5536,8),
(5536,27),
(5536,32),
(5536,430),
(5537,10),
(5537,120),
(5540,10),
(5540,26),
(5540,67),
(5543,7),
(5543,10),
(5543,32),
(5544,6),
(5544,10),
(5544,111),
(5544,136),
(5545,26),
(5546,20),
(5546,26),
(5548,6),
(5548,20),
(5548,466),
(5548,544),
(5549,7),
(5549,8),
(5549,32),
(5550,126),
(5550,464),
(5551,8),
(5551,10),
(5551,26),
(5551,28),
(5552,10),
(5552,65),
(5555,10),
(5556,26),
(5556,32),
(5558,8),
(5558,10),
(5558,32),
(5558,54),
(5559,7),
(5560,7),
(5560,8),
(5560,10),
(5560,20),
(5560,28),
(5560,128),
(5561,9),
(5561,18),
(5561,20),
(5561,26),
(5561,28),
(5561,62),
(5561,150),
(5561,237),
(5562,20),
(5563,7),
(5563,13),
(5563,26),
(5563,79),
(5563,249),
(5565,6),
(5565,8),
(5565,10),
(5565,20),
(5565,30),
(5565,32),
(5565,54),
(5566,6),
(5566,8),
(5566,54),
(5566,545),
(5566,546),
(5567,6),
(5567,9),
(5567,26),
(5567,90),
(5569,62),
(5569,66),
(5569,136),
(5569,290),
(5569,385),
(5569,433),
(5569,547),
(5569,548),
(5569,549),
(5569,550),
(5569,551),
(5569,552),
(5569,553),
(5569,554),
(5573,6),
(5573,7),
(5573,8),
(5573,10),
(5573,13),
(5573,18),
(5573,32),
(5573,132),
(5574,20),
(5576,6),
(5576,65),
(5576,67),
(5576,120),
(5576,171),
(5576,283),
(5577,6),
(5577,10),
(5577,291),
(5577,430),
(5578,8),
(5578,10),
(5578,13),
(5578,14),
(5578,26),
(5578,28),
(5578,54),
(5578,120),
(5578,163),
(5578,556),
(5579,9),
(5579,32),
(5580,7),
(5580,28),
(5580,84),
(5580,166),
(5580,188),
(5580,557),
(5581,9),
(5581,13),
(5581,14),
(5581,124),
(5583,27),
(5584,7),
(5585,10),
(5585,26),
(5586,6),
(5586,8),
(5586,9),
(5586,10),
(5586,32),
(5586,120),
(5586,558),
(5588,7),
(5588,8),
(5588,32),
(5588,54),
(5589,10),
(5591,6),
(5591,7),
(5591,8),
(5591,10),
(5591,54),
(5591,433),
(5592,8),
(5592,10),
(5592,26),
(5592,28),
(5593,20),
(5595,9),
(5595,32),
(5595,37),
(5596,6),
(5596,7),
(5597,20),
(5599,7),
(5599,8),
(5599,9),
(5599,10),
(5599,20),
(5599,26),
(5599,27),
(5599,29),
(5599,30),
(5599,32),
(5599,37),
(5599,54),
(5599,62),
(5599,91),
(5600,7),
(5600,10),
(5600,20),
(5600,99),
(5600,291),
(5601,7),
(5601,8),
(5601,9),
(5601,26),
(5601,28),
(5601,32),
(5601,54),
(5601,120),
(5602,7),
(5602,10),
(5602,13),
(5602,14),
(5602,20),
(5605,20),
(5605,26),
(5605,54),
(5605,566),
(5608,7),
(5608,8),
(5608,9),
(5608,10),
(5608,20),
(5608,32),
(5609,6),
(5609,7),
(5609,8),
(5609,9),
(5609,10),
(5609,20),
(5609,26),
(5609,32),
(5609,39),
(5609,54),
(5609,111),
(5609,126),
(5609,164),
(5609,179),
(5609,464),
(5611,8),
(5611,9),
(5611,10),
(5611,26),
(5611,30),
(5611,54),
(5612,10),
(5612,79),
(5613,8),
(5613,9),
(5613,18),
(5613,29),
(5613,32),
(5615,32),
(5615,91),
(5615,120),
(5615,126),
(5616,6),
(5616,28),
(5617,32),
(5621,7),
(5621,8),
(5621,10),
(5621,26),
(5621,32),
(5621,54),
(5622,8),
(5622,10),
(5622,26),
(5622,32),
(5622,568),
(5624,10),
(5624,20),
(5624,37),
(5624,91),
(5624,491),
(5625,10),
(5625,26),
(5625,32),
(5626,8),
(5626,26),
(5626,32),
(5626,37),
(5626,54),
(5626,570),
(5628,6),
(5628,8),
(5628,10),
(5629,27),
(5629,37),
(5629,90),
(5631,20),
(5632,7),
(5632,20),
(5633,20),
(5633,65),
(5633,89),
(5633,293),
(5633,573),
(5634,7),
(5634,8),
(5634,10),
(5634,13),
(5634,26),
(5634,32),
(5635,27),
(5637,10),
(5637,20),
(5637,26),
(5637,54),
(5638,120),
(5639,6),
(5639,20),
(5639,26),
(5639,287),
(5639,575),
(5641,7),
(5641,28),
(5641,32),
(5641,62),
(5643,26),
(5643,54),
(5645,6),
(5645,8),
(5645,9),
(5645,10),
(5646,7),
(5646,8),
(5646,10),
(5646,26),
(5646,37),
(5647,10),
(5647,26),
(5647,43),
(5647,91),
(5647,107),
(5647,111),
(5647,120),
(5647,269),
(5647,576),
(5649,8),
(5649,26),
(5649,54),
(5653,8),
(5653,10),
(5653,20),
(5653,32),
(5653,120),
(5654,6),
(5654,7),
(5654,8),
(5654,9),
(5654,10),
(5654,37),
(5658,6),
(5658,7),
(5658,10),
(5660,10),
(5662,8),
(5662,9),
(5662,26),
(5662,32),
(5662,54),
(5664,7),
(5664,8),
(5664,9),
(5664,26),
(5664,32),
(5664,120),
(5664,248),
(5666,6),
(5666,30),
(5666,62),
(5667,7),
(5667,26),
(5669,6),
(5669,54),
(5670,6),
(5670,54),
(5671,26),
(5671,120),
(5676,10),
(5677,7),
(5677,8),
(5677,9),
(5677,20),
(5677,32),
(5678,20),
(5678,26),
(5678,578),
(5678,579),
(5679,10),
(5679,157),
(5679,171),
(5679,331),
(5679,581),
(5680,8),
(5680,10),
(5680,26),
(5680,32),
(5681,8),
(5681,20),
(5681,26),
(5681,54),
(5682,20),
(5682,27),
(5682,79),
(5682,291),
(5682,374),
(5682,433),
(5683,6),
(5683,20),
(5683,27),
(5683,519),
(5684,6),
(5684,139),
(5684,582),
(5685,8),
(5685,10),
(5685,26),
(5685,32),
(5686,32),
(5688,10),
(5688,26),
(5690,8),
(5690,26),
(5690,32),
(5690,54),
(5691,8),
(5691,20),
(5691,32),
(5691,54),
(5691,124),
(5692,8),
(5692,26),
(5692,54),
(5693,63),
(5694,9),
(5694,10),
(5694,20),
(5694,37),
(5694,120),
(5695,7),
(5695,8),
(5695,10),
(5695,20),
(5695,32),
(5695,54),
(5695,124),
(5696,7),
(5696,8),
(5696,10),
(5696,586),
(5696,587),
(5697,6),
(5697,430),
(5697,588),
(5698,7),
(5698,10),
(5698,20),
(5698,116),
(5698,120),
(5698,589),
(5700,37),
(5700,91),
(5700,283),
(5702,6),
(5702,8),
(5702,10),
(5702,20),
(5702,32),
(5703,27),
(5703,79),
(5703,81),
(5703,592),
(5703,593),
(5703,594),
(5704,10),
(5704,30),
(5705,7),
(5705,8),
(5705,26),
(5705,54),
(5706,54),
(5708,13),
(5708,14),
(5708,18),
(5708,26),
(5708,39),
(5708,383),
(5708,500),
(5710,7),
(5710,10),
(5710,556),
(5712,7),
(5712,10),
(5712,126),
(5713,7),
(5713,120),
(5713,126),
(5714,8),
(5714,10),
(5714,26),
(5714,54),
(5715,6),
(5715,7),
(5715,8),
(5715,9),
(5715,10),
(5715,11),
(5715,32),
(5715,54),
(5715,90),
(5716,7),
(5716,8),
(5716,10),
(5716,13),
(5716,14),
(5716,20),
(5716,32),
(5716,120),
(5716,136),
(5716,597),
(5717,20),
(5717,26),
(5717,54),
(5717,269),
(5718,6),
(5718,10),
(5718,20),
(5718,54),
(5719,6),
(5719,8),
(5719,10),
(5719,28),
(5719,67),
(5719,118),
(5719,126),
(5719,128),
(5719,136),
(5720,7),
(5720,8),
(5720,9),
(5720,10),
(5720,26),
(5720,30),
(5720,32),
(5720,39),
(5720,124),
(5721,7),
(5721,10),
(5721,26),
(5721,28),
(5722,10),
(5722,13),
(5722,20),
(5722,26),
(5722,28),
(5722,99),
(5722,107),
(5722,135),
(5722,171),
(5722,269),
(5722,329),
(5722,353),
(5722,600),
(5722,601),
(5722,602),
(5723,116),
(5723,120),
(5724,8),
(5724,9),
(5724,11),
(5724,26),
(5725,6),
(5725,8),
(5725,54),
(5726,8),
(5726,26),
(5726,32),
(5726,54),
(5727,6),
(5727,606),
(5728,6),
(5728,8),
(5728,9),
(5728,10),
(5728,11),
(5728,18),
(5728,20),
(5728,44),
(5728,120),
(5728,124),
(5728,269),
(5728,607),
(5728,608),
(5728,612),
(5730,6),
(5730,10),
(5731,9),
(5731,32),
(5731,250),
(5732,7),
(5732,8),
(5732,54),
(5734,26),
(5735,26),
(5735,79),
(5735,91),
(5736,8),
(5736,10),
(5736,26),
(5736,54),
(5737,8),
(5737,10),
(5737,26),
(5737,32),
(5737,90),
(5737,248),
(5739,7),
(5739,8),
(5739,27),
(5739,32),
(5740,7),
(5740,10),
(5740,20),
(5740,54),
(5741,6),
(5746,7),
(5746,8),
(5746,20),
(5746,27),
(5746,28),
(5747,6),
(5747,7),
(5747,8),
(5747,9),
(5747,18),
(5747,27),
(5747,32),
(5747,37),
(5751,54),
(5752,7),
(5752,8),
(5752,136),
(5752,171),
(5752,269),
(5753,6),
(5753,8),
(5753,10),
(5753,20),
(5753,111),
(5753,112),
(5753,120),
(5753,210),
(5753,612),
(5754,8),
(5754,10),
(5754,26),
(5754,38),
(5754,54),
(5757,6),
(5757,7),
(5757,8),
(5757,13),
(5757,14),
(5757,20),
(5757,54),
(5757,111),
(5757,127),
(5757,135),
(5757,171),
(5757,613),
(5757,614),
(5757,615),
(5758,54),
(5760,10),
(5760,20),
(5760,26),
(5760,617),
(5762,54),
(5766,8),
(5766,26),
(5766,30),
(5766,54),
(5766,98),
(5766,542),
(5766,618),
(5766,619),
(5766,620),
(5766,621),
(5769,111),
(5771,8),
(5771,10),
(5771,32),
(5772,9),
(5776,54),
(5777,6),
(5777,8),
(5777,20),
(5777,54),
(5778,10),
(5779,6),
(5779,8),
(5779,10),
(5781,8),
(5781,10),
(5781,20),
(5781,26),
(5781,54),
(5783,6),
(5783,10),
(5783,20),
(5783,30),
(5783,66),
(5783,623),
(5785,7),
(5785,10),
(5785,20),
(5785,26),
(5785,54),
(5786,10),
(5786,32),
(5786,99),
(5786,111),
(5786,112),
(5786,380),
(5787,6),
(5787,8),
(5787,27),
(5789,9),
(5789,10),
(5789,28),
(5793,6),
(5793,8),
(5793,10),
(5793,20),
(5793,54),
(5796,20),
(5797,10),
(5797,625),
(5798,7),
(5798,10),
(5798,11),
(5798,20),
(5798,32),
(5799,10),
(5799,26),
(5799,28),
(5799,120),
(5799,627),
(5801,26),
(5801,32),
(5801,37),
(5801,628),
(5801,629),
(5804,8),
(5804,26),
(5804,54),
(5805,6),
(5805,10),
(5805,28),
(5805,54),
(5806,26),
(5806,54),
(5807,8),
(5807,10),
(5807,26),
(5807,54),
(5807,120),
(5807,631),
(5808,6),
(5808,8),
(5808,10),
(5808,54),
(5809,20),
(5810,8),
(5810,37),
(5810,67),
(5811,8),
(5811,10),
(5811,26),
(5811,54),
(5811,283),
(5812,37),
(5812,633),
(5814,8),
(5814,10),
(5814,13),
(5814,26),
(5814,32),
(5814,124),
(5814,353),
(5816,20),
(5821,7),
(5821,13),
(5821,26),
(5821,63),
(5822,10),
(5822,32),
(5824,6),
(5824,8),
(5824,10),
(5824,14),
(5824,20),
(5824,171),
(5824,179),
(5827,330),
(5831,6),
(5831,121),
(5831,287),
(5833,8),
(5833,9),
(5833,26),
(5833,54),
(5835,49),
(5835,136),
(5835,171),
(5835,269),
(5835,639),
(5841,10),
(5842,6),
(5842,8),
(5842,54),
(5843,6),
(5843,7),
(5843,20),
(5843,28),
(5843,30),
(5843,65),
(5843,89),
(5843,150),
(5843,505),
(5843,506),
(5843,646),
(5843,657),
(5845,10),
(5845,26),
(5845,32),
(5846,171),
(5846,179),
(5846,290),
(5846,317),
(5846,419),
(5846,647),
(5846,648),
(5847,7),
(5847,28),
(5847,70),
(5847,226),
(5847,649),
(5847,650),
(5847,651),
(5848,7),
(5848,8),
(5848,32),
(5850,10),
(5850,20),
(5850,26),
(5850,54),
(5850,112),
(5850,283),
(5850,652),
(5851,8),
(5851,18),
(5851,37),
(5851,49),
(5851,230),
(5851,395),
(5852,20),
(5852,120),
(5852,208),
(5853,8),
(5853,10),
(5853,26),
(5853,54),
(5853,98),
(5854,655),
(5856,20),
(5856,54),
(5858,9),
(5858,10),
(5858,20),
(5859,6),
(5860,6),
(5860,8),
(5860,10),
(5861,6),
(5861,8),
(5861,9),
(5861,10),
(5861,28),
(5861,430),
(5866,150),
(5866,657),
(5867,6),
(5867,7),
(5867,10),
(5867,28),
(5867,62),
(5868,7),
(5868,8),
(5868,9),
(5868,18),
(5868,29),
(5868,658),
(5869,6),
(5869,8),
(5869,10),
(5869,38),
(5870,7),
(5870,27),
(5871,26),
(5871,28),
(5871,126),
(5872,8),
(5872,10),
(5872,26),
(5872,54),
(5872,171),
(5873,6),
(5873,20),
(5873,28),
(5873,32),
(5873,91),
(5874,6),
(5874,10),
(5874,54),
(5874,697),
(5874,698),
(5875,7),
(5875,8),
(5875,9),
(5875,10),
(5875,26),
(5875,37),
(5875,38),
(5875,54),
(5876,33),
(5876,124),
(5876,412),
(5877,8),
(5877,9),
(5877,26),
(5877,30),
(5877,32),
(5877,166),
(5879,6),
(5879,9),
(5879,10),
(5879,37),
(5880,6),
(5880,7),
(5880,8),
(5880,10),
(5880,13),
(5880,14),
(5880,54),
(5880,102),
(5880,132),
(5880,202),
(5880,276),
(5880,440),
(5881,6),
(5881,16),
(5881,32),
(5881,124),
(5882,8),
(5882,26),
(5882,54),
(5882,469),
(5883,9),
(5883,18),
(5883,27),
(5883,32),
(5885,32),
(5885,67),
(5885,242),
(5885,338),
(5887,9),
(5887,26),
(5887,32),
(5887,54),
(5887,126),
(5888,124),
(5889,20),
(5891,8),
(5891,469),
(5893,6),
(5893,8),
(5893,9),
(5893,20),
(5893,28),
(5893,32),
(5893,91),
(5893,150),
(5894,8),
(5894,10),
(5894,20),
(5894,26),
(5895,9),
(5895,32),
(5895,54),
(5896,6),
(5896,120),
(5896,666),
(5897,26),
(5903,6),
(5905,26),
(5905,30),
(5905,109),
(5905,269),
(5906,79),
(5906,433),
(5907,6),
(5907,7),
(5907,8),
(5907,20),
(5907,54),
(5909,6),
(5909,8),
(5909,10),
(5912,464),
(5914,7),
(5914,8),
(5914,26),
(5914,32),
(5915,6),
(5915,8),
(5915,20),
(5915,54),
(5917,6),
(5917,7),
(5917,8),
(5917,9),
(5917,10),
(5917,13),
(5917,14),
(5917,18),
(5917,26),
(5917,28),
(5917,32),
(5917,39),
(5917,127),
(5917,202),
(5917,290),
(5917,370),
(5917,511),
(5917,542),
(5917,669),
(5917,670),
(5917,704),
(5918,338),
(5921,8),
(5921,26),
(5921,27),
(5921,54),
(5921,124),
(5923,7),
(5923,10),
(5923,20),
(5923,28),
(5923,30),
(5923,112),
(5923,189),
(5925,8),
(5925,9),
(5925,10),
(5925,20),
(5926,6),
(5926,54),
(5929,32),
(5930,6),
(5930,10),
(5930,54),
(5932,7),
(5932,8),
(5932,9),
(5932,10),
(5932,18),
(5932,26),
(5932,30),
(5932,124),
(5932,202),
(5933,6),
(5933,10),
(5933,118),
(5935,7),
(5935,10),
(5935,20),
(5935,26),
(5938,7),
(5938,8),
(5938,9),
(5938,10),
(5938,26),
(5938,54),
(5939,8),
(5939,9),
(5939,10),
(5939,26),
(5939,32),
(5939,124),
(5941,7),
(5941,8),
(5941,10),
(5941,26),
(5941,32),
(5941,62),
(5942,6),
(5942,8),
(5942,9),
(5942,10),
(5942,13),
(5942,14),
(5942,15),
(5942,16),
(5942,17),
(5942,18),
(5942,26),
(5942,32),
(5942,91),
(5942,269),
(5943,7),
(5943,10),
(5943,26),
(5943,89),
(5944,7),
(5944,8),
(5944,9),
(5944,10),
(5944,26),
(5944,30),
(5944,32),
(5944,54),
(5944,90),
(5944,248),
(5946,7),
(5946,10),
(5946,171),
(5946,673),
(5946,674),
(5947,54),
(5949,7),
(5949,8),
(5949,10),
(5949,120),
(5949,242),
(5949,248),
(5949,675),
(5950,8),
(5950,13),
(5950,14),
(5950,26),
(5950,54),
(5950,210),
(5950,601),
(5951,6),
(5951,8),
(5951,13),
(5951,20),
(5951,54),
(5951,292),
(5952,20),
(5952,54),
(5956,6),
(5956,7),
(5956,10),
(5956,13),
(5956,14),
(5956,28),
(5956,79),
(5956,166),
(5956,269),
(5956,293),
(5956,678),
(5957,8),
(5957,54),
(5957,679),
(5958,8),
(5958,9),
(5958,18),
(5958,26),
(5958,54),
(5958,98),
(5958,612),
(5958,680),
(5958,681),
(5958,682),
(5958,683),
(5958,684),
(5976,8),
(5976,120),
(5976,344),
(6292,6),
(6292,8),
(6292,10),
(6292,20),
(6292,32),
(6292,62),
(6292,91),
(6292,120),
(6292,127),
(6292,557),
(6553,687),
(6556,6),
(6556,7),
(6556,8),
(6556,10),
(6556,26),
(6556,47),
(6556,54),
(6556,62),
(6556,91),
(6556,111),
(6556,127),
(6556,179),
(6556,280),
(6556,464),
(6556,689),
(6556,690),
(6774,7),
(6774,10),
(6774,18),
(6774,28),
(6774,32),
(6778,10),
(6795,20),
(6795,89),
(6795,120),
(6795,136),
(6795,239),
(6795,410),
(6795,693);
/*!40000 ALTER TABLE `technologies_link` ENABLE KEYS */;
UNLOCK TABLES;

--
-- Table structure for table `user_access_quantity`
--

DROP TABLE IF EXISTS `user_access_quantity`;
/*!40101 SET @saved_cs_client     = @@character_set_client */;
/*!40101 SET character_set_client = utf8 */;
CREATE TABLE `user_access_quantity` (
  `id` int(11) NOT NULL AUTO_INCREMENT,
  `name` varchar(255) DEFAULT NULL,
  PRIMARY KEY (`id`)
) ENGINE=InnoDB AUTO_INCREMENT=4 DEFAULT CHARSET=utf8mb4;
/*!40101 SET character_set_client = @saved_cs_client */;

--
-- Dumping data for table `user_access_quantity`
--

LOCK TABLES `user_access_quantity` WRITE;
/*!40000 ALTER TABLE `user_access_quantity` DISABLE KEYS */;
INSERT INTO `user_access_quantity` VALUES
(1,'yes, all of them'),
(2,'only one'),
(3,'only a few');
/*!40000 ALTER TABLE `user_access_quantity` ENABLE KEYS */;
UNLOCK TABLES;

--
-- Table structure for table `user_access_type`
--

DROP TABLE IF EXISTS `user_access_type`;
/*!40101 SET @saved_cs_client     = @@character_set_client */;
/*!40101 SET character_set_client = utf8 */;
CREATE TABLE `user_access_type` (
  `id` int(11) NOT NULL AUTO_INCREMENT,
  `name` varchar(255) DEFAULT NULL,
  PRIMARY KEY (`id`)
) ENGINE=InnoDB AUTO_INCREMENT=38 DEFAULT CHARSET=utf8mb4;
/*!40101 SET character_set_client = @saved_cs_client */;

--
-- Dumping data for table `user_access_type`
--

LOCK TABLES `user_access_type` WRITE;
/*!40000 ALTER TABLE `user_access_type` DISABLE KEYS */;
INSERT INTO `user_access_type` VALUES
(1,'administrative access to software'),
(8,'root access'),
(9,'terminal login (ssh)'),
(10,'user access to shared media, documents'),
(12,'vpn'),
(14,'remote desktop'),
(30,'vm'),
(33,'hw access'),
(35,'uncategorised');
/*!40000 ALTER TABLE `user_access_type` ENABLE KEYS */;
UNLOCK TABLES;

--
-- Table structure for table `user_access_type_link`
--

DROP TABLE IF EXISTS `user_access_type_link`;
/*!40101 SET @saved_cs_client     = @@character_set_client */;
/*!40101 SET character_set_client = utf8 */;
CREATE TABLE `user_access_type_link` (
  `response` int(11) NOT NULL,
  `entity` int(11) NOT NULL,
  PRIMARY KEY (`response`,`entity`),
  KEY `entity` (`entity`),
  CONSTRAINT `user_access_type_link_ibfk_1` FOREIGN KEY (`response`) REFERENCES `responses` (`id`) ON DELETE CASCADE ON UPDATE CASCADE,
  CONSTRAINT `user_access_type_link_ibfk_2` FOREIGN KEY (`entity`) REFERENCES `user_access_type` (`id`) ON DELETE CASCADE ON UPDATE CASCADE
) ENGINE=InnoDB DEFAULT CHARSET=utf8mb4;
/*!40101 SET character_set_client = @saved_cs_client */;

--
-- Dumping data for table `user_access_type_link`
--

LOCK TABLES `user_access_type_link` WRITE;
/*!40000 ALTER TABLE `user_access_type_link` DISABLE KEYS */;
INSERT INTO `user_access_type_link` VALUES
(4724,1),
(4724,8),
(4724,9),
(4727,1),
(4728,1),
(4728,8),
(4728,9),
(4730,10),
(4734,1),
(4734,9),
(4736,1),
(4737,14),
(4751,1),
(4751,8),
(4751,9),
(4752,1),
(4752,8),
(4752,9),
(4755,1),
(4773,1),
(4773,8),
(4782,1),
(4786,9),
(4787,1),
(4787,9),
(4791,1),
(4805,1),
(4805,8),
(4805,9),
(4812,1),
(4812,9),
(4813,8),
(4813,9),
(4819,1),
(4822,1),
(4838,12),
(4874,9),
(4879,1),
(4892,9),
(4893,9),
(4894,8),
(4894,9),
(4898,1),
(4898,14),
(4903,1),
(4903,8),
(4903,9),
(4909,1),
(4921,1),
(4923,1),
(4925,8),
(4925,9),
(4933,1),
(4934,1),
(4937,8),
(4937,9),
(4941,1),
(4941,9),
(4943,35),
(4947,1),
(4949,1),
(4949,8),
(4949,9),
(4951,9),
(4953,1),
(4959,1),
(4961,1),
(4961,8),
(4961,9),
(4966,1),
(4966,8),
(4966,9),
(4974,9),
(4984,8),
(4985,1),
(4985,9),
(4990,9),
(4991,9),
(4992,1),
(5005,1),
(5005,8),
(5005,9),
(5012,1),
(5012,9),
(5013,1),
(5013,8),
(5013,9),
(5020,1),
(5021,1),
(5030,1),
(5031,1),
(5031,9),
(5058,10),
(5066,1),
(5066,9),
(5067,9),
(5068,1),
(5071,1),
(5071,9),
(5087,8),
(5088,1),
(5088,8),
(5088,9),
(5094,1),
(5094,8),
(5094,9),
(5096,9),
(5100,9),
(5100,10),
(5102,1),
(5102,9),
(5114,1),
(5124,1),
(5131,1),
(5131,9),
(5133,1),
(5134,9),
(5136,9),
(5140,1),
(5140,9),
(5145,1),
(5145,9),
(5147,8),
(5147,9),
(5148,9),
(5149,35),
(5161,1),
(5166,1),
(5169,1),
(5178,8),
(5178,9),
(5179,1),
(5179,8),
(5179,9),
(5187,1),
(5196,1),
(5196,8),
(5196,9),
(5221,1),
(5229,1),
(5230,1),
(5237,1),
(5252,1),
(5252,9),
(5280,1),
(5284,1),
(5284,9),
(5288,9),
(5295,1),
(5295,9),
(5300,1),
(5300,8),
(5300,9),
(5301,1),
(5305,1),
(5307,1),
(5310,8),
(5310,9),
(5311,1),
(5311,8),
(5311,9),
(5312,9),
(5312,14),
(5313,1),
(5314,1),
(5332,1),
(5332,8),
(5337,1),
(5337,8),
(5337,9),
(5346,1),
(5350,1),
(5358,8),
(5361,1),
(5361,8),
(5361,9),
(5367,1),
(5367,9),
(5369,1),
(5369,8),
(5369,9),
(5370,1),
(5370,8),
(5370,9),
(5371,1),
(5371,8),
(5371,9),
(5373,9),
(5377,9),
(5383,9),
(5389,1),
(5401,8),
(5402,9),
(5407,1),
(5407,8),
(5407,9),
(5415,9),
(5417,1),
(5417,9),
(5425,9),
(5432,9),
(5432,10),
(5435,1),
(5435,9),
(5437,9),
(5438,9),
(5440,1),
(5443,1),
(5446,1),
(5446,9),
(5449,1),
(5450,1),
(5450,9),
(5461,1),
(5461,9),
(5463,1),
(5491,1),
(5494,1),
(5496,1),
(5496,9),
(5497,1),
(5497,9),
(5501,1),
(5502,1),
(5502,8),
(5502,9),
(5504,1),
(5504,8),
(5504,9),
(5521,9),
(5522,8),
(5522,9),
(5524,1),
(5527,8),
(5533,1),
(5533,8),
(5533,9),
(5536,1),
(5547,1),
(5547,8),
(5547,9),
(5562,1),
(5562,8),
(5562,9),
(5566,9),
(5567,9),
(5571,1),
(5573,9),
(5597,1),
(5597,9),
(5602,1),
(5602,9),
(5607,1),
(5609,1),
(5609,8),
(5609,9),
(5629,9),
(5630,1),
(5630,8),
(5630,9),
(5647,1),
(5647,9),
(5653,1),
(5664,1),
(5684,1),
(5713,1),
(5713,9),
(5722,8),
(5722,9),
(5740,1),
(5740,8),
(5740,9),
(5749,1),
(5749,8),
(5749,9),
(5754,1),
(5754,8),
(5754,9),
(5765,1),
(5765,9),
(5776,1),
(5776,8),
(5781,8),
(5781,9),
(5789,1),
(5793,1),
(5802,1),
(5802,8),
(5813,1),
(5813,9),
(5814,9),
(5825,1),
(5842,1),
(5842,8),
(5842,9),
(5847,1),
(5847,8),
(5847,9),
(5848,1),
(5850,1),
(5858,1),
(5861,1),
(5861,8),
(5861,9),
(5868,1),
(5868,9),
(5873,1),
(5873,9),
(5880,1),
(5880,8),
(5880,9),
(5889,1),
(5889,9),
(5892,1),
(5895,9),
(5917,1),
(5917,8),
(5917,9),
(5932,1),
(5937,1),
(5937,30),
(5939,1),
(5939,10),
(5940,8),
(5949,9),
(5976,9),
(5994,1),
(6023,1),
(6045,9),
(6049,1),
(6049,8),
(6049,9),
(6165,9),
(6198,35),
(6200,1),
(6200,8),
(6200,9),
(6214,1),
(6219,1),
(6226,9),
(6227,1),
(6227,9),
(6251,1),
(6256,8),
(6289,1),
(6289,8),
(6295,1),
(6295,8),
(6295,9),
(6306,9),
(6312,1),
(6312,8),
(6312,9),
(6340,8),
(6340,9),
(6355,8),
(6355,9),
(6355,33),
(6361,1),
(6361,9),
(6414,1),
(6418,1),
(6428,1),
(6428,8),
(6428,9),
(6440,9),
(6487,1),
(6491,1),
(6528,1),
(6528,8),
(6528,9),
(6556,1),
(6619,1),
(6619,8),
(6619,9),
(6631,1),
(6647,1),
(6647,9),
(6659,1),
(6659,9),
(6671,1),
(6681,9),
(6701,1),
(6717,1),
(6718,1),
(6718,9),
(6719,1),
(6731,1),
(6738,1),
(6795,1),
(6799,1),
(6799,8),
(6799,9);
/*!40000 ALTER TABLE `user_access_type_link` ENABLE KEYS */;
UNLOCK TABLES;

--
-- Table structure for table `user_type`
--

DROP TABLE IF EXISTS `user_type`;
/*!40101 SET @saved_cs_client     = @@character_set_client */;
/*!40101 SET character_set_client = utf8 */;
CREATE TABLE `user_type` (
  `id` int(11) NOT NULL AUTO_INCREMENT,
  `name` varchar(255) DEFAULT NULL,
  PRIMARY KEY (`id`)
) ENGINE=InnoDB AUTO_INCREMENT=68 DEFAULT CHARSET=utf8mb4;
/*!40101 SET character_set_client = @saved_cs_client */;

--
-- Dumping data for table `user_type`
--

LOCK TABLES `user_type` WRITE;
/*!40000 ALTER TABLE `user_type` DISABLE KEYS */;
INSERT INTO `user_type` VALUES
(5,'direct family'),
(9,'association / club'),
(10,'friends'),
(11,'indirect family'),
(13,'company'),
(18,'partner'),
(23,'clients'),
(25,'school'),
(27,'web visitors'),
(39,'students'),
(41,'co-developer'),
(44,'freelancers'),
(53,'guests '),
(66,'uncategorised');
/*!40000 ALTER TABLE `user_type` ENABLE KEYS */;
UNLOCK TABLES;

--
-- Table structure for table `user_type_link`
--

DROP TABLE IF EXISTS `user_type_link`;
/*!40101 SET @saved_cs_client     = @@character_set_client */;
/*!40101 SET character_set_client = utf8 */;
CREATE TABLE `user_type_link` (
  `response` int(11) NOT NULL,
  `entity` int(11) NOT NULL,
  PRIMARY KEY (`response`,`entity`),
  KEY `entity` (`entity`),
  CONSTRAINT `user_type_link_ibfk_1` FOREIGN KEY (`response`) REFERENCES `responses` (`id`) ON DELETE CASCADE ON UPDATE CASCADE,
  CONSTRAINT `user_type_link_ibfk_2` FOREIGN KEY (`entity`) REFERENCES `user_type` (`id`) ON DELETE CASCADE ON UPDATE CASCADE
) ENGINE=InnoDB DEFAULT CHARSET=utf8mb4;
/*!40101 SET character_set_client = @saved_cs_client */;

--
-- Dumping data for table `user_type_link`
--

LOCK TABLES `user_type_link` WRITE;
/*!40000 ALTER TABLE `user_type_link` DISABLE KEYS */;
INSERT INTO `user_type_link` VALUES
(4724,9),
(4726,5),
(4727,5),
(4728,9),
(4729,5),
(4730,5),
(4731,5),
(4732,5),
(4733,5),
(4734,5),
(4735,5),
(4735,9),
(4736,9),
(4737,5),
(4738,10),
(4739,5),
(4740,5),
(4740,11),
(4742,10),
(4743,5),
(4743,13),
(4744,5),
(4745,5),
(4746,10),
(4747,5),
(4747,11),
(4748,5),
(4749,10),
(4750,5),
(4751,5),
(4752,5),
(4753,9),
(4754,5),
(4755,5),
(4755,9),
(4755,11),
(4756,5),
(4758,10),
(4760,5),
(4760,10),
(4761,5),
(4761,11),
(4762,11),
(4763,5),
(4763,11),
(4764,5),
(4765,5),
(4766,5),
(4767,5),
(4768,5),
(4769,10),
(4770,5),
(4770,10),
(4771,5),
(4771,10),
(4772,5),
(4772,11),
(4773,5),
(4773,11),
(4774,5),
(4774,11),
(4775,5),
(4777,5),
(4777,10),
(4778,5),
(4778,11),
(4781,5),
(4781,9),
(4781,13),
(4782,5),
(4785,5),
(4786,5),
(4786,9),
(4787,5),
(4788,5),
(4789,5),
(4789,10),
(4790,5),
(4790,11),
(4791,5),
(4792,5),
(4792,11),
(4793,5),
(4793,9),
(4794,5),
(4794,10),
(4796,5),
(4798,5),
(4799,5),
(4801,5),
(4801,10),
(4802,5),
(4803,5),
(4803,10),
(4803,11),
(4804,5),
(4805,5),
(4806,10),
(4807,5),
(4808,5),
(4809,5),
(4810,5),
(4810,13),
(4812,5),
(4812,11),
(4812,13),
(4813,5),
(4813,9),
(4813,11),
(4814,5),
(4815,5),
(4815,11),
(4817,5),
(4818,5),
(4819,5),
(4819,9),
(4819,13),
(4821,5),
(4822,10),
(4823,9),
(4824,5),
(4824,11),
(4826,5),
(4826,10),
(4827,5),
(4827,11),
(4828,5),
(4835,5),
(4836,5),
(4837,5),
(4838,5),
(4839,5),
(4841,5),
(4841,10),
(4843,5),
(4843,10),
(4844,5),
(4844,10),
(4845,5),
(4845,11),
(4846,5),
(4846,11),
(4847,5),
(4847,11),
(4848,5),
(4848,10),
(4848,11),
(4851,5),
(4851,11),
(4853,5),
(4853,11),
(4854,5),
(4854,13),
(4855,5),
(4855,9),
(4855,11),
(4858,5),
(4860,9),
(4861,5),
(4861,11),
(4862,5),
(4863,5),
(4865,5),
(4865,11),
(4865,13),
(4866,5),
(4867,5),
(4868,5),
(4868,9),
(4868,11),
(4869,5),
(4869,10),
(4871,5),
(4872,5),
(4872,11),
(4873,5),
(4874,11),
(4874,13),
(4875,5),
(4876,5),
(4877,5),
(4878,5),
(4879,5),
(4881,5),
(4882,5),
(4884,18),
(4885,5),
(4885,11),
(4886,5),
(4887,5),
(4889,13),
(4891,5),
(4891,10),
(4892,5),
(4892,10),
(4892,11),
(4893,5),
(4894,5),
(4895,5),
(4897,5),
(4897,11),
(4897,13),
(4898,5),
(4898,10),
(4898,11),
(4899,5),
(4899,10),
(4900,5),
(4900,10),
(4900,11),
(4902,5),
(4903,5),
(4903,9),
(4903,11),
(4903,13),
(4905,11),
(4908,5),
(4908,10),
(4908,13),
(4909,5),
(4909,10),
(4909,11),
(4910,5),
(4912,5),
(4912,9),
(4913,5),
(4913,11),
(4914,5),
(4917,5),
(4919,5),
(4919,11),
(4921,5),
(4921,10),
(4923,9),
(4923,11),
(4924,5),
(4925,5),
(4926,5),
(4926,10),
(4928,5),
(4929,5),
(4930,5),
(4931,5),
(4932,5),
(4932,11),
(4933,5),
(4934,5),
(4935,10),
(4936,5),
(4937,9),
(4938,5),
(4938,9),
(4938,11),
(4939,5),
(4939,10),
(4940,5),
(4940,11),
(4941,5),
(4941,11),
(4941,13),
(4942,5),
(4943,5),
(4944,5),
(4945,10),
(4946,10),
(4947,5),
(4948,5),
(4949,5),
(4949,10),
(4950,9),
(4951,5),
(4952,5),
(4952,10),
(4953,5),
(4954,9),
(4955,5),
(4956,5),
(4956,13),
(4957,5),
(4958,5),
(4959,5),
(4960,5),
(4961,5),
(4961,13),
(4962,5),
(4962,10),
(4963,5),
(4964,5),
(4964,11),
(4966,5),
(4966,10),
(4967,5),
(4967,11),
(4969,5),
(4969,11),
(4970,5),
(4971,5),
(4971,10),
(4972,10),
(4973,5),
(4973,11),
(4974,10),
(4976,5),
(4977,5),
(4979,10),
(4980,5),
(4981,5),
(4982,5),
(4983,5),
(4983,9),
(4984,5),
(4985,10),
(4986,5),
(4987,5),
(4987,11),
(4988,5),
(4988,10),
(4989,5),
(4990,10),
(4991,5),
(4991,10),
(4991,11),
(4992,5),
(4992,11),
(4992,13),
(4992,23),
(4993,5),
(4995,5),
(4995,10),
(4995,11),
(4998,5),
(4998,10),
(4998,11),
(4999,5),
(5002,5),
(5003,11),
(5004,5),
(5004,11),
(5005,5),
(5005,11),
(5006,5),
(5007,5),
(5009,5),
(5010,5),
(5012,5),
(5012,9),
(5012,11),
(5013,5),
(5013,10),
(5013,11),
(5014,5),
(5015,5),
(5015,10),
(5016,5),
(5017,13),
(5018,5),
(5018,11),
(5019,5),
(5019,9),
(5019,11),
(5019,66),
(5020,13),
(5021,5),
(5021,13),
(5022,10),
(5023,5),
(5023,11),
(5023,13),
(5025,13),
(5026,5),
(5026,11),
(5028,5),
(5029,5),
(5029,9),
(5030,11),
(5030,13),
(5031,11),
(5033,10),
(5034,11),
(5035,5),
(5035,11),
(5037,5),
(5038,5),
(5038,11),
(5039,5),
(5039,9),
(5040,5),
(5040,11),
(5042,5),
(5042,9),
(5043,5),
(5043,11),
(5044,5),
(5044,9),
(5044,11),
(5047,5),
(5048,5),
(5048,9),
(5049,13),
(5050,5),
(5050,10),
(5050,11),
(5051,5),
(5051,11),
(5052,5),
(5052,10),
(5052,11),
(5054,11),
(5055,5),
(5055,11),
(5058,5),
(5059,5),
(5059,11),
(5060,5),
(5061,5),
(5061,9),
(5061,11),
(5061,25),
(5062,5),
(5062,10),
(5063,5),
(5063,10),
(5063,11),
(5064,5),
(5065,5),
(5065,11),
(5066,9),
(5066,11),
(5067,5),
(5067,13),
(5068,5),
(5068,9),
(5069,5),
(5071,5),
(5071,9),
(5071,10),
(5072,5),
(5072,10),
(5072,11),
(5073,5),
(5073,11),
(5074,5),
(5075,5),
(5076,11),
(5076,18),
(5077,5),
(5080,5),
(5080,9),
(5080,11),
(5081,5),
(5083,9),
(5083,11),
(5085,5),
(5087,5),
(5087,10),
(5088,5),
(5089,5),
(5089,10),
(5089,11),
(5090,5),
(5090,11),
(5091,5),
(5091,10),
(5092,5),
(5092,9),
(5092,11),
(5093,5),
(5094,5),
(5095,5),
(5095,10),
(5095,11),
(5095,13),
(5096,5),
(5097,5),
(5098,5),
(5098,9),
(5100,18),
(5101,5),
(5101,11),
(5102,5),
(5102,10),
(5104,5),
(5106,27),
(5107,5),
(5108,5),
(5108,11),
(5109,5),
(5109,11),
(5109,13),
(5110,5),
(5111,5),
(5112,5),
(5113,5),
(5114,5),
(5114,10),
(5114,11),
(5115,5),
(5116,5),
(5116,13),
(5117,5),
(5118,5),
(5119,9),
(5119,13),
(5120,5),
(5121,5),
(5122,5),
(5122,9),
(5123,5),
(5124,5),
(5124,9),
(5124,10),
(5125,5),
(5127,5),
(5127,11),
(5128,5),
(5129,5),
(5131,5),
(5131,10),
(5132,5),
(5133,5),
(5134,5),
(5135,5),
(5135,11),
(5136,5),
(5136,11),
(5137,5),
(5137,11),
(5138,5),
(5138,10),
(5139,27),
(5140,13),
(5142,10),
(5143,27),
(5145,9),
(5146,5),
(5148,5),
(5148,10),
(5149,9),
(5149,11),
(5149,27),
(5151,5),
(5151,10),
(5151,11),
(5152,5),
(5153,5),
(5156,9),
(5156,11),
(5157,5),
(5157,9),
(5157,11),
(5159,9),
(5159,11),
(5160,5),
(5160,11),
(5161,5),
(5161,10),
(5163,5),
(5164,5),
(5165,5),
(5166,5),
(5167,5),
(5169,5),
(5169,10),
(5171,5),
(5171,9),
(5171,11),
(5172,5),
(5173,5),
(5173,11),
(5175,5),
(5175,10),
(5178,5),
(5179,5),
(5182,5),
(5183,5),
(5183,10),
(5185,5),
(5186,18),
(5187,5),
(5187,9),
(5187,11),
(5190,5),
(5190,10),
(5190,11),
(5192,5),
(5192,10),
(5194,5),
(5195,5),
(5196,5),
(5196,10),
(5198,5),
(5199,5),
(5199,13),
(5201,5),
(5201,10),
(5202,5),
(5203,10),
(5205,5),
(5205,10),
(5206,5),
(5206,9),
(5208,5),
(5209,5),
(5210,11),
(5215,5),
(5217,5),
(5218,5),
(5219,5),
(5220,5),
(5221,9),
(5222,5),
(5223,5),
(5225,5),
(5225,11),
(5227,5),
(5228,5),
(5228,11),
(5228,13),
(5229,11),
(5230,5),
(5231,5),
(5231,13),
(5232,5),
(5234,10),
(5235,5),
(5236,5),
(5236,11),
(5237,9),
(5238,5),
(5238,11),
(5239,5),
(5240,5),
(5241,5),
(5242,5),
(5243,5),
(5243,11),
(5244,5),
(5245,5),
(5246,5),
(5246,11),
(5248,5),
(5249,5),
(5249,10),
(5249,11),
(5250,5),
(5251,5),
(5252,5),
(5252,11),
(5252,13),
(5253,5),
(5255,5),
(5257,5),
(5257,10),
(5258,5),
(5258,10),
(5259,5),
(5261,5),
(5263,5),
(5264,5),
(5264,10),
(5265,5),
(5266,18),
(5267,5),
(5267,10),
(5268,66),
(5269,5),
(5270,11),
(5271,10),
(5272,5),
(5273,5),
(5273,11),
(5274,5),
(5276,5),
(5276,11),
(5277,5),
(5277,10),
(5279,5),
(5280,5),
(5280,9),
(5280,10),
(5280,11),
(5281,5),
(5282,5),
(5282,10),
(5283,5),
(5283,11),
(5284,5),
(5285,5),
(5287,5),
(5288,5),
(5289,5),
(5289,11),
(5291,5),
(5291,9),
(5291,10),
(5292,5),
(5292,11),
(5293,5),
(5294,5),
(5294,10),
(5295,5),
(5295,9),
(5296,5),
(5296,9),
(5298,5),
(5299,5),
(5299,9),
(5299,11),
(5300,13),
(5301,5),
(5301,10),
(5301,11),
(5302,5),
(5303,5),
(5303,10),
(5303,11),
(5304,5),
(5305,5),
(5305,9),
(5305,11),
(5306,10),
(5307,5),
(5307,9),
(5308,5),
(5309,5),
(5309,11),
(5310,5),
(5310,13),
(5311,5),
(5312,5),
(5312,9),
(5313,5),
(5313,10),
(5314,5),
(5314,9),
(5315,5),
(5316,5),
(5317,5),
(5320,5),
(5321,5),
(5321,11),
(5323,5),
(5324,5),
(5325,5),
(5325,10),
(5325,18),
(5327,5),
(5327,10),
(5327,11),
(5328,5),
(5329,5),
(5330,5),
(5330,10),
(5330,11),
(5332,5),
(5332,13),
(5333,5),
(5335,5),
(5335,9),
(5336,10),
(5337,9),
(5338,5),
(5339,5),
(5341,5),
(5341,10),
(5342,5),
(5342,13),
(5343,5),
(5343,10),
(5343,11),
(5344,5),
(5345,10),
(5346,5),
(5347,5),
(5348,5),
(5348,11),
(5349,5),
(5350,5),
(5351,5),
(5353,5),
(5353,10),
(5353,11),
(5354,5),
(5354,10),
(5354,11),
(5360,5),
(5361,5),
(5362,5),
(5363,5),
(5364,5),
(5364,10),
(5364,11),
(5365,5),
(5365,9),
(5365,10),
(5365,11),
(5367,5),
(5367,11),
(5369,10),
(5370,5),
(5370,10),
(5371,5),
(5371,10),
(5371,11),
(5372,5),
(5372,10),
(5373,5),
(5375,5),
(5375,11),
(5376,5),
(5376,10),
(5377,5),
(5381,5),
(5383,10),
(5386,11),
(5387,11),
(5388,5),
(5388,11),
(5389,10),
(5390,5),
(5390,10),
(5391,5),
(5392,5),
(5393,9),
(5393,13),
(5393,39),
(5394,5),
(5394,10),
(5394,11),
(5395,5),
(5396,5),
(5396,11),
(5398,5),
(5398,10),
(5400,5),
(5401,5),
(5402,5),
(5402,10),
(5403,5),
(5403,11),
(5405,5),
(5406,5),
(5406,10),
(5407,5),
(5408,5),
(5408,11),
(5410,5),
(5411,5),
(5412,5),
(5412,10),
(5412,11),
(5413,5),
(5414,5),
(5414,9),
(5415,5),
(5415,9),
(5416,5),
(5417,10),
(5420,5),
(5420,10),
(5421,5),
(5421,11),
(5422,5),
(5422,10),
(5423,5),
(5424,5),
(5425,5),
(5425,11),
(5425,13),
(5426,5),
(5426,10),
(5427,9),
(5429,11),
(5431,5),
(5431,11),
(5432,9),
(5433,5),
(5433,9),
(5434,5),
(5434,10),
(5435,11),
(5437,5),
(5438,5),
(5438,11),
(5438,13),
(5440,5),
(5440,11),
(5441,5),
(5443,5),
(5443,10),
(5443,11),
(5445,5),
(5445,11),
(5446,5),
(5446,10),
(5447,5),
(5447,10),
(5447,11),
(5448,5),
(5449,5),
(5449,10),
(5449,11),
(5450,5),
(5450,11),
(5451,5),
(5451,10),
(5451,11),
(5452,5),
(5453,5),
(5454,11),
(5455,5),
(5455,10),
(5455,11),
(5456,5),
(5457,5),
(5457,13),
(5458,5),
(5459,5),
(5460,5),
(5460,10),
(5460,11),
(5461,5),
(5461,11),
(5462,5),
(5462,10),
(5463,5),
(5463,9),
(5465,5),
(5468,5),
(5468,10),
(5468,11),
(5469,5),
(5470,5),
(5470,10),
(5471,5),
(5472,5),
(5472,9),
(5472,11),
(5473,5),
(5474,5),
(5474,11),
(5477,5),
(5478,10),
(5479,10),
(5479,11),
(5481,5),
(5481,10),
(5482,5),
(5482,11),
(5485,5),
(5485,11),
(5486,5),
(5486,10),
(5486,11),
(5488,5),
(5488,11),
(5489,5),
(5489,11),
(5490,5),
(5490,9),
(5491,5),
(5491,11),
(5493,5),
(5494,5),
(5494,10),
(5495,5),
(5496,5),
(5496,9),
(5496,11),
(5497,10),
(5498,5),
(5499,5),
(5500,5),
(5500,10),
(5501,5),
(5502,41),
(5503,5),
(5504,9),
(5504,10),
(5505,5),
(5505,11),
(5506,11),
(5508,5),
(5511,5),
(5511,9),
(5511,10),
(5512,5),
(5512,11),
(5513,5),
(5514,5),
(5515,5),
(5515,11),
(5516,5),
(5518,5),
(5518,11),
(5519,5),
(5519,11),
(5520,5),
(5521,11),
(5522,5),
(5523,5),
(5523,11),
(5524,5),
(5524,10),
(5525,5),
(5526,5),
(5526,10),
(5526,11),
(5527,5),
(5527,10),
(5530,5),
(5530,10),
(5531,5),
(5532,5),
(5533,5),
(5533,10),
(5533,11),
(5535,5),
(5536,5),
(5537,5),
(5537,11),
(5538,5),
(5538,9),
(5538,11),
(5539,5),
(5540,10),
(5540,11),
(5541,5),
(5541,11),
(5542,5),
(5542,11),
(5544,5),
(5547,5),
(5552,5),
(5552,10),
(5553,5),
(5553,10),
(5553,11),
(5553,13),
(5554,5),
(5555,5),
(5555,11),
(5556,5),
(5557,5),
(5558,5),
(5559,5),
(5560,5),
(5562,5),
(5562,9),
(5562,11),
(5563,5),
(5563,9),
(5563,10),
(5563,11),
(5564,5),
(5564,13),
(5565,5),
(5566,5),
(5566,11),
(5567,5),
(5568,5),
(5569,5),
(5571,5),
(5572,5),
(5573,5),
(5573,10),
(5574,5),
(5576,5),
(5576,11),
(5577,5),
(5579,44),
(5581,18),
(5582,5),
(5583,5),
(5585,5),
(5585,10),
(5586,5),
(5590,5),
(5591,5),
(5591,10),
(5593,5),
(5593,11),
(5595,5),
(5596,5),
(5597,5),
(5597,10),
(5597,11),
(5598,5),
(5598,11),
(5599,5),
(5599,11),
(5600,5),
(5600,10),
(5601,5),
(5601,11),
(5602,5),
(5602,10),
(5602,11),
(5604,5),
(5604,10),
(5605,5),
(5606,5),
(5606,10),
(5606,11),
(5607,5),
(5608,5),
(5608,9),
(5608,11),
(5609,5),
(5609,10),
(5609,11),
(5610,5),
(5611,5),
(5612,10),
(5613,5),
(5613,11),
(5614,5),
(5615,5),
(5615,13),
(5617,5),
(5617,11),
(5620,5),
(5621,5),
(5621,10),
(5622,5),
(5622,9),
(5623,5),
(5623,10),
(5624,5),
(5625,10),
(5626,5),
(5626,11),
(5627,5),
(5629,5),
(5629,10),
(5629,11),
(5630,5),
(5630,10),
(5633,11),
(5634,5),
(5636,5),
(5638,5),
(5638,13),
(5639,9),
(5639,10),
(5642,10),
(5643,5),
(5644,5),
(5644,11),
(5645,5),
(5646,5),
(5647,5),
(5647,10),
(5647,11),
(5650,5),
(5652,5),
(5652,11),
(5653,5),
(5653,11),
(5654,5),
(5654,11),
(5655,5),
(5656,5),
(5658,5),
(5659,5),
(5660,10),
(5661,5),
(5663,5),
(5664,9),
(5665,5),
(5667,5),
(5668,5),
(5668,11),
(5670,5),
(5671,5),
(5672,5),
(5673,5),
(5674,5),
(5675,5),
(5675,10),
(5676,5),
(5676,10),
(5676,11),
(5677,5),
(5678,5),
(5679,5),
(5680,5),
(5680,10),
(5680,11),
(5680,13),
(5682,5),
(5683,11),
(5684,5),
(5684,9),
(5684,11),
(5685,5),
(5686,5),
(5686,11),
(5687,5),
(5687,9),
(5688,5),
(5689,5),
(5690,5),
(5691,5),
(5691,10),
(5692,5),
(5694,5),
(5695,5),
(5695,10),
(5696,5),
(5696,9),
(5698,5),
(5699,5),
(5699,13),
(5701,10),
(5702,5),
(5702,11),
(5703,5),
(5704,5),
(5704,11),
(5705,5),
(5705,11),
(5706,5),
(5707,9),
(5708,5),
(5709,5),
(5710,5),
(5711,5),
(5713,5),
(5713,11),
(5714,5),
(5714,11),
(5716,5),
(5717,5),
(5718,5),
(5718,11),
(5719,5),
(5720,5),
(5720,10),
(5721,10),
(5722,5),
(5722,10),
(5723,5),
(5724,5),
(5724,9),
(5727,5),
(5728,5),
(5728,10),
(5729,5),
(5729,11),
(5730,5),
(5730,10),
(5731,5),
(5733,5),
(5733,10),
(5735,5),
(5736,5),
(5737,5),
(5737,9),
(5737,11),
(5740,13),
(5741,5),
(5742,5),
(5742,10),
(5745,9),
(5746,5),
(5748,5),
(5749,5),
(5749,11),
(5750,5),
(5751,5),
(5752,5),
(5753,5),
(5753,13),
(5754,5),
(5754,18),
(5755,5),
(5756,5),
(5756,11),
(5758,5),
(5758,11),
(5760,10),
(5760,13),
(5761,5),
(5761,10),
(5762,5),
(5762,10),
(5762,11),
(5763,5),
(5763,11),
(5764,5),
(5764,11),
(5765,5),
(5765,9),
(5765,11),
(5767,5),
(5767,11),
(5769,10),
(5770,5),
(5770,10),
(5772,5),
(5774,5),
(5775,5),
(5775,9),
(5775,11),
(5776,5),
(5777,5),
(5777,11),
(5781,10),
(5781,11),
(5781,13),
(5783,5),
(5783,9),
(5783,11),
(5785,5),
(5785,11),
(5786,5),
(5787,5),
(5788,5),
(5789,5),
(5789,10),
(5789,11),
(5789,13),
(5790,5),
(5791,5),
(5791,11),
(5792,5),
(5793,5),
(5793,10),
(5793,11),
(5793,13),
(5794,5),
(5794,9),
(5796,5),
(5796,11),
(5797,5),
(5798,5),
(5798,9),
(5800,5),
(5802,5),
(5803,13),
(5804,5),
(5805,5),
(5806,5),
(5807,5),
(5807,11),
(5810,5),
(5813,5),
(5813,9),
(5813,11),
(5814,5),
(5814,11),
(5814,13),
(5816,5),
(5816,11),
(5817,5),
(5819,5),
(5819,11),
(5820,5),
(5821,5),
(5821,10),
(5822,5),
(5822,11),
(5825,5),
(5826,5),
(5826,11),
(5828,5),
(5829,5),
(5831,5),
(5832,5),
(5833,5),
(5834,11),
(5835,5),
(5837,5),
(5839,11),
(5840,5),
(5842,5),
(5842,10),
(5843,5),
(5843,11),
(5845,10),
(5846,5),
(5846,9),
(5846,11),
(5847,5),
(5847,11),
(5848,5),
(5849,5),
(5850,5),
(5850,11),
(5851,5),
(5853,13),
(5854,5),
(5854,11),
(5856,5),
(5858,5),
(5858,10),
(5859,5),
(5860,5),
(5861,5),
(5862,5),
(5862,10),
(5862,11),
(5864,5),
(5864,9),
(5864,11),
(5865,5),
(5867,5),
(5867,10),
(5868,5),
(5868,9),
(5868,11),
(5869,5),
(5872,5),
(5873,5),
(5874,5),
(5876,5),
(5876,13),
(5877,5),
(5877,11),
(5879,5),
(5880,5),
(5880,9),
(5881,5),
(5882,5),
(5882,10),
(5883,5),
(5884,9),
(5884,13),
(5885,5),
(5886,5),
(5886,11),
(5887,5),
(5887,10),
(5887,11),
(5888,10),
(5889,5),
(5889,10),
(5890,5),
(5890,9),
(5891,5),
(5891,10),
(5891,11),
(5892,5),
(5892,9),
(5892,10),
(5892,11),
(5893,5),
(5893,9),
(5893,10),
(5894,5),
(5894,11),
(5895,5),
(5895,9),
(5896,5),
(5897,5),
(5897,18),
(5898,5),
(5899,5),
(5900,5),
(5901,5),
(5903,5),
(5904,5),
(5905,5),
(5906,5),
(5907,9),
(5908,5),
(5913,5),
(5916,5),
(5916,9),
(5917,5),
(5917,10),
(5918,5),
(5918,11),
(5921,5),
(5921,9),
(5922,5),
(5923,5),
(5923,10),
(5925,5),
(5926,5),
(5930,5),
(5930,10),
(5931,5),
(5932,9),
(5933,5),
(5934,5),
(5936,5),
(5937,5),
(5937,10),
(5937,11),
(5939,9),
(5939,13),
(5940,5),
(5941,5),
(5943,5),
(5943,10),
(5944,5),
(5945,5),
(5945,9),
(5946,5),
(5946,10),
(5946,11),
(5946,13),
(5946,27),
(5949,5),
(5949,10),
(5950,5),
(5950,11),
(5950,13),
(5951,5),
(5952,5),
(5954,5),
(5954,9),
(5956,5),
(5958,5),
(5959,10),
(5969,5),
(5970,5),
(5971,5),
(5971,11),
(5976,5),
(5982,5),
(5982,11),
(5982,13),
(5986,5),
(5988,5),
(5988,11),
(5988,53),
(5994,5),
(5994,9),
(5994,10),
(5996,5),
(5996,9),
(5996,11),
(5999,5),
(6006,5),
(6006,10),
(6009,5),
(6010,5),
(6016,5),
(6017,5),
(6023,5),
(6023,9),
(6024,5),
(6024,11),
(6027,5),
(6027,10),
(6030,5),
(6032,5),
(6032,9),
(6032,11),
(6036,5),
(6036,10),
(6039,5),
(6042,5),
(6045,9),
(6049,5),
(6049,11),
(6049,13),
(6051,5),
(6060,5),
(6068,5),
(6072,5),
(6072,9),
(6074,5),
(6075,5),
(6075,11),
(6088,5),
(6090,5),
(6094,5),
(6094,11),
(6094,13),
(6096,5),
(6096,9),
(6096,11),
(6099,5),
(6099,11),
(6101,5),
(6105,5),
(6105,9),
(6105,11),
(6111,13),
(6114,5),
(6122,5),
(6122,10),
(6127,5),
(6129,5),
(6137,5),
(6137,10),
(6142,5),
(6142,11),
(6145,5),
(6145,10),
(6145,11),
(6146,5),
(6146,10),
(6147,5),
(6147,10),
(6148,5),
(6151,5),
(6152,5),
(6152,11),
(6154,5),
(6157,5),
(6161,5),
(6165,5),
(6166,5),
(6166,11),
(6167,5),
(6175,10),
(6176,5),
(6176,11),
(6177,5),
(6177,11),
(6178,5),
(6178,11),
(6181,5),
(6181,11),
(6192,5),
(6192,10),
(6193,5),
(6193,11),
(6198,5),
(6200,10),
(6205,5),
(6208,5),
(6208,10),
(6208,11),
(6211,5),
(6211,11),
(6214,5),
(6217,5),
(6219,5),
(6223,5),
(6226,5),
(6226,11),
(6227,10),
(6230,5),
(6230,10),
(6231,5),
(6231,11),
(6232,5),
(6232,11),
(6234,10),
(6235,5),
(6246,5),
(6249,5),
(6251,5),
(6252,5),
(6252,10),
(6256,10),
(6264,5),
(6264,11),
(6269,5),
(6281,5),
(6281,10),
(6282,5),
(6282,11),
(6284,10),
(6289,5),
(6289,10),
(6289,13),
(6290,5),
(6291,5),
(6291,10),
(6291,11),
(6292,5),
(6295,5),
(6295,11),
(6296,5),
(6305,5),
(6306,5),
(6312,10),
(6322,5),
(6322,11),
(6323,5),
(6325,10),
(6326,5),
(6327,5),
(6327,10),
(6328,5),
(6331,5),
(6334,5),
(6334,11),
(6337,5),
(6338,5),
(6338,10),
(6338,11),
(6340,13),
(6343,10),
(6355,10),
(6360,5),
(6360,9),
(6361,5),
(6361,9),
(6363,5),
(6363,11),
(6364,5),
(6365,5),
(6366,11),
(6371,5),
(6372,5),
(6379,10),
(6384,5),
(6386,5),
(6389,5),
(6389,10),
(6391,5),
(6402,5),
(6410,5),
(6412,5),
(6412,11),
(6413,5),
(6414,5),
(6418,5),
(6421,5),
(6423,5),
(6424,5),
(6426,9),
(6428,5),
(6430,5),
(6433,5),
(6437,5),
(6437,11),
(6438,5),
(6438,10),
(6439,5),
(6440,5),
(6440,11),
(6442,5),
(6447,5),
(6447,11),
(6449,5),
(6449,10),
(6449,11),
(6454,5),
(6454,13),
(6461,5),
(6465,5),
(6467,5),
(6467,11),
(6469,5),
(6469,11),
(6472,5),
(6472,11),
(6487,5),
(6489,10),
(6491,5),
(6491,9),
(6494,5),
(6500,5),
(6500,10),
(6509,5),
(6511,5),
(6511,11),
(6511,13),
(6514,5),
(6515,5),
(6518,5),
(6518,11),
(6519,5),
(6519,9),
(6528,10),
(6531,5),
(6531,11),
(6533,5),
(6535,5),
(6535,10),
(6535,11),
(6544,13),
(6546,5),
(6546,11),
(6548,5),
(6548,10),
(6552,5),
(6552,10),
(6552,11),
(6553,66),
(6555,5),
(6556,5),
(6556,10),
(6556,11),
(6561,5),
(6565,5),
(6570,5),
(6572,5),
(6573,5),
(6577,5),
(6577,9),
(6580,5),
(6584,5),
(6586,5),
(6586,11),
(6588,10),
(6589,5),
(6589,10),
(6598,5),
(6607,5),
(6607,11),
(6609,5),
(6609,9),
(6613,5),
(6615,5),
(6615,10),
(6619,5),
(6624,5),
(6628,5),
(6629,5),
(6631,5),
(6633,5),
(6633,10),
(6633,11),
(6636,5),
(6641,5),
(6646,5),
(6646,9),
(6646,11),
(6647,5),
(6647,9),
(6647,11),
(6647,13),
(6650,5),
(6650,10),
(6650,11),
(6652,5),
(6652,11),
(6654,5),
(6654,10),
(6659,5),
(6659,9),
(6659,10),
(6659,11),
(6668,5),
(6668,10),
(6668,11),
(6671,5),
(6671,11),
(6673,5),
(6677,5),
(6677,11),
(6678,5),
(6681,5),
(6681,10),
(6682,5),
(6685,5),
(6685,11),
(6698,13),
(6699,5),
(6700,5),
(6701,5),
(6705,5),
(6705,13),
(6708,5),
(6708,10),
(6709,5),
(6709,9),
(6710,5),
(6715,5),
(6715,10),
(6717,5),
(6717,10),
(6718,5),
(6719,5),
(6719,11),
(6722,5),
(6728,5),
(6729,5),
(6729,11),
(6730,5),
(6731,5),
(6731,11),
(6738,5),
(6738,11),
(6738,27),
(6739,5),
(6752,5),
(6756,5),
(6756,10),
(6759,5),
(6759,11),
(6766,5),
(6767,5),
(6767,10),
(6767,11),
(6768,5),
(6770,5),
(6770,11),
(6771,5),
(6771,11),
(6773,5),
(6786,5),
(6789,10),
(6789,11),
(6792,5),
(6795,5),
(6795,10),
(6795,11),
(6799,10),
(6800,5),
(6800,11),
(6800,13),
(6801,5),
(6804,5);
/*!40000 ALTER TABLE `user_type_link` ENABLE KEYS */;
UNLOCK TABLES;

--
-- Table structure for table `vc`
--

DROP TABLE IF EXISTS `vc`;
/*!40101 SET @saved_cs_client     = @@character_set_client */;
/*!40101 SET character_set_client = utf8 */;
CREATE TABLE `vc` (
  `id` int(11) NOT NULL AUTO_INCREMENT,
  `name` varchar(255) DEFAULT NULL,
  PRIMARY KEY (`id`)
) ENGINE=InnoDB AUTO_INCREMENT=66 DEFAULT CHARSET=utf8mb4;
/*!40101 SET character_set_client = @saved_cs_client */;

--
-- Dumping data for table `vc`
--

LOCK TABLES `vc` WRITE;
/*!40000 ALTER TABLE `vc` DISABLE KEYS */;
INSERT INTO `vc` VALUES
(5,'gitea'),
(6,'gitlab'),
(7,'none'),
(11,'git'),
(12,'phabricator'),
(14,'gogs'),
(19,'cgit'),
(21,'gitolite'),
(23,'subversion'),
(24,'fossil'),
(27,'gitbucket'),
(29,'cvs'),
(34,'gerrit'),
(35,'mercurial'),
(36,'subversion '),
(49,'nexus'),
(55,'team foundation server'),
(61,'visualsvn'),
(65,'uncategorised');
/*!40000 ALTER TABLE `vc` ENABLE KEYS */;
UNLOCK TABLES;

--
-- Table structure for table `vc_link`
--

DROP TABLE IF EXISTS `vc_link`;
/*!40101 SET @saved_cs_client     = @@character_set_client */;
/*!40101 SET character_set_client = utf8 */;
CREATE TABLE `vc_link` (
  `response` int(11) NOT NULL,
  `entity` int(11) NOT NULL,
  PRIMARY KEY (`response`,`entity`),
  KEY `entity` (`entity`),
  CONSTRAINT `vc_link_ibfk_1` FOREIGN KEY (`response`) REFERENCES `responses` (`id`) ON DELETE CASCADE ON UPDATE CASCADE,
  CONSTRAINT `vc_link_ibfk_2` FOREIGN KEY (`entity`) REFERENCES `vc` (`id`) ON DELETE CASCADE ON UPDATE CASCADE
) ENGINE=InnoDB DEFAULT CHARSET=utf8mb4;
/*!40101 SET character_set_client = @saved_cs_client */;

--
-- Dumping data for table `vc_link`
--

LOCK TABLES `vc_link` WRITE;
/*!40000 ALTER TABLE `vc_link` DISABLE KEYS */;
INSERT INTO `vc_link` VALUES
(4726,5),
(4727,6),
(4728,5),
(4729,6),
(4730,7),
(4731,7),
(4732,5),
(4732,6),
(4732,65),
(4733,65),
(4734,7),
(4735,5),
(4736,7),
(4737,6),
(4738,6),
(4740,5),
(4741,7),
(4742,7),
(4743,5),
(4744,7),
(4745,6),
(4746,6),
(4747,7),
(4748,5),
(4749,7),
(4750,7),
(4751,5),
(4752,6),
(4753,7),
(4754,7),
(4755,7),
(4756,7),
(4757,7),
(4758,7),
(4760,7),
(4761,5),
(4762,7),
(4763,7),
(4765,7),
(4766,7),
(4767,7),
(4768,5),
(4769,6),
(4770,7),
(4771,6),
(4772,7),
(4773,6),
(4774,65),
(4775,7),
(4776,7),
(4777,6),
(4778,6),
(4778,65),
(4779,5),
(4780,7),
(4781,5),
(4782,5),
(4785,5),
(4786,7),
(4787,6),
(4788,5),
(4789,5),
(4790,7),
(4791,5),
(4792,5),
(4793,7),
(4794,7),
(4795,6),
(4796,7),
(4797,6),
(4798,7),
(4799,7),
(4800,7),
(4801,7),
(4802,7),
(4803,7),
(4804,7),
(4805,7),
(4806,65),
(4807,65),
(4808,6),
(4809,7),
(4810,7),
(4811,6),
(4812,5),
(4813,11),
(4814,65),
(4815,65),
(4816,7),
(4817,7),
(4818,7),
(4819,5),
(4820,5),
(4821,7),
(4822,7),
(4823,7),
(4824,65),
(4825,7),
(4826,6),
(4827,6),
(4828,5),
(4829,5),
(4829,6),
(4830,12),
(4831,7),
(4832,7),
(4833,7),
(4834,6),
(4835,6),
(4836,7),
(4837,7),
(4838,7),
(4839,7),
(4840,7),
(4841,5),
(4842,5),
(4843,5),
(4843,6),
(4844,65),
(4845,6),
(4845,65),
(4846,7),
(4847,5),
(4848,5),
(4849,7),
(4850,6),
(4852,5),
(4853,5),
(4854,65),
(4855,7),
(4856,6),
(4857,7),
(4858,6),
(4859,7),
(4860,5),
(4861,6),
(4862,7),
(4863,5),
(4864,7),
(4865,6),
(4866,6),
(4867,6),
(4868,5),
(4869,7),
(4870,7),
(4872,7),
(4873,7),
(4874,6),
(4875,7),
(4876,5),
(4877,65),
(4878,7),
(4879,7),
(4880,7),
(4881,6),
(4882,7),
(4883,7),
(4884,7),
(4885,6),
(4886,6),
(4887,14),
(4888,7),
(4889,6),
(4890,6),
(4891,7),
(4892,7),
(4893,11),
(4894,7),
(4895,5),
(4896,6),
(4896,65),
(4897,6),
(4898,65),
(4899,5),
(4900,5),
(4901,7),
(4902,7),
(4903,6),
(4904,7),
(4905,7),
(4906,6),
(4907,7),
(4908,7),
(4909,5),
(4910,7),
(4911,7),
(4912,7),
(4913,7),
(4914,5),
(4915,7),
(4916,6),
(4917,7),
(4918,6),
(4919,7),
(4920,5),
(4921,7),
(4922,5),
(4923,5),
(4924,5),
(4925,65),
(4926,5),
(4927,6),
(4928,65),
(4929,6),
(4930,7),
(4931,7),
(4932,7),
(4933,7),
(4935,6),
(4936,5),
(4937,6),
(4938,65),
(4939,6),
(4940,6),
(4941,6),
(4942,7),
(4943,7),
(4944,7),
(4945,65),
(4947,6),
(4948,7),
(4949,5),
(4950,6),
(4951,7),
(4952,65),
(4953,7),
(4955,7),
(4956,7),
(4957,5),
(4958,6),
(4958,65),
(4959,7),
(4960,5),
(4961,65),
(4962,7),
(4963,7),
(4964,7),
(4965,6),
(4966,5),
(4966,6),
(4967,7),
(4968,5),
(4969,6),
(4970,7),
(4971,5),
(4972,7),
(4973,7),
(4974,7),
(4975,6),
(4976,5),
(4977,7),
(4978,7),
(4979,11),
(4980,7),
(4981,6),
(4982,5),
(4983,6),
(4983,65),
(4984,5),
(4985,5),
(4986,7),
(4987,7),
(4988,5),
(4989,6),
(4990,7),
(4991,5),
(4992,65),
(4993,7),
(4994,6),
(4995,7),
(4996,6),
(4997,7),
(4998,7),
(4999,6),
(4999,19),
(5000,7),
(5001,5),
(5002,7),
(5003,7),
(5004,5),
(5005,7),
(5006,7),
(5007,7),
(5008,6),
(5009,7),
(5010,6),
(5011,7),
(5012,6),
(5012,7),
(5013,5),
(5013,6),
(5013,65),
(5014,5),
(5015,7),
(5016,7),
(5017,7),
(5018,5),
(5019,5),
(5019,11),
(5020,65),
(5021,5),
(5022,6),
(5023,5),
(5024,65),
(5025,6),
(5026,5),
(5026,21),
(5027,11),
(5028,6),
(5028,65),
(5029,7),
(5030,5),
(5031,7),
(5032,5),
(5033,7),
(5034,6),
(5035,6),
(5036,7),
(5037,5),
(5037,11),
(5038,5),
(5039,7),
(5040,5),
(5041,7),
(5042,7),
(5043,7),
(5044,7),
(5045,5),
(5046,5),
(5047,7),
(5048,6),
(5049,5),
(5050,7),
(5051,5),
(5052,7),
(5053,7),
(5054,7),
(5055,7),
(5056,7),
(5057,7),
(5058,11),
(5059,7),
(5060,23),
(5061,6),
(5062,7),
(5063,7),
(5064,7),
(5065,5),
(5066,14),
(5067,24),
(5068,6),
(5069,5),
(5070,7),
(5071,6),
(5072,5),
(5072,65),
(5073,5),
(5074,7),
(5075,7),
(5076,7),
(5077,7),
(5078,65),
(5079,7),
(5080,7),
(5081,5),
(5082,5),
(5083,7),
(5084,65),
(5085,7),
(5086,6),
(5087,6),
(5088,6),
(5089,6),
(5090,7),
(5091,7),
(5092,5),
(5093,7),
(5094,7),
(5095,5),
(5096,7),
(5097,5),
(5098,7),
(5099,5),
(5100,7),
(5101,6),
(5102,6),
(5103,65),
(5104,7),
(5105,11),
(5106,65),
(5107,65),
(5108,5),
(5109,5),
(5109,6),
(5110,7),
(5111,7),
(5112,7),
(5113,6),
(5114,5),
(5115,6),
(5116,11),
(5117,7),
(5118,6),
(5119,5),
(5119,6),
(5120,7),
(5121,5),
(5121,27),
(5122,6),
(5123,5),
(5124,5),
(5125,5),
(5126,6),
(5127,7),
(5129,5),
(5130,6),
(5131,7),
(5132,6),
(5133,5),
(5134,7),
(5135,7),
(5136,7),
(5137,5),
(5138,36),
(5139,6),
(5139,29),
(5140,6),
(5141,65),
(5142,7),
(5143,7),
(5145,7),
(5146,6),
(5147,7),
(5148,5),
(5149,65),
(5150,7),
(5151,7),
(5152,7),
(5153,7),
(5154,7),
(5155,6),
(5157,5),
(5158,5),
(5159,7),
(5160,5),
(5161,7),
(5162,7),
(5163,65),
(5165,5),
(5165,65),
(5166,6),
(5167,6),
(5168,7),
(5169,7),
(5170,7),
(5171,5),
(5172,11),
(5173,11),
(5175,7),
(5176,7),
(5177,7),
(5178,6),
(5179,14),
(5180,24),
(5181,65),
(5182,5),
(5182,34),
(5183,7),
(5184,35),
(5185,7),
(5186,7),
(5187,5),
(5188,6),
(5189,6),
(5190,7),
(5191,7),
(5192,7),
(5194,7),
(5195,7),
(5196,5),
(5197,6),
(5198,65),
(5199,6),
(5200,6),
(5201,7),
(5202,5),
(5202,6),
(5202,65),
(5203,7),
(5204,5),
(5205,7),
(5206,7),
(5207,5),
(5208,7),
(5209,6),
(5210,7),
(5211,7),
(5212,7),
(5213,65),
(5214,7),
(5215,7),
(5216,7),
(5217,7),
(5218,7),
(5219,6),
(5220,7),
(5221,6),
(5222,7),
(5223,35),
(5224,5),
(5225,5),
(5225,6),
(5226,5),
(5227,7),
(5228,6),
(5229,5),
(5230,14),
(5231,6),
(5232,6),
(5233,7),
(5234,6),
(5235,6),
(5236,7),
(5237,6),
(5238,7),
(5239,7),
(5240,5),
(5242,5),
(5243,7),
(5244,5),
(5245,6),
(5246,6),
(5247,5),
(5247,65),
(5248,7),
(5249,5),
(5250,7),
(5251,7),
(5252,6),
(5253,6),
(5255,7),
(5256,5),
(5256,36),
(5257,6),
(5258,7),
(5259,7),
(5260,7),
(5261,7),
(5262,5),
(5263,5),
(5264,7),
(5265,7),
(5266,7),
(5267,7),
(5268,7),
(5269,7),
(5270,7),
(5271,7),
(5272,7),
(5273,6),
(5274,5),
(5275,6),
(5276,7),
(5277,7),
(5278,5),
(5279,6),
(5280,7),
(5281,65),
(5282,7),
(5283,7),
(5284,7),
(5285,6),
(5286,7),
(5287,6),
(5288,7),
(5289,7),
(5290,5),
(5291,5),
(5292,7),
(5293,5),
(5294,7),
(5295,7),
(5296,7),
(5297,7),
(5298,6),
(5299,7),
(5300,6),
(5301,6),
(5302,65),
(5303,7),
(5304,7),
(5306,14),
(5307,7),
(5308,5),
(5309,7),
(5310,7),
(5311,5),
(5312,5),
(5313,11),
(5314,5),
(5315,5),
(5316,7),
(5317,7),
(5318,6),
(5319,7),
(5320,7),
(5321,5),
(5321,65),
(5322,5),
(5323,7),
(5324,7),
(5325,5),
(5326,5),
(5327,5),
(5328,6),
(5329,7),
(5330,7),
(5331,7),
(5332,7),
(5333,5),
(5334,7),
(5335,6),
(5336,7),
(5338,5),
(5339,7),
(5341,6),
(5342,7),
(5343,14),
(5344,7),
(5345,6),
(5346,6),
(5347,6),
(5348,65),
(5349,7),
(5350,7),
(5351,65),
(5352,7),
(5353,7),
(5354,7),
(5355,7),
(5356,6),
(5357,7),
(5358,6),
(5359,5),
(5360,7),
(5361,7),
(5362,5),
(5363,7),
(5364,5),
(5365,6),
(5366,7),
(5367,7),
(5368,7),
(5369,5),
(5370,6),
(5371,7),
(5372,11),
(5373,6),
(5373,65),
(5374,65),
(5375,7),
(5376,6),
(5377,7),
(5378,7),
(5379,7),
(5380,65),
(5381,23),
(5382,11),
(5383,5),
(5384,7),
(5385,5),
(5386,7),
(5387,7),
(5388,7),
(5389,7),
(5390,7),
(5391,5),
(5392,6),
(5393,11),
(5394,5),
(5395,7),
(5396,7),
(5397,7),
(5398,7),
(5399,7),
(5400,7),
(5401,7),
(5402,6),
(5403,5),
(5404,7),
(5405,7),
(5406,65),
(5407,5),
(5408,7),
(5409,7),
(5410,7),
(5412,7),
(5413,7),
(5414,5),
(5415,7),
(5416,7),
(5417,6),
(5418,5),
(5419,7),
(5420,7),
(5421,7),
(5422,7),
(5424,7),
(5425,7),
(5426,65),
(5427,5),
(5428,5),
(5429,7),
(5430,7),
(5431,6),
(5432,5),
(5433,7),
(5434,6),
(5435,5),
(5436,5),
(5437,7),
(5438,5),
(5439,7),
(5440,7),
(5441,6),
(5442,7),
(5443,6),
(5444,11),
(5445,5),
(5446,5),
(5447,7),
(5448,6),
(5449,5),
(5450,6),
(5451,7),
(5452,7),
(5453,5),
(5454,7),
(5455,6),
(5456,65),
(5457,5),
(5458,7),
(5459,65),
(5460,7),
(5461,6),
(5462,5),
(5462,6),
(5463,6),
(5463,36),
(5464,7),
(5465,11),
(5466,7),
(5467,65),
(5468,7),
(5469,65),
(5470,7),
(5471,5),
(5472,6),
(5473,7),
(5474,6),
(5475,5),
(5475,6),
(5476,6),
(5477,7),
(5478,7),
(5479,7),
(5480,6),
(5481,7),
(5482,7),
(5483,7),
(5484,7),
(5485,5),
(5486,6),
(5487,7),
(5488,5),
(5489,7),
(5490,7),
(5491,7),
(5492,6),
(5492,65),
(5493,6),
(5494,7),
(5495,6),
(5496,7),
(5497,6),
(5498,7),
(5499,7),
(5500,6),
(5501,5),
(5501,6),
(5502,6),
(5503,7),
(5504,6),
(5505,7),
(5506,7),
(5507,65),
(5508,7),
(5509,7),
(5510,7),
(5511,7),
(5512,7),
(5513,7),
(5514,5),
(5515,7),
(5516,7),
(5517,7),
(5518,7),
(5519,5),
(5520,7),
(5521,5),
(5522,5),
(5523,7),
(5524,11),
(5525,6),
(5526,6),
(5527,7),
(5528,6),
(5529,7),
(5530,5),
(5531,5),
(5532,7),
(5534,7),
(5535,7),
(5536,7),
(5537,7),
(5538,65),
(5539,6),
(5540,7),
(5541,7),
(5542,7),
(5543,14),
(5544,7),
(5545,7),
(5546,7),
(5547,5),
(5548,7),
(5549,5),
(5550,5),
(5551,6),
(5552,65),
(5553,5),
(5555,7),
(5556,6),
(5557,7),
(5558,6),
(5559,5),
(5560,5),
(5561,5),
(5562,6),
(5563,6),
(5564,6),
(5565,5),
(5566,65),
(5567,6),
(5568,7),
(5569,6),
(5569,65),
(5570,7),
(5571,65),
(5572,7),
(5573,6),
(5574,6),
(5574,11),
(5575,5),
(5576,7),
(5577,5),
(5578,5),
(5579,7),
(5580,5),
(5581,5),
(5582,7),
(5583,5),
(5584,5),
(5585,7),
(5586,6),
(5587,7),
(5588,6),
(5589,6),
(5590,7),
(5591,6),
(5592,7),
(5593,7),
(5594,7),
(5595,7),
(5596,5),
(5597,5),
(5598,7),
(5599,7),
(5600,7),
(5601,7),
(5602,5),
(5603,7),
(5604,5),
(5605,7),
(5606,5),
(5607,7),
(5608,7),
(5609,6),
(5610,7),
(5611,6),
(5612,5),
(5613,65),
(5614,7),
(5615,65),
(5616,5),
(5617,5),
(5619,7),
(5620,6),
(5621,6),
(5622,7),
(5623,7),
(5624,11),
(5625,5),
(5626,5),
(5627,7),
(5628,7),
(5629,5),
(5630,7),
(5631,6),
(5632,7),
(5632,65),
(5633,5),
(5634,11),
(5635,7),
(5636,7),
(5637,6),
(5638,7),
(5639,7),
(5640,7),
(5641,6),
(5642,7),
(5643,7),
(5644,7),
(5645,7),
(5646,6),
(5647,6),
(5648,5),
(5649,6),
(5650,7),
(5652,5),
(5653,5),
(5654,6),
(5655,7),
(5656,7),
(5657,7),
(5658,6),
(5659,5),
(5660,5),
(5661,7),
(5662,5),
(5663,5),
(5664,7),
(5665,6),
(5666,7),
(5667,7),
(5668,7),
(5669,6),
(5671,5),
(5672,7),
(5674,5),
(5675,6),
(5676,5),
(5676,65),
(5677,65),
(5678,7),
(5679,7),
(5680,5),
(5681,7),
(5682,6),
(5683,6),
(5684,6),
(5685,7),
(5686,7),
(5687,7),
(5688,7),
(5689,7),
(5690,5),
(5691,7),
(5692,7),
(5693,7),
(5694,7),
(5695,6),
(5695,65),
(5696,5),
(5697,5),
(5698,5),
(5699,6),
(5700,65),
(5701,5),
(5702,6),
(5703,7),
(5704,7),
(5705,5),
(5707,6),
(5708,6),
(5709,7),
(5710,11),
(5711,7),
(5712,6),
(5713,5),
(5714,7),
(5715,5),
(5716,5),
(5716,6),
(5717,7),
(5718,7),
(5719,5),
(5720,5),
(5721,5),
(5721,6),
(5722,7),
(5723,7),
(5724,7),
(5725,7),
(5726,7),
(5727,5),
(5728,5),
(5728,49),
(5729,6),
(5730,5),
(5731,65),
(5732,11),
(5733,7),
(5734,7),
(5735,11),
(5736,7),
(5737,7),
(5738,7),
(5739,7),
(5740,6),
(5741,7),
(5742,7),
(5743,5),
(5744,5),
(5745,11),
(5746,7),
(5747,5),
(5749,7),
(5750,5),
(5751,5),
(5751,6),
(5752,7),
(5753,6),
(5754,6),
(5755,6),
(5756,7),
(5757,6),
(5758,7),
(5760,6),
(5761,65),
(5762,6),
(5762,7),
(5763,7),
(5764,6),
(5765,7),
(5766,6),
(5767,6),
(5768,11),
(5769,65),
(5770,7),
(5771,65),
(5772,7),
(5773,7),
(5774,7),
(5775,65),
(5776,23),
(5777,6),
(5778,11),
(5779,7),
(5780,7),
(5781,6),
(5782,7),
(5783,5),
(5784,7),
(5785,7),
(5786,7),
(5787,7),
(5789,6),
(5790,7),
(5791,7),
(5792,7),
(5793,5),
(5794,5),
(5795,7),
(5796,7),
(5797,7),
(5798,65),
(5799,5),
(5800,7),
(5801,7),
(5802,7),
(5803,7),
(5804,5),
(5805,7),
(5806,6),
(5808,5),
(5809,7),
(5810,7),
(5811,6),
(5812,7),
(5813,6),
(5814,7),
(5816,7),
(5817,7),
(5818,6),
(5820,7),
(5821,7),
(5822,6),
(5823,7),
(5824,5),
(5825,7),
(5826,6),
(5827,7),
(5828,7),
(5829,5),
(5829,6),
(5830,7),
(5831,7),
(5832,7),
(5833,7),
(5834,7),
(5835,65),
(5836,7),
(5837,65),
(5838,6),
(5838,7),
(5839,6),
(5840,7),
(5841,7),
(5842,6),
(5843,6),
(5844,7),
(5845,7),
(5846,7),
(5847,6),
(5848,7),
(5850,7),
(5851,7),
(5852,7),
(5853,7),
(5854,65),
(5855,7),
(5856,7),
(5858,7),
(5859,7),
(5860,7),
(5861,6),
(5862,6),
(5864,65),
(5865,7),
(5866,7),
(5867,7),
(5868,65),
(5869,6),
(5870,65),
(5871,5),
(5872,5),
(5873,5),
(5874,6),
(5875,5),
(5875,6),
(5875,12),
(5876,11),
(5877,6),
(5878,7),
(5879,6),
(5880,6),
(5881,7),
(5882,6),
(5883,5),
(5884,5),
(5884,6),
(5885,7),
(5886,5),
(5887,6),
(5888,6),
(5889,7),
(5890,7),
(5891,7),
(5892,65),
(5893,6),
(5894,5),
(5895,6),
(5895,7),
(5896,5),
(5897,27),
(5898,6),
(5899,6),
(5900,6),
(5901,7),
(5902,65),
(5903,7),
(5904,7),
(5905,7),
(5906,6),
(5908,7),
(5909,6),
(5911,7),
(5912,7),
(5913,6),
(5914,14),
(5915,7),
(5916,6),
(5917,11),
(5918,7),
(5919,7),
(5920,55),
(5921,65),
(5922,7),
(5923,6),
(5924,5),
(5925,7),
(5926,7),
(5929,7),
(5930,7),
(5931,5),
(5932,5),
(5932,6),
(5933,5),
(5934,21),
(5935,7),
(5936,7),
(5937,7),
(5938,6),
(5939,65),
(5940,7),
(5941,7),
(5942,5),
(5943,6),
(5944,5),
(5945,7),
(5946,7),
(5947,5),
(5948,7),
(5949,7),
(5950,6),
(5951,5),
(5952,7),
(5954,7),
(5955,7),
(5956,7),
(5957,7),
(5958,6),
(5959,5),
(5959,65),
(5964,6),
(5965,55),
(5966,6),
(5967,7),
(5968,7),
(5969,5),
(5970,5),
(5971,7),
(5975,7),
(5976,5),
(5981,5),
(5982,7),
(5985,7),
(5986,7),
(5988,6),
(5988,65),
(5992,7),
(5994,5),
(5996,6),
(5996,65),
(5998,7),
(5999,6),
(6000,5),
(6003,6),
(6005,7),
(6006,5),
(6008,5),
(6009,7),
(6010,5),
(6016,5),
(6017,5),
(6018,5),
(6021,6),
(6021,7),
(6023,6),
(6024,7),
(6026,6),
(6027,5),
(6030,7),
(6032,65),
(6036,6),
(6037,5),
(6039,7),
(6041,5),
(6042,6),
(6044,5),
(6045,7),
(6049,7),
(6050,6),
(6051,7),
(6052,65),
(6053,5),
(6054,7),
(6060,7),
(6061,5),
(6064,5),
(6068,6),
(6069,65),
(6071,6),
(6072,5),
(6074,7),
(6075,6),
(6078,7),
(6081,7),
(6088,7),
(6090,6),
(6091,7),
(6094,7),
(6096,6),
(6099,5),
(6101,7),
(6104,7),
(6105,7),
(6106,6),
(6107,7),
(6110,7),
(6111,7),
(6114,6),
(6121,6),
(6122,7),
(6125,7),
(6127,6),
(6128,5),
(6131,7),
(6136,5),
(6137,7),
(6141,7),
(6142,6),
(6143,6),
(6143,65),
(6145,65),
(6146,7),
(6147,5),
(6148,6),
(6149,7),
(6151,7),
(6152,7),
(6154,7),
(6157,7),
(6161,7),
(6163,6),
(6164,7),
(6165,7),
(6166,7),
(6167,6),
(6168,6),
(6168,11),
(6169,5),
(6175,7),
(6176,5),
(6177,36),
(6178,7),
(6181,5),
(6181,6),
(6185,7),
(6191,7),
(6192,7),
(6193,7),
(6195,5),
(6195,6),
(6198,7),
(6200,7),
(6205,7),
(6208,7),
(6211,5),
(6214,7),
(6215,5),
(6217,7),
(6219,6),
(6223,5),
(6226,7),
(6227,6),
(6230,6),
(6231,7),
(6233,7),
(6234,5),
(6235,7),
(6237,7),
(6242,7),
(6245,7),
(6251,5),
(6252,7),
(6253,6),
(6254,7),
(6256,7),
(6261,7),
(6263,6),
(6264,5),
(6268,7),
(6269,7),
(6273,65),
(6275,7),
(6281,65),
(6282,7),
(6283,6),
(6283,65),
(6284,65),
(6288,7),
(6289,6),
(6290,7),
(6291,6),
(6292,7),
(6294,6),
(6295,6),
(6299,7),
(6301,7),
(6305,7),
(6306,6),
(6312,7),
(6317,7),
(6321,7),
(6322,7),
(6323,6),
(6323,65),
(6325,6),
(6327,6),
(6328,65),
(6331,7),
(6337,7),
(6338,7),
(6340,7),
(6341,5),
(6343,6),
(6344,7),
(6352,7),
(6355,5),
(6357,7),
(6360,7),
(6361,7),
(6363,7),
(6364,5),
(6365,6),
(6365,65),
(6366,7),
(6367,5),
(6369,7),
(6371,7),
(6372,7),
(6373,7),
(6374,7),
(6377,7),
(6378,6),
(6379,7),
(6384,11),
(6385,7),
(6386,7),
(6388,7),
(6389,6),
(6389,65),
(6391,6),
(6393,7),
(6398,7),
(6402,11),
(6408,5),
(6410,7),
(6412,7),
(6413,5),
(6414,7),
(6416,6),
(6418,5),
(6421,7),
(6423,5),
(6424,6),
(6426,7),
(6428,6),
(6429,7),
(6430,7),
(6433,7),
(6437,7),
(6438,7),
(6439,7),
(6440,65),
(6442,5),
(6447,7),
(6449,7),
(6453,6),
(6453,65),
(6458,6),
(6461,7),
(6463,11),
(6465,7),
(6467,6),
(6468,7),
(6469,7),
(6471,6),
(6472,7),
(6477,7),
(6478,7),
(6480,7),
(6483,7),
(6487,7),
(6488,7),
(6489,7),
(6491,6),
(6492,7),
(6493,6),
(6494,5),
(6495,65),
(6507,6),
(6509,7),
(6511,6),
(6512,7),
(6513,5),
(6515,7),
(6518,65),
(6519,6),
(6521,7),
(6522,7),
(6523,6),
(6524,7),
(6526,7),
(6528,5),
(6530,7),
(6531,65),
(6533,7),
(6535,5),
(6536,6),
(6539,7),
(6540,7),
(6542,7),
(6543,7),
(6544,55),
(6545,7),
(6546,7),
(6547,65),
(6548,5),
(6552,7),
(6553,7),
(6555,5),
(6556,65),
(6557,65),
(6559,65),
(6561,5),
(6563,7),
(6565,6),
(6566,7),
(6567,7),
(6568,7),
(6569,65),
(6570,7),
(6571,7),
(6572,7),
(6573,6),
(6575,61),
(6576,11),
(6577,6),
(6578,6),
(6579,7),
(6580,5),
(6581,7),
(6584,7),
(6585,6),
(6586,7),
(6588,7),
(6589,7),
(6592,7),
(6593,5),
(6597,7),
(6598,6),
(6600,7),
(6602,7),
(6604,6),
(6607,6),
(6609,5),
(6610,65),
(6611,7),
(6613,7),
(6615,5),
(6618,7),
(6619,7),
(6620,7),
(6624,7),
(6628,7),
(6629,6),
(6631,5),
(6633,7),
(6636,6),
(6641,5),
(6643,5),
(6645,5),
(6646,6),
(6647,6),
(6648,7),
(6649,7),
(6650,6),
(6652,6),
(6654,7),
(6655,6),
(6657,7),
(6658,7),
(6659,6),
(6667,7),
(6668,6),
(6671,7),
(6673,7),
(6677,5),
(6678,7),
(6681,6),
(6682,6),
(6684,7),
(6685,65),
(6694,7),
(6698,7),
(6699,6),
(6700,7),
(6701,5),
(6708,7),
(6709,7),
(6710,6),
(6715,7),
(6716,5),
(6717,6),
(6718,6),
(6719,5),
(6720,5),
(6721,7),
(6722,7),
(6723,5),
(6724,7),
(6726,7),
(6728,7),
(6729,7),
(6730,7),
(6731,7),
(6733,7),
(6738,7),
(6739,6),
(6741,7),
(6745,5),
(6745,11),
(6748,6),
(6752,6),
(6753,6),
(6754,7),
(6756,7),
(6757,7),
(6759,11),
(6760,7),
(6761,5),
(6763,6),
(6766,7),
(6767,7),
(6768,7),
(6771,7),
(6774,7),
(6775,7),
(6778,7),
(6781,6),
(6784,7),
(6786,7),
(6789,5),
(6792,5),
(6795,7),
(6799,6),
(6800,6),
(6801,5),
(6804,7);
/*!40000 ALTER TABLE `vc_link` ENABLE KEYS */;
UNLOCK TABLES;
/*!40103 SET TIME_ZONE=@OLD_TIME_ZONE */;

/*!40101 SET SQL_MODE=@OLD_SQL_MODE */;
/*!40014 SET FOREIGN_KEY_CHECKS=@OLD_FOREIGN_KEY_CHECKS */;
/*!40014 SET UNIQUE_CHECKS=@OLD_UNIQUE_CHECKS */;
/*!40101 SET CHARACTER_SET_CLIENT=@OLD_CHARACTER_SET_CLIENT */;
/*!40101 SET CHARACTER_SET_RESULTS=@OLD_CHARACTER_SET_RESULTS */;
/*!40101 SET COLLATION_CONNECTION=@OLD_COLLATION_CONNECTION */;
/*!40111 SET SQL_NOTES=@OLD_SQL_NOTES */;

-- Dump completed on 2022-10-27 20:08:17
